v 0.041446 0.14328 0.033274
v -0.037191 0.14328 0.033274
v -0.037191 0.14328 0.040526
v -0.038937 0.14328 0.040925
v -0.038937 0.143255 0.0329
v -0.037202 0.143255 0.040504
v -0.037202 0.143255 0.033296
v 0.0397 0.143255 0.0329
v 0.041436 0.143255 0.033296
v -0.03579 -0.14328 0.03439
v -0.035013 -0.14328 0.036004
v -0.035038 -0.143255 0.03601
v -0.214371 -0.034455 0.1077
v -0.255535 0.020071 0.1092
v -0.256581 0.019025 0.1092
v -0.256581 0.044025 0.1092
v -0.219221 0.00753125 0.1092
v -0.231677 -0.0608814 0.1092
v -0.25101 -0.058674 0.1092
v -0.250827 -0.061146 0.1092
v -0.251009 -0.061825 0.1092
v -0.252162 -0.057522 0.1092
v -0.251002 0.058699 0.1092
v -0.230381 0.0576529 0.1092
v -0.250587 0.06025 0.1092
v -0.204605 -0.0629782 0.1092
v -0.212179 0.0666524 0.1092
v -0.253271 0.0599777 0.1092
v -0.252152 -0.01955 0.1092
v -0.252535 -0.020979 0.1092
v -0.254116 -0.0636578 0.1092
v -0.251594 -0.00642325 0.1077
v -0.242193 -0.0118677 0.1077
v -0.243898 0.0639639 0.1077
v -0.253596 -0.020366 0.108172
v -0.253377 -0.01955 0.108172
v -0.256596 0.020684 0.108172
v -0.256596 0.045684 0.108172
v -0.257193 0.045087 0.108172
v -0.252887 -0.058778 0.10775
v -0.252264 -0.0611 0.10775
v -0.252037 0.06025 0.10775
v -0.270036 0.0135 0.0922
v -0.270036 0.0135 0.0922
v -0.270036 0.0135 0.0922
v -0.2691 0.013759 0.0938
v -0.2691 0.014164 0.093679
v -0.2691 0.014524 0.093456
v -0.2691 0.0119 0.092459
v -0.2691 0.011887 0.092036
v -0.2691 0.014814 0.093149
v -0.270036 -0.0135 0.0922
v -0.270036 -0.0135 0.0922
v -0.270036 -0.0135 0.0922
v -0.2691 -0.012889 0.090698
v -0.2691 -0.015108 0.091999
v -0.2691 -0.015002 0.091589
v -0.2691 -0.015106 0.092422
v -0.2691 -0.014792 0.091221
v -0.2691 -0.013299 0.090592
v -0.264884 -0.014449 0.093508
v -0.264884 -0.014473 0.093486
v -0.264884 -0.014735 0.093243
v -0.264884 -0.01477 0.093188
v -0.264884 -0.01477 0.093188
v -0.264884 -0.01191 0.09198
v -0.264884 -0.011884 0.092238
v -0.264884 -0.011941 0.092624
v -0.264884 -0.012014 0.092804
v -0.264884 -0.012014 0.092804
v -0.264884 -0.012087 0.092985
v -0.2645 -0.015292 0.093087
v -0.2645 -0.015028 0.09349
v -0.2645 -0.015028 0.09349
v -0.2645 -0.014675 0.093818
v -0.2645 -0.011752 0.093171
v -0.2645 -0.011752 0.093171
v -0.2645 -0.01157 0.092725
v -0.2645 -0.011501 0.092248
v -0.212494 0.08803 0.092278
v -0.212769 0.08803 0.091828
v -0.213127 0.08803 0.091441
v -0.213224 0.088207 0.092383
v -0.214258 0.088207 0.091561
v -0.214695 0.088207 0.091462
v -0.21322 0.088207 0.094511
v -0.213156 0.087822 0.091474
v -0.212805 0.087822 0.091855
v -0.212534 0.087822 0.092297
v -0.213541 0.087828 0.09431
v -0.213558 0.087828 0.094331
v -0.214737 0.087828 0.091839
v -0.214573 0.087828 0.091876
v -0.214383 0.087828 0.091919
v -0.214207 0.087828 0.092003
v -0.213614 0.087828 0.092498
v -0.213544 0.087828 0.092585
v -0.216526 0.085816 0.093635
v -0.216513 0.085816 0.093689
v -0.21595 0.085816 0.094685
v -0.215775 0.085816 0.094824
v -0.216902 0.085437 0.093678
v -0.215976 0.085437 0.095146
v -0.21803 0.085673 0.095855
v -0.211987 0.085437 0.091189
v -0.211987 0.085437 0.091189
v -0.211655 0.085437 0.091702
v -0.217431 0.085437 0.096162
v -0.217843 0.085437 0.095711
v -0.211447 0.085673 0.091591
v -0.211447 0.085673 0.091591
v -0.2118 0.085673 0.091045
v -0.236229 0.08803 0.093599
v -0.236252 0.08803 0.093072
v -0.23775 0.08803 0.091026
v -0.23631 0.08803 0.09412
v -0.236944 0.088207 0.093114
v -0.237068 0.088207 0.092683
v -0.237068 0.088207 0.092683
v -0.237068 0.088207 0.092683
v -0.237285 0.088207 0.092291
v -0.237285 0.088207 0.092291
v -0.237285 0.088207 0.092291
v -0.237583 0.088207 0.091958
v -0.238363 0.088207 0.091528
v -0.238804 0.088207 0.091453
v -0.238804 0.088207 0.091453
v -0.238256 0.087822 0.090888
v -0.237769 0.087822 0.091066
v -0.236296 0.087822 0.093078
v -0.236274 0.087822 0.093596
v -0.236353 0.087822 0.094109
v -0.238825 0.087828 0.091831
v -0.238633 0.087828 0.091864
v -0.238633 0.087828 0.091864
v -0.23765 0.087828 0.092449
v -0.237594 0.087828 0.092511
v -0.237445 0.087828 0.09278
v -0.237445 0.087828 0.09278
v -0.237445 0.087828 0.09278
v -0.237325 0.087828 0.093151
v -0.237418 0.087828 0.092829
v -0.240534 0.085816 0.09336
v -0.240513 0.085816 0.093723
v -0.240181 0.085816 0.094451
v -0.239994 0.085816 0.094659
v -0.239994 0.085816 0.094659
v -0.239903 0.085816 0.094724
v -0.240887 0.085437 0.093786
v -0.240247 0.085437 0.094942
v -0.240247 0.085437 0.094942
v -0.242702 0.085673 0.09452
v -0.242474 0.085673 0.095128
v -0.235355 0.085437 0.092444
v -0.242261 0.085437 0.095028
v -0.235004 0.085673 0.093018
v -0.235128 0.085673 0.09238
v -0.212246 -0.090532 0.093787
v -0.212232 -0.090532 0.09326
v -0.213207 -0.09071 0.092409
v -0.213019 -0.09071 0.092815
v -0.212925 -0.09071 0.093253
v -0.212291 -0.090325 0.093782
v -0.213308 -0.090331 0.093263
v -0.213531 -0.090331 0.092606
v -0.213582 -0.090331 0.09254
v -0.214923 -0.088319 0.095061
v -0.215118 -0.088319 0.095058
v -0.216077 -0.088319 0.094581
v -0.216248 -0.088319 0.09436
v -0.215166 -0.08794 0.095434
v -0.216348 -0.08794 0.094845
v -0.212367 -0.088176 0.090452
v -0.211062 -0.088176 0.092649
v -0.210983 -0.088176 0.093294
v -0.210983 -0.088176 0.093294
v -0.211011 -0.088176 0.093943
v -0.211011 -0.088176 0.093943
v -0.212088 -0.08794 0.091064
v -0.211372 -0.08794 0.094512
v -0.211245 -0.08794 0.093914
v -0.211219 -0.08794 0.093303
v -0.21252 -0.08794 0.090631
v -0.211146 -0.088176 0.094579
v -0.23715 -0.090532 0.09142
v -0.236788 -0.090532 0.091803
v -0.241323 -0.090532 0.09465
v -0.24151 -0.090532 0.094157
v -0.241466 -0.090532 0.092596
v -0.241466 -0.090532 0.092596
v -0.24125 -0.090532 0.092115
v -0.238227 -0.09071 0.091572
v -0.237827 -0.09071 0.091772
v -0.237481 -0.09071 0.092056
v -0.237481 -0.09071 0.092056
v -0.237018 -0.09071 0.092817
v -0.236925 -0.09071 0.093255
v -0.236925 -0.09071 0.093255
v -0.236823 -0.090325 0.091831
v -0.241211 -0.090325 0.092137
v -0.241211 -0.090325 0.092137
v -0.241423 -0.090325 0.09261
v -0.241467 -0.090325 0.094145
v -0.237302 -0.090331 0.093292
v -0.237348 -0.090331 0.093073
v -0.237348 -0.090331 0.093073
v -0.237752 -0.090331 0.09232
v -0.23799 -0.090331 0.092125
v -0.23799 -0.090331 0.092125
v -0.238358 -0.090331 0.091928
v -0.238333 -0.090331 0.09194
v -0.240526 -0.088319 0.093441
v -0.240526 -0.088319 0.093441
v -0.240528 -0.088319 0.093608
v -0.240482 -0.088319 0.093827
v -0.240078 -0.088319 0.09458
v -0.23984 -0.088319 0.094775
v -0.23912 -0.088319 0.095058
v -0.238757 -0.088319 0.095063
v -0.239168 -0.08794 0.095434
v -0.240003 -0.08794 0.095128
v -0.24035 -0.08794 0.094844
v -0.240812 -0.08794 0.094083
v -0.240906 -0.08794 0.093645
v -0.240906 -0.08794 0.093645
v -0.240906 -0.08794 0.093645
v -0.240899 -0.08794 0.093197
v -0.237282 -0.08794 0.090131
v -0.235743 -0.08794 0.095352
v -0.235899 -0.08794 0.091309
v -0.235899 -0.08794 0.091309
v -0.236293 -0.08794 0.090841
v -0.236758 -0.08794 0.090445
v -0.237177 -0.088176 0.089919
v -0.236125 -0.088176 0.090675
v -0.236125 -0.088176 0.090675
v -0.235707 -0.088176 0.091172
v -0.235253 -0.088176 0.09489
v -0.23554 -0.088176 0.095473
v -0.208507 -0.064961 0.108292
v -0.207938 -0.066415 0.108292
v -0.207572 -0.066795 0.108292
v -0.203236 -0.06402 0.108292
v -0.204443 -0.063305 0.10847
v -0.206093 -0.062768 0.10847
v -0.20438 -0.066132 0.10847
v -0.207543 -0.066761 0.108085
v -0.208371 -0.065468 0.108085
v -0.208462 -0.064957 0.108085
v -0.203468 -0.063549 0.108085
v -0.203279 -0.064032 0.108085
v -0.206286 -0.063205 0.108091
v -0.206042 -0.063144 0.108091
v -0.204816 -0.063494 0.108091
v -0.204705 -0.063578 0.108091
v -0.204451 -0.065604 0.108091
v -0.204654 -0.06587 0.108091
v -0.206834 -0.066006 0.106079
v -0.206657 -0.066141 0.106079
v -0.206851 -0.066467 0.1057
v -0.201891 -0.064686 0.105936
v -0.201955 -0.064039 0.105936
v -0.201955 -0.064039 0.105936
v -0.202125 -0.063412 0.105936
v -0.202347 -0.063492 0.1057
v -0.202187 -0.064081 0.1057
v -0.203152 0.064453 0.108292
v -0.203145 0.064981 0.108292
v -0.208505 0.064519 0.108292
v -0.208409 0.064001 0.108292
v -0.208409 0.064001 0.108292
v -0.203469 0.063453 0.108292
v -0.204758 0.063058 0.10847
v -0.204408 0.063338 0.10847
v -0.20413 0.063689 0.10847
v -0.203936 0.064093 0.10847
v -0.203936 0.064093 0.10847
v -0.203838 0.064977 0.10847
v -0.203838 0.064977 0.10847
v -0.203938 0.065414 0.10847
v -0.20319 0.064977 0.108085
v -0.203304 0.063951 0.108085
v -0.203508 0.063474 0.108085
v -0.208173 0.063532 0.108085
v -0.208366 0.064013 0.108085
v -0.208366 0.064013 0.108085
v -0.204214 0.064571 0.108091
v -0.204294 0.064217 0.108091
v -0.204306 0.064192 0.108091
v -0.204677 0.063606 0.108091
v -0.204742 0.063553 0.108091
v -0.204742 0.063553 0.108091
v -0.20496 0.063379 0.108091
v -0.204214 0.064934 0.108091
v -0.204221 0.064961 0.108091
v -0.204221 0.064961 0.108091
v -0.207344 0.065308 0.106079
v -0.207356 0.065283 0.106079
v -0.207714 0.065407 0.1057
v -0.203496 0.061579 0.105936
v -0.203005 0.062005 0.105936
v -0.203005 0.062005 0.105936
v -0.203175 0.06217 0.1057
v -0.203175 0.06217 0.1057
v -0.202786 0.062641 0.1057
v -0.203035 0.067178 0.1057
v -0.202673 0.066686 0.1057
v -0.202472 0.06681 0.105936
v -0.236332 -0.059923 0.1077
v -0.236529 -0.059802 0.1077
v -0.236291 -0.059863 0.107719
v -0.23693 -0.059549 0.107719
v -0.237394 -0.059443 0.107719
v -0.237631 -0.059422 0.107719
v -0.236261 -0.059819 0.107772
v -0.236687 -0.059585 0.107772
v -0.236914 -0.059499 0.107772
v -0.237387 -0.05939 0.107772
v -0.240235 -0.061174 0.107772
v -0.240227 -0.062846 0.107772
v -0.240138 -0.063072 0.107772
v -0.236054 -0.05995 0.107845
v -0.23625 -0.059803 0.107845
v -0.240166 -0.060939 0.107845
v -0.240254 -0.061168 0.107845
v -0.240245 -0.062852 0.107845
v -0.239899 -0.063495 0.107772
v -0.235182 -0.06234 0.107719
v -0.235161 -0.062103 0.107719
v -0.235161 -0.062103 0.107719
v -0.235162 -0.061865 0.107719
v -0.235186 -0.061628 0.107719
v -0.235384 -0.060944 0.107719
v -0.239752 -0.063688 0.107772
v -0.238787 -0.064409 0.107772
v -0.23856 -0.064496 0.107772
v -0.236046 -0.064012 0.107772
v -0.235173 -0.062586 0.107772
v -0.235129 -0.062347 0.107772
v -0.235129 -0.062347 0.107772
v -0.235129 -0.062347 0.107772
v -0.235129 -0.062347 0.107772
v -0.235108 -0.062105 0.107772
v -0.23511 -0.061862 0.107772
v -0.235247 -0.061148 0.107772
v -0.235336 -0.060922 0.107772
v -0.239915 -0.063506 0.107845
v -0.238795 -0.064427 0.107845
v -0.236228 -0.064176 0.107845
v -0.236033 -0.064027 0.107845
v -0.235154 -0.06259 0.107845
v -0.235154 -0.06259 0.107845
v -0.23511 -0.06235 0.107845
v -0.240363 -0.061645 0.107969
v -0.240384 -0.061889 0.107969
v -0.240359 -0.062377 0.107969
v -0.240313 -0.062617 0.107969
v -0.240045 -0.063299 0.107969
v -0.239915 -0.063506 0.107969
v -0.235089 -0.062106 0.107969
v -0.23509 -0.061861 0.107969
v -0.238586 -0.059507 0.108042
v -0.238812 -0.059596 0.108042
v -0.240344 -0.061647 0.108042
v -0.24034 -0.062374 0.108042
v -0.240294 -0.062613 0.108042
v -0.240294 -0.062613 0.108042
v -0.240227 -0.062846 0.108042
v -0.240138 -0.063072 0.108042
v -0.240028 -0.063289 0.108042
v -0.240028 -0.063289 0.108042
v -0.240028 -0.063289 0.108042
v -0.238568 -0.059558 0.108095
v -0.239003 -0.059752 0.108095
v -0.239204 -0.059878 0.108095
v -0.239569 -0.060184 0.108095
v -0.239728 -0.060361 0.108095
v -0.240185 -0.061191 0.108095
v -0.240288 -0.062367 0.108095
v -0.240243 -0.0626 0.108095
v -0.240243 -0.0626 0.108095
v -0.240089 -0.063051 0.108095
v -0.240089 -0.063051 0.108095
v -0.239982 -0.063263 0.108095
v -0.238967 -0.059815 0.108114
v -0.239517 -0.060235 0.108114
v -0.240034 -0.060997 0.108114
v -0.240116 -0.061213 0.108114
v -0.235108 -0.062105 0.108042
v -0.239711 -0.063654 0.108095
v -0.239796 -0.063424 0.108114
v -0.239656 -0.063608 0.108114
v -0.237737 -0.061997 0.113267
v -0.237249 -0.061428 0.1137
v -0.237083 -0.061629 0.1137
v -0.236237 -0.061952 0.1137
v -0.236292 -0.061595 0.1137
v -0.23643 -0.06126 0.1137
v -0.236922 -0.060738 0.1137
v -0.236388 -0.062654 0.1137
v -0.23627 -0.062312 0.1137
v -0.23627 -0.062312 0.1137
v -0.238063 -0.063461 0.11
v -0.237872 -0.063483 0.11
v -0.236315 -0.062475 0.11
v -0.236278 -0.06231 0.11
v -0.236246 -0.062169 0.11
v -0.236246 -0.062169 0.11
v -0.236244 -0.061952 0.11
v -0.236305 -0.061548 0.11
v -0.236926 -0.060744 0.11
v -0.237113 -0.060633 0.11
v -0.238144 -0.06382 0.109632
v -0.239137 -0.063233 0.109145
v -0.236995 -0.063711 0.109425
v -0.236655 -0.063519 0.109425
v -0.23611 -0.06108 0.109425
v -0.23611 -0.06108 0.109425
v -0.239344 -0.061047 0.109145
v -0.239106 -0.062971 0.109238
v -0.239106 -0.062971 0.109238
v -0.238997 -0.063109 0.109238
v -0.238997 -0.063109 0.109238
v -0.238272 -0.06359 0.109238
v -0.238436 -0.063526 0.109238
v -0.236067 -0.06219 0.109238
v -0.236056 -0.062014 0.109238
v -0.236063 -0.061839 0.109238
v -0.236133 -0.061494 0.109238
v -0.236194 -0.061329 0.109238
v -0.236336 -0.060762 0.109425
v -0.236194 -0.061329 0.109332
v -0.236194 -0.061329 0.109332
v -0.236133 -0.061494 0.109332
v -0.236133 -0.061494 0.109332
v -0.236089 -0.061665 0.109332
v -0.236063 -0.061839 0.109332
v -0.236067 -0.06219 0.109332
v -0.236096 -0.062363 0.109332
v -0.236096 -0.062363 0.109332
v -0.236143 -0.062533 0.109332
v -0.236911 -0.063461 0.109332
v -0.238592 -0.063444 0.109332
v -0.238738 -0.063347 0.109332
v -0.238874 -0.063235 0.109332
v -0.238997 -0.063109 0.109332
v -0.239201 -0.062823 0.109332
v -0.236367 -0.061023 0.109238
v -0.238849 -0.060737 0.109238
v -0.239265 -0.061298 0.109238
v -0.239184 -0.061142 0.109238
v -0.239377 -0.061631 0.109238
v -0.239406 -0.061804 0.109238
v -0.239406 -0.061804 0.109238
v -0.23934 -0.0625 0.109238
v -0.236206 -0.061334 0.109285
v -0.236145 -0.061498 0.109285
v -0.236101 -0.061667 0.109285
v -0.236076 -0.06184 0.109285
v -0.236076 -0.06184 0.109285
v -0.236069 -0.062014 0.109285
v -0.236108 -0.062361 0.109285
v -0.236155 -0.062529 0.109285
v -0.238268 -0.063578 0.109285
v -0.238731 -0.063337 0.109285
v -0.238988 -0.063101 0.109285
v -0.238988 -0.063101 0.109285
v -0.23919 -0.062817 0.109285
v -0.239184 -0.061142 0.109332
v -0.23934 -0.0625 0.109332
v -0.236881 -0.06055 0.109332
v -0.236367 -0.061023 0.109332
v -0.239267 -0.06266 0.109285
v -0.239267 -0.06266 0.109285
v -0.239328 -0.062496 0.109285
v -0.239328 -0.062496 0.109285
v -0.239372 -0.062327 0.109285
v -0.239405 -0.06198 0.109285
v -0.239394 -0.061806 0.109285
v -0.239394 -0.061806 0.109285
v -0.239173 -0.061148 0.109285
v -0.239076 -0.061003 0.109285
v -0.238965 -0.060868 0.109285
v -0.23884 -0.060746 0.109285
v -0.236888 -0.060561 0.109285
v -0.236742 -0.060658 0.109285
v -0.236486 -0.060894 0.109285
v -0.236377 -0.06103 0.109285
v -0.236713 0.059711 0.1077
v -0.235923 0.063829 0.107719
v -0.235722 0.063688 0.107772
v -0.235886 0.063867 0.107772
v -0.240149 0.063047 0.107772
v -0.240235 0.06282 0.107772
v -0.2403 0.062586 0.107772
v -0.240344 0.062347 0.107772
v -0.240227 0.061148 0.107772
v -0.240166 0.063055 0.107845
v -0.240319 0.06259 0.107845
v -0.240313 0.061377 0.107845
v -0.240245 0.061142 0.107845
v -0.240045 0.060696 0.107845
v -0.239899 0.060499 0.107772
v -0.236905 0.059558 0.107719
v -0.236683 0.059645 0.107719
v -0.235905 0.060184 0.107719
v -0.235745 0.060361 0.107719
v -0.235745 0.060361 0.107719
v -0.236662 0.059596 0.107772
v -0.236239 0.059835 0.107772
v -0.235867 0.060147 0.107772
v -0.235867 0.060147 0.107772
v -0.235704 0.060327 0.107772
v -0.235559 0.060522 0.107772
v -0.235559 0.060522 0.107772
v -0.235432 0.060729 0.107772
v -0.235238 0.061174 0.107772
v -0.235173 0.061408 0.107772
v -0.239915 0.060488 0.107845
v -0.236881 0.059489 0.107845
v -0.236654 0.059579 0.107845
v -0.236435 0.059689 0.107845
v -0.236228 0.059819 0.107845
v -0.235689 0.060315 0.107845
v -0.235543 0.060511 0.107845
v -0.235543 0.060511 0.107845
v -0.23522 0.061168 0.107845
v -0.240166 0.063055 0.107969
v -0.240254 0.062826 0.107969
v -0.240383 0.061861 0.107969
v -0.240359 0.061617 0.107969
v -0.240155 0.060914 0.107969
v -0.240045 0.060696 0.107969
v -0.239915 0.060488 0.107969
v -0.239601 0.060114 0.107969
v -0.235543 0.060511 0.107969
v -0.235415 0.06072 0.107969
v -0.23511 0.061645 0.107969
v -0.235089 0.061889 0.107969
v -0.238586 0.064487 0.108042
v -0.238812 0.064398 0.108042
v -0.239235 0.06416 0.108042
v -0.239915 0.063473 0.108042
v -0.240149 0.063047 0.108042
v -0.240365 0.062105 0.108042
v -0.240364 0.061862 0.108042
v -0.240364 0.061862 0.108042
v -0.24034 0.06162 0.108042
v -0.240294 0.061382 0.108042
v -0.240138 0.060922 0.108042
v -0.240138 0.060922 0.108042
v -0.240028 0.060705 0.108042
v -0.240028 0.060705 0.108042
v -0.238568 0.064437 0.108095
v -0.239003 0.064242 0.108095
v -0.239003 0.064242 0.108095
v -0.239204 0.064116 0.108095
v -0.239728 0.063634 0.108095
v -0.239871 0.063443 0.108095
v -0.239871 0.063443 0.108095
v -0.239995 0.06324 0.108095
v -0.240288 0.061628 0.108095
v -0.240288 0.061628 0.108095
v -0.240243 0.061394 0.108095
v -0.240243 0.061394 0.108095
v -0.240176 0.061165 0.108095
v -0.240089 0.060944 0.108095
v -0.23876 0.064284 0.108114
v -0.238967 0.064179 0.108114
v -0.239811 0.063402 0.108114
v -0.240238 0.061868 0.108114
v -0.240216 0.061638 0.108114
v -0.240172 0.061411 0.108114
v -0.239899 0.060499 0.108042
v -0.239752 0.060306 0.108042
v -0.239587 0.060127 0.108042
v -0.235559 0.060522 0.108042
v -0.235129 0.061647 0.108042
v -0.239373 0.060006 0.108095
v -0.239182 0.059863 0.108095
v -0.239499 0.060217 0.108114
v -0.239327 0.060062 0.108114
v -0.239327 0.060062 0.108114
v -0.239142 0.059923 0.108114
v -0.236237 0.062042 0.1137
v -0.236237 0.062042 0.1137
v -0.236292 0.0624 0.1137
v -0.239236 0.061952 0.1137
v -0.239182 0.061595 0.1137
v -0.239043 0.06126 0.1137
v -0.236584 0.061037 0.1137
v -0.238889 0.062958 0.1137
v -0.239085 0.062654 0.1137
v -0.238625 0.063205 0.1137
v -0.236589 0.06104 0.11
v -0.236445 0.061234 0.11
v -0.236246 0.061825 0.11
v -0.236244 0.062042 0.11
v -0.236244 0.062042 0.11
v -0.236243 0.062139 0.11
v -0.236305 0.062446 0.11
v -0.236296 0.062399 0.11
v -0.238034 0.063468 0.11
v -0.237962 0.063474 0.11
v -0.238624 0.063204 0.11
v -0.238841 0.063012 0.11
v -0.238884 0.062954 0.11
v -0.239028 0.06276 0.11
v -0.239028 0.06276 0.11
v -0.239078 0.062651 0.11
v -0.239229 0.061952 0.11
v -0.239229 0.061952 0.11
v -0.23923 0.061856 0.11
v -0.239168 0.061548 0.11
v -0.239363 0.06108 0.109145
v -0.239137 0.060762 0.109145
v -0.23885 0.060498 0.109145
v -0.238144 0.060175 0.109145
v -0.238106 0.063828 0.109632
v -0.239112 0.063261 0.109632
v -0.239344 0.062947 0.109632
v -0.239344 0.062947 0.109632
v -0.239592 0.062211 0.109632
v -0.239596 0.061821 0.109632
v -0.236143 0.061462 0.109238
v -0.238874 0.06076 0.109238
v -0.238997 0.060885 0.109238
v -0.239201 0.061172 0.109238
v -0.238738 0.060648 0.109238
v -0.238103 0.060357 0.109238
v -0.237929 0.060328 0.109238
v -0.236387 0.060995 0.109238
v -0.236208 0.061298 0.109238
v -0.236208 0.061298 0.109238
v -0.236056 0.06198 0.109238
v -0.236133 0.0625 0.109332
v -0.236096 0.061631 0.109332
v -0.236067 0.061804 0.109332
v -0.236387 0.060995 0.109332
v -0.236143 0.061462 0.109332
v -0.236499 0.06086 0.109332
v -0.236625 0.060737 0.109332
v -0.236763 0.060627 0.109332
v -0.237578 0.060324 0.109332
v -0.238874 0.06076 0.109332
v -0.239417 0.062014 0.109238
v -0.238069 0.063645 0.109238
v -0.239086 0.062999 0.109238
v -0.238974 0.063134 0.109238
v -0.238849 0.063258 0.109238
v -0.239265 0.062696 0.109238
v -0.239265 0.062696 0.109238
v -0.23933 0.062533 0.109238
v -0.239384 0.061665 0.109238
v -0.239384 0.061665 0.109238
v -0.23934 0.061494 0.109238
v -0.23934 0.061494 0.109238
v -0.23934 0.061494 0.109238
v -0.239279 0.061329 0.109238
v -0.236145 0.062496 0.109285
v -0.236101 0.062327 0.109285
v -0.236076 0.062155 0.109285
v -0.236069 0.06198 0.109285
v -0.236108 0.061634 0.109285
v -0.236155 0.061466 0.109285
v -0.236155 0.061466 0.109285
v -0.236155 0.061466 0.109285
v -0.23622 0.061303 0.109285
v -0.23622 0.061303 0.109285
v -0.2363 0.061148 0.109285
v -0.236397 0.061003 0.109285
v -0.236397 0.061003 0.109285
v -0.236508 0.060868 0.109285
v -0.236508 0.060868 0.109285
v -0.236633 0.060746 0.109285
v -0.23677 0.060638 0.109285
v -0.237579 0.060336 0.109285
v -0.237754 0.060329 0.109285
v -0.238866 0.060769 0.109285
v -0.238988 0.060894 0.109285
v -0.239096 0.06103 0.109285
v -0.23919 0.061178 0.109285
v -0.238711 0.063367 0.109332
v -0.238562 0.063461 0.109332
v -0.236476 0.063109 0.109332
v -0.239267 0.061334 0.109285
v -0.239267 0.061334 0.109285
v -0.239328 0.061498 0.109285
v -0.239328 0.061498 0.109285
v -0.239328 0.061498 0.109285
v -0.239372 0.061667 0.109285
v -0.239397 0.06184 0.109285
v -0.239405 0.062014 0.109285
v -0.239318 0.062529 0.109285
v -0.239318 0.062529 0.109285
v -0.239254 0.062691 0.109285
v -0.239173 0.062846 0.109285
v -0.239076 0.062991 0.109285
v -0.238965 0.063126 0.109285
v -0.238556 0.06345 0.109285
v -0.238236 0.063589 0.109285
v -0.238067 0.063632 0.109285
v -0.236486 0.063101 0.109285
v -0.236377 0.062964 0.109285
v -0.254009 -0.029759 0.061204
v -0.253924 -0.029778 0.061204
v -0.251619 -0.032746 0.066204
v -0.251654 -0.03245 0.061204
v -0.253928 -0.0302341 0.066204
v -0.251846 -0.031758 0.061204
v -0.251851 -0.031741 0.061204
v -0.251708 -0.033754 0.061204
v -0.251695 -0.033757 0.066204
v -0.251614 -0.033184 0.061204
v -0.251614 -0.033184 0.061204
v -0.251638 -0.032747 0.061204
v -0.251638 -0.032747 0.061204
v -0.252005 -0.034593 0.061204
v -0.252065 -0.0347 0.066204
v -0.251749 -0.0334872 0.066204
v -0.252074 -0.034694 0.061204
v -0.257601 -0.035201 0.061204
v -0.257954 -0.0347 0.066204
v -0.257945 -0.034694 0.061204
v -0.258324 -0.033757 0.066204
v -0.258324 -0.033757 0.066204
v -0.258285 -0.03391 0.061204
v -0.258285 -0.03391 0.061204
v -0.258311 -0.033754 0.061204
v -0.258168 -0.031741 0.061204
v -0.258173 -0.031758 0.061204
v -0.25651 -0.0343179 0.066204
v -0.255009 -0.033 0.066204
v -0.255009 -0.059993 0.055204
v -0.252065 -0.059993 0.053504
v -0.25322 -0.059993 0.0551969
v -0.257684 -0.059993 0.053912
v -0.2584 -0.059993 0.055458
v -0.258324 -0.059993 0.054447
v -0.258324 -0.059993 0.054447
v -0.256925 -0.059993 0.058013
v -0.257297 -0.059993 0.0576685
v -0.257668 -0.059993 0.057324
v -0.257601 -0.035234 0.060708
v -0.258013 -0.038425 0.056834
v -0.257601 -0.039 0.057405
v -0.258285 -0.038336 0.056157
v -0.258404 -0.038241 0.055438
v -0.258393 -0.039 0.055457
v -0.258393 -0.039 0.055457
v -0.258285 -0.039 0.056114
v -0.258308 -0.039 0.054452
v -0.258404 -0.039 0.055388
v -0.258168 -0.031804 0.060257
v -0.258168 -0.039 0.053946
v -0.253924 -0.029857 0.06
v -0.252671 -0.037895 0.052808
v -0.252671 -0.037895 0.052808
v -0.252699 -0.039 0.052714
v -0.251851 -0.031804 0.060257
v -0.252081 -0.039 0.053512
v -0.252195 -0.037968 0.053364
v -0.252195 -0.039 0.053296
v -0.252671 -0.039 0.052736
v -0.251851 -0.039 0.053946
v -0.251654 -0.032506 0.060349
v -0.258013 -0.037859 0.056947
v -0.258285 -0.037682 0.056287
v -0.258285 -0.037682 0.056287
v -0.258404 -0.037495 0.055586
v -0.258404 -0.037495 0.055586
v -0.252671 -0.036808 0.053024
v -0.252195 -0.036953 0.053565
v -0.25574 -0.037975 0.058728
v -0.256437 -0.037885 0.058512
v -0.256437 -0.037885 0.058512
v -0.257067 -0.03774 0.058161
v -0.258013 -0.037313 0.057132
v -0.258285 -0.037052 0.056501
v -0.258285 -0.037052 0.056501
v -0.258404 -0.036774 0.055831
v -0.252671 -0.035759 0.05338
v -0.252671 -0.035759 0.05338
v -0.252195 -0.035974 0.053898
v -0.251851 -0.035371 0.054918
v -0.251654 -0.036493 0.055153
v -0.25574 -0.03766 0.058883
v -0.256437 -0.037543 0.05868
v -0.258013 -0.036796 0.057387
v -0.252671 -0.034766 0.05387
v -0.251654 -0.035725 0.055532
v -0.257067 -0.036995 0.058591
v -0.257601 -0.036687 0.05819
v -0.252671 -0.033845 0.054486
v -0.252195 -0.034186 0.05493
v -0.257067 -0.036671 0.058875
v -0.257601 -0.036314 0.058518
v -0.258285 -0.0354 0.057605
v -0.258404 -0.034887 0.057092
v -0.258404 -0.034887 0.057092
v -0.258365 -0.034368 0.056572
v -0.252671 -0.033012 0.055216
v -0.257067 -0.036387 0.059199
v -0.257601 -0.035986 0.058891
v -0.257601 -0.035986 0.058891
v -0.258013 -0.035503 0.058521
v -0.258285 -0.034961 0.058105
v -0.258285 -0.034961 0.058105
v -0.258404 -0.034386 0.057664
v -0.258404 -0.034386 0.057664
v -0.258404 -0.034386 0.057664
v -0.251851 -0.033241 0.056785
v -0.251654 -0.033803 0.057217
v -0.251654 -0.033803 0.057217
v -0.257601 -0.03571 0.059305
v -0.258285 -0.034592 0.058659
v -0.258285 -0.034592 0.058659
v -0.258285 -0.034592 0.058659
v -0.258404 -0.033963 0.058296
v -0.258404 -0.033963 0.058296
v -0.253256 -0.031281 0.056747
v -0.252671 -0.031666 0.05697
v -0.251851 -0.032714 0.057575
v -0.251851 -0.032714 0.057575
v -0.251654 -0.033327 0.057929
v -0.258285 -0.034297 0.059256
v -0.253256 -0.030765 0.057793
v -0.235962 -0.0805 0.0936
v -0.233725 -0.0805 0.0948125
v -0.233759 -0.0805 0.0918156
v -0.234237 -0.0805 0.0929
v -0.2675 0.01497 0.092085
v -0.2675 0.014955 0.09244
v -0.266975 0.015494 0.092044
v -0.26217 0.010205 0.090317
v -0.26217 0.010403 0.089998
v -0.261786 0.010577 0.090122
v -0.261786 0.01086 0.089772
v -0.26217 0.011075 0.089277
v -0.26217 0.011639 0.088896
v -0.26217 0.011847 0.088778
v -0.261786 0.011939 0.08897
v -0.26217 0.012257 0.088611
v -0.26217 0.012289 0.088598
v -0.261786 0.012356 0.0888
v -0.261786 0.012356 0.0888
v -0.26217 0.013597 0.088406
v -0.26217 0.015082 0.088745
v -0.261786 0.014994 0.088939
v -0.261786 0.015758 0.089413
v -0.261786 0.016089 0.089718
v -0.26217 0.014415 0.095881
v -0.26217 0.01425 0.095925
v -0.260528 0.011205 0.092815
v -0.2603 0.011518 0.092471
v -0.260528 0.014534 0.094339
v -0.260528 0.014794 0.094193
v -0.260793 0.016147 0.092851
v -0.260528 0.01586 0.092473
v -0.260528 0.01586 0.092473
v -0.260793 0.016208 0.092514
v -0.260793 0.016208 0.092514
v -0.260793 0.016226 0.092172
v -0.260793 0.016226 0.092172
v -0.260528 0.015876 0.092175
v -0.260528 0.015876 0.092175
v -0.261094 0.016519 0.091787
v -0.260528 0.015854 0.091878
v -0.260793 0.016133 0.091495
v -0.261094 0.016443 0.091412
v -0.260793 0.016024 0.09117
v -0.260793 0.015875 0.090862
v -0.260528 0.01557 0.091034
v -0.261094 0.015946 0.090384
v -0.261094 0.0157 0.090091
v -0.260793 0.015468 0.090313
v -0.261426 0.015599 0.089609
v -0.26217 0.015503 0.088971
v -0.261094 0.015106 0.089611
v -0.260793 0.014937 0.089883
v -0.260528 0.014489 0.09004
v -0.260793 0.014635 0.089721
v -0.260793 0.014635 0.089721
v -0.261094 0.014769 0.08943
v -0.261426 0.014889 0.089168
v -0.261426 0.014498 0.089018
v -0.261094 0.014412 0.089293
v -0.260528 0.013921 0.089862
v -0.260528 0.013625 0.089827
v -0.261426 0.013256 0.088874
v -0.260528 0.013326 0.08983
v -0.261426 0.012841 0.088931
v -0.261094 0.012898 0.089213
v -0.260528 0.012743 0.089948
v -0.260528 0.012743 0.089948
v -0.260793 0.012631 0.089616
v -0.260793 0.012631 0.089616
v -0.261094 0.012529 0.089312
v -0.261426 0.012437 0.089039
v -0.261426 0.012049 0.089197
v -0.260793 0.012314 0.089745
v -0.260528 0.012466 0.090061
v -0.260793 0.012016 0.089913
v -0.26217 0.011048 0.089297
v -0.261786 0.011185 0.08946
v -0.260793 0.011741 0.090117
v -0.260793 0.011741 0.090117
v -0.260528 0.011967 0.090385
v -0.260528 0.011967 0.090385
v -0.260528 0.011751 0.090591
v -0.261426 0.011046 0.089942
v -0.261426 0.010782 0.090268
v -0.261094 0.011017 0.090434
v -0.260528 0.011564 0.090823
v -0.261094 0.010815 0.09076
v -0.260793 0.011098 0.090911
v -0.260793 0.011098 0.090911
v -0.260528 0.011406 0.091077
v -0.260528 0.011406 0.091077
v -0.260528 0.011282 0.091348
v -0.261426 0.010387 0.091004
v -0.261426 0.010261 0.091404
v -0.261426 0.010261 0.091404
v -0.261094 0.010541 0.091473
v -0.261094 0.010541 0.091473
v -0.261094 0.010473 0.091849
v -0.261094 0.010473 0.091849
v -0.260793 0.010792 0.091886
v -0.260528 0.011124 0.092224
v -0.260793 0.010774 0.092228
v -0.260793 0.010799 0.09257
v -0.260793 0.010867 0.092905
v -0.2603 0.0115 0.092221
v -0.2603 0.011738 0.091255
v -0.2603 0.01263 0.090399
v -0.2603 0.012862 0.090304
v -0.2603 0.013105 0.090239
v -0.2603 0.013354 0.090205
v -0.2603 0.013354 0.090205
v -0.2603 0.013605 0.090203
v -0.2603 0.013605 0.090203
v -0.2603 0.013854 0.090232
v -0.2603 0.0155 0.092179
v -0.2603 0.015487 0.09243
v -0.2603 0.014589 0.093877
v -0.260793 0.011311 0.093825
v -0.260528 0.011592 0.093616
v -0.260528 0.011785 0.093844
v -0.260528 0.011785 0.093844
v -0.2603 0.012056 0.093584
v -0.2603 0.012241 0.093754
v -0.261094 0.012588 0.095107
v -0.261426 0.012502 0.095382
v -0.261094 0.01296 0.095199
v -0.260528 0.013375 0.094573
v -0.2603 0.013395 0.094197
v -0.2603 0.013646 0.094195
v -0.2603 0.014454 0.093283
v -0.2603 0.014454 0.093283
v -0.2603 0.014454 0.093283
v -0.2603 0.014454 0.093283
v -0.2603 0.014137 0.093495
v -0.2603 0.014705 0.092995
v -0.2603 0.012697 0.0934
v -0.2625 0.013597 0.088401
v -0.2625 0.012917 0.088445
v -0.2625 0.014417 0.095888
v -0.260482 0.014456 0.093024
v -0.260482 0.014456 0.093024
v -0.260482 0.014198 0.093251
v -0.260482 0.014198 0.093251
v -0.260493 0.014326 0.093138
v -0.260493 0.014326 0.093138
v -0.260482 0.012939 0.09333
v -0.260448 0.01278 0.093276
v -0.2675 -0.013052 0.093605
v -0.2675 -0.012728 0.093457
v -0.2675 -0.014655 0.093117
v -0.2675 -0.014767 0.091445
v -0.2675 -0.01455 0.091164
v -0.266975 -0.015066 0.093444
v -0.266975 -0.014723 0.093783
v -0.266975 -0.012454 0.093904
v -0.266975 -0.015218 0.091177
v -0.26217 -0.013585 0.088408
v -0.26217 -0.013278 0.088406
v -0.261786 -0.01329 0.088619
v -0.261786 -0.01329 0.088619
v -0.26217 -0.012906 0.088452
v -0.26217 -0.012246 0.088618
v -0.261786 -0.011987 0.088948
v -0.261786 -0.011591 0.089163
v -0.26217 -0.010436 0.089953
v -0.261786 -0.010607 0.090079
v -0.26217 -0.010196 0.090326
v -0.261786 -0.009943 0.091735
v -0.260528 -0.015856 0.092508
v -0.2603 -0.0155 0.092209
v -0.260793 -0.012646 0.094789
v -0.260528 -0.012756 0.094456
v -0.260528 -0.012479 0.094345
v -0.260793 -0.012029 0.094495
v -0.260528 -0.012218 0.0942
v -0.260528 -0.011977 0.094024
v -0.260528 -0.011977 0.094024
v -0.260528 -0.011761 0.093819
v -0.261426 -0.010793 0.094148
v -0.260793 -0.011287 0.093793
v -0.261426 -0.010571 0.093794
v -0.261094 -0.010823 0.093656
v -0.260793 -0.011105 0.093503
v -0.260528 -0.011413 0.093335
v -0.261426 -0.01019 0.092604
v -0.261094 -0.010475 0.092569
v -0.261094 -0.010475 0.092569
v -0.260793 -0.010794 0.09253
v -0.261426 -0.010165 0.092185
v -0.261094 -0.010453 0.092187
v -0.260793 -0.010774 0.092188
v -0.260528 -0.011124 0.09219
v -0.261094 -0.010479 0.091805
v -0.261426 -0.010193 0.091768
v -0.261426 -0.010193 0.091768
v -0.261426 -0.010273 0.091357
v -0.260528 -0.011423 0.091046
v -0.260528 -0.011423 0.091046
v -0.260793 -0.011117 0.090876
v -0.261094 -0.010836 0.09072
v -0.261426 -0.010585 0.090581
v -0.261094 -0.011043 0.090398
v -0.260528 -0.011584 0.090795
v -0.260528 -0.011584 0.090795
v -0.260528 -0.011584 0.090795
v -0.260528 -0.011775 0.090566
v -0.261094 -0.011568 0.089844
v -0.260793 -0.011771 0.090092
v -0.260793 -0.012049 0.089892
v -0.261094 -0.011879 0.08962
v -0.261426 -0.011725 0.089376
v -0.261426 -0.012093 0.089176
v -0.261426 -0.012093 0.089176
v -0.261094 -0.012215 0.089437
v -0.261094 -0.012215 0.089437
v -0.261094 -0.012215 0.089437
v -0.260793 -0.01235 0.089728
v -0.260793 -0.01235 0.089728
v -0.26217 -0.012341 0.088581
v -0.261786 -0.012407 0.088784
v -0.261426 -0.012483 0.089024
v -0.261094 -0.012571 0.089298
v -0.260793 -0.012669 0.089604
v -0.260793 -0.012669 0.089604
v -0.260528 -0.013065 0.089864
v -0.260793 -0.013001 0.08952
v -0.261094 -0.012942 0.089204
v -0.261094 -0.013322 0.089158
v -0.260793 -0.013341 0.089478
v -0.260528 -0.013361 0.089828
v -0.260528 -0.013361 0.089828
v -0.261786 -0.013741 0.088621
v -0.260528 -0.01366 0.089829
v -0.260528 -0.013955 0.089868
v -0.260793 -0.014023 0.089524
v -0.260793 -0.014023 0.089524
v -0.261094 -0.014084 0.089209
v -0.260793 -0.014354 0.089611
v -0.260793 -0.014354 0.089611
v -0.260528 -0.014244 0.089944
v -0.260528 -0.014244 0.089944
v -0.260793 -0.014671 0.089738
v -0.260528 -0.014521 0.090055
v -0.260793 -0.014971 0.089905
v -0.260528 -0.014782 0.0902
v -0.260793 -0.015495 0.090342
v -0.261094 -0.01573 0.090124
v -0.260793 -0.015712 0.090607
v -0.260528 -0.015587 0.091065
v -0.261094 -0.016176 0.090744
v -0.261094 -0.016338 0.091091
v -0.261094 -0.016338 0.091091
v -0.260793 -0.016039 0.091208
v -0.261094 -0.016455 0.091455
v -0.260793 -0.016143 0.091534
v -0.260528 -0.015858 0.091913
v -0.261094 -0.016547 0.092213
v -0.260793 -0.016226 0.092212
v -0.260528 -0.015876 0.09221
v -0.261094 -0.016521 0.092595
v -0.260793 -0.016203 0.092553
v -0.260793 -0.016203 0.092553
v -0.260793 -0.016203 0.092553
v -0.2603 -0.015363 0.091472
v -0.2603 -0.015257 0.091244
v -0.2603 -0.013634 0.090204
v -0.2603 -0.012048 0.090825
v -0.2603 -0.012048 0.090825
v -0.2603 -0.011887 0.091017
v -0.2603 -0.011887 0.091017
v -0.2603 -0.011752 0.091229
v -0.2603 -0.011517 0.091941
v -0.2603 -0.0115 0.092191
v -0.2603 -0.011877 0.093368
v -0.2603 -0.012036 0.093563
v -0.2603 -0.012036 0.093563
v -0.2603 -0.012218 0.093735
v -0.260793 -0.016138 0.092889
v -0.260528 -0.015799 0.092801
v -0.260528 -0.015577 0.093354
v -0.260528 -0.015416 0.093605
v -0.260528 -0.015416 0.093605
v -0.2603 -0.015113 0.093383
v -0.2603 -0.015113 0.093383
v -0.2603 -0.014952 0.093575
v -0.260528 -0.015006 0.094037
v -0.2603 -0.014768 0.093747
v -0.2603 -0.014564 0.093893
v -0.260528 -0.013935 0.094536
v -0.2603 -0.013866 0.094166
v -0.2603 -0.013617 0.094197
v -0.2603 -0.013038 0.093567
v -0.2603 -0.01494 0.092297
v -0.2603 -0.014796 0.091564
v -0.2603 -0.014915 0.091916
v -0.260482 -0.014759 0.092113
v -0.260493 -0.014747 0.092284
v -0.260384 -0.014783 0.09175
v -0.260384 -0.013247 0.093536
v -0.260448 -0.013085 0.093427
v -0.259318 0.022058 0.106646
v -0.259336 0.022065 0.106806
v -0.259336 0.022065 0.106806
v -0.259336 0.022065 0.106806
v -0.259336 0.022065 0.106806
v -0.259079 0.020451 0.106958
v -0.259264 0.02068 0.106958
v -0.259216 0.020711 0.106806
v -0.259216 0.020711 0.106806
v -0.256543 0.021193 0.106958
v -0.256543 0.021193 0.106958
v -0.256543 0.021193 0.106958
v -0.256631 0.020913 0.106958
v -0.256631 0.020913 0.106958
v -0.256683 0.020935 0.106806
v -0.256683 0.020935 0.106806
v -0.256683 0.020935 0.106806
v -0.259388 0.022087 0.106958
v -0.259388 0.022087 0.106958
v -0.2592 0.022313 0.106806
v -0.256547 0.020877 0.107092
v -0.256697 0.020604 0.107092
v -0.256772 0.020655 0.106958
v -0.256535 0.022093 0.107092
v -0.256619 0.022059 0.106958
v -0.256679 0.02237 0.107092
v -0.25642 0.021484 0.107092
v -0.259451 0.021514 0.106806
v -0.259476 0.021807 0.106958
v -0.259476 0.021807 0.106958
v -0.25942 0.021795 0.106806
v -0.25942 0.021795 0.106806
v -0.25942 0.021795 0.106806
v -0.256568 0.021485 0.106806
v -0.256568 0.021485 0.106806
v -0.256593 0.021767 0.106806
v -0.256593 0.021767 0.106806
v -0.256537 0.021777 0.106958
v -0.256537 0.021777 0.106958
v -0.256511 0.021485 0.106958
v -0.256598 0.021205 0.106806
v -0.256617 0.021208 0.106646
v -0.256617 0.021208 0.106646
v -0.259412 0.021699 0.106646
v -0.256626 0.02183 0.106646
v -0.256587 0.021486 0.106646
v -0.256587 0.021486 0.106646
v -0.256587 0.021486 0.106646
v -0.256599 0.021618 0.106646
v -0.256611 0.021763 0.106646
v -0.256835 0.020698 0.106646
v -0.256828 0.020709 0.106646
v -0.256819 0.020687 0.106806
v -0.256819 0.020687 0.106806
v -0.257014 0.020484 0.106646
v -0.257014 0.020484 0.106646
v -0.257014 0.020484 0.106646
v -0.257891 0.020089 0.106646
v -0.2592 0.020722 0.106646
v -0.25928 0.020875 0.106646
v -0.255005 0.022709 0.108989
v -0.257548 0.020508 0.106317
v -0.257465 0.020533 0.106336
v -0.257312 0.020775 0.106233
v -0.257239 0.020627 0.106387
v -0.257283 0.020606 0.106377
v -0.257073 0.020746 0.106426
v -0.257073 0.020746 0.106426
v -0.257208 0.020647 0.106395
v -0.257237 0.02085 0.106233
v -0.257199 0.020897 0.106237
v -0.257021 0.020798 0.106439
v -0.257167 0.020937 0.10624
v -0.257167 0.020937 0.10624
v -0.256996 0.020823 0.106446
v -0.256996 0.020823 0.106446
v -0.25699 0.020829 0.106447
v -0.25699 0.020829 0.106447
v -0.25713 0.020984 0.106243
v -0.256935 0.020884 0.106461
v -0.256826 0.021033 0.106496
v -0.257049 0.021127 0.106254
v -0.25704 0.021148 0.106255
v -0.256644 0.021512 0.106591
v -0.256665 0.021401 0.106571
v -0.256738 0.021195 0.10653
v -0.256773 0.021131 0.106517
v -0.257064 0.020462 0.106628
v -0.257033 0.020488 0.10663
v -0.257033 0.020488 0.10663
v -0.2569 0.020622 0.106638
v -0.256838 0.020706 0.106642
v -0.256833 0.020713 0.106642
v -0.257896 0.020144 0.106585
v -0.257904 0.020143 0.106584
v -0.258765 0.02042 0.106541
v -0.25866 0.02035 0.106547
v -0.259204 0.021052 0.106502
v -0.259257 0.021594 0.106475
v -0.259257 0.021301 0.10649
v -0.2591 0.022058 0.106448
v -0.259119 0.022023 0.10645
v -0.259129 0.022005 0.106452
v -0.259001 0.022205 0.106439
v -0.258901 0.022313 0.106432
v -0.25815 0.022654 0.106386
v -0.258198 0.02265 0.106389
v -0.25691 0.022393 0.104864
v -0.256907 0.022395 0.104784
v -0.256907 0.022395 0.104784
v -0.256774 0.020801 0.104743
v -0.25699 0.020508 0.104639
v -0.259384 0.021174 0.102597
v -0.258305 0.020109 0.100171
v -0.258579 0.020197 0.100151
v -0.256719 0.020902 0.100226
v -0.256719 0.020902 0.100226
v -0.256662 0.021045 0.100317
v -0.256624 0.021197 0.100249
v -0.256624 0.021197 0.100249
v -0.256596 0.021618 0.100281
v -0.256693 0.02203 0.100389
v -0.256649 0.021916 0.100302
v -0.256698 0.022027 0.10031
v -0.256703 0.022063 0.100392
v -0.256783 0.02222 0.100324
v -0.256783 0.02222 0.100324
v -0.256875 0.022357 0.100415
v -0.256913 0.02239 0.10034
v -0.256909 0.022393 0.100419
v -0.256992 0.022494 0.100349
v -0.259226 0.020783 0.100721
v -0.259234 0.020779 0.100642
v -0.259124 0.020616 0.100735
v -0.258961 0.020456 0.100752
v -0.258873 0.02037 0.100761
v -0.258613 0.020218 0.100783
v -0.258613 0.020218 0.100783
v -0.25857 0.020193 0.100787
v -0.256907 0.020601 0.100837
v -0.256778 0.020804 0.100854
v -0.256622 0.021196 0.100884
v -0.256628 0.021197 0.100964
v -0.256617 0.021211 0.100885
v -0.256588 0.021559 0.100911
v -0.256907 0.022395 0.101054
v -0.256912 0.022391 0.100975
v -0.256915 0.022409 0.101055
v -0.259257 0.022183 0.101252
v -0.259286 0.022127 0.101177
v -0.259328 0.022004 0.101266
v -0.259329 0.022005 0.101186
v -0.259385 0.02186 0.101277
v -0.259385 0.02186 0.101277
v -0.2594 0.0218 0.101202
v -0.259421 0.021593 0.101297
v -0.259392 0.021165 0.101328
v -0.259392 0.021165 0.101328
v -0.259378 0.021114 0.101252
v -0.259275 0.020851 0.10135
v -0.25704 0.020473 0.10146
v -0.256935 0.020567 0.101549
v -0.256921 0.020585 0.101471
v -0.256777 0.020803 0.101489
v -0.256737 0.020863 0.101494
v -0.256737 0.020863 0.101494
v -0.256625 0.021173 0.101597
v -0.256621 0.02119 0.101519
v -0.256699 0.022027 0.10158
v -0.258856 0.022643 0.101845
v -0.258856 0.022643 0.101845
v -0.259092 0.022423 0.101788
v -0.259104 0.022409 0.101868
v -0.259395 0.021821 0.101835
v -0.259418 0.021593 0.101932
v -0.259418 0.021593 0.101932
v -0.259419 0.021593 0.101852
v -0.259419 0.021593 0.101852
v -0.259431 0.021443 0.101943
v -0.25923 0.020781 0.101912
v -0.259037 0.020517 0.102015
v -0.259064 0.020546 0.101932
v -0.257136 0.020377 0.102165
v -0.257185 0.020341 0.102081
v -0.25704 0.020473 0.102174
v -0.256624 0.021197 0.102234
v -0.256626 0.021168 0.102152
v -0.256623 0.021196 0.102154
v -0.256587 0.021516 0.102178
v -0.2566 0.021617 0.102185
v -0.2566 0.021617 0.102185
v -0.256653 0.021928 0.102287
v -0.256653 0.021928 0.102287
v -0.256632 0.021856 0.102203
v -0.256632 0.021856 0.102203
v -0.256698 0.022027 0.102295
v -0.258816 0.02266 0.102476
v -0.258825 0.022665 0.102398
v -0.258908 0.022603 0.102485
v -0.258961 0.020457 0.102578
v -0.258706 0.02026 0.102681
v -0.258818 0.02033 0.102592
v -0.257039 0.020473 0.10273
v -0.25678 0.020804 0.102838
v -0.256774 0.020801 0.102759
v -0.256692 0.020964 0.102851
v -0.256692 0.020964 0.102851
v -0.256757 0.020826 0.102761
v -0.256629 0.021198 0.102869
v -0.256721 0.022103 0.104204
v -0.258671 0.022759 0.103099
v -0.258808 0.022677 0.103031
v -0.258815 0.022659 0.103111
v -0.25918 0.022309 0.103147
v -0.259257 0.022184 0.103077
v -0.259338 0.022008 0.10317
v -0.259339 0.022005 0.103171
v -0.259339 0.022005 0.103171
v -0.259385 0.021863 0.103102
v -0.259422 0.021663 0.103197
v -0.259419 0.021312 0.103223
v -0.259384 0.021174 0.103232
v -0.257532 0.02016 0.103322
v -0.257532 0.02016 0.103322
v -0.257384 0.02023 0.103413
v -0.257386 0.020233 0.103334
v -0.257386 0.020233 0.103334
v -0.25722 0.020317 0.103348
v -0.257037 0.020461 0.103444
v -0.257039 0.020472 0.103365
v -0.256772 0.0208 0.103393
v -0.256779 0.020803 0.103473
v -0.256767 0.020807 0.103394
v -0.256668 0.021026 0.103491
v -0.256637 0.021126 0.103419
v -0.256637 0.021126 0.103419
v -0.256631 0.021198 0.103504
v -0.256601 0.021618 0.103535
v -0.256602 0.021617 0.103455
v -0.256604 0.02172 0.103542
v -0.256622 0.021815 0.10347
v -0.256692 0.022031 0.103564
v -0.256692 0.022031 0.103564
v -0.256698 0.022028 0.103485
v -0.256698 0.022028 0.103485
v -0.256696 0.022046 0.103565
v -0.257174 0.022651 0.103542
v -0.257224 0.022673 0.103625
v -0.257221 0.022677 0.103546
v -0.257221 0.022677 0.103546
v -0.257401 0.022786 0.103641
v -0.258815 0.022661 0.103747
v -0.258818 0.022665 0.103667
v -0.259005 0.022516 0.103764
v -0.259332 0.022005 0.103806
v -0.259361 0.021943 0.10381
v -0.259428 0.021594 0.103837
v -0.259431 0.021539 0.103762
v -0.259409 0.021247 0.103862
v -0.259409 0.021247 0.103862
v -0.259387 0.021174 0.103867
v -0.259387 0.021174 0.103867
v -0.259391 0.021172 0.103788
v -0.259311 0.020925 0.103885
v -0.256628 0.021197 0.104059
v -0.256588 0.02145 0.104078
v -0.256616 0.021785 0.104182
v -0.256618 0.021794 0.104103
v -0.256697 0.022029 0.104199
v -0.256697 0.022029 0.10412
v -0.256724 0.022109 0.104126
v -0.259036 0.022485 0.104322
v -0.259122 0.022372 0.104411
v -0.259122 0.022371 0.104332
v -0.259422 0.021593 0.104472
v -0.259431 0.02153 0.104477
v -0.259431 0.02153 0.104477
v -0.259431 0.02153 0.104477
v -0.259403 0.021216 0.10442
v -0.259396 0.021184 0.104502
v -0.259389 0.021173 0.104423
v -0.259284 0.020868 0.104524
v -0.259299 0.0209 0.104442
v -0.259228 0.020783 0.104531
v -0.256788 0.020771 0.104661
v -0.256629 0.021197 0.104694
v -0.256587 0.021503 0.104796
v -0.256589 0.021428 0.104712
v -0.256891 0.022379 0.104783
v -0.259124 0.022374 0.105046
v -0.259418 0.021593 0.105107
v -0.259427 0.021594 0.105027
v -0.259429 0.021582 0.105028
v -0.259232 0.020781 0.105166
v -0.259051 0.020531 0.105188
v -0.259051 0.020531 0.105188
v -0.258962 0.020456 0.105197
v -0.257005 0.020493 0.105273
v -0.256907 0.020601 0.105362
v -0.256778 0.020804 0.105378
v -0.256799 0.020753 0.105295
v -0.256776 0.020802 0.105299
v -0.256776 0.020802 0.105299
v -0.256622 0.021196 0.105409
v -0.256622 0.021196 0.105409
v -0.256656 0.021063 0.105319
v -0.256656 0.021063 0.105319
v -0.25663 0.021197 0.105329
v -0.25663 0.021197 0.105329
v -0.256597 0.021618 0.10544
v -0.256602 0.021618 0.105361
v -0.256609 0.021752 0.10537
v -0.256647 0.021909 0.105461
v -0.256781 0.022216 0.105483
v -0.256707 0.022071 0.105393
v -0.256913 0.02239 0.105499
v -0.257223 0.022674 0.105451
v -0.258437 0.022845 0.10562
v -0.258593 0.022797 0.105632
v -0.25933 0.022006 0.10571
v -0.25941 0.021749 0.10573
v -0.259427 0.021594 0.105663
v -0.259428 0.021397 0.105756
v -0.259411 0.021258 0.105687
v -0.259362 0.02106 0.105781
v -0.259232 0.020779 0.105801
v -0.258965 0.020453 0.105832
v -0.258723 0.02027 0.105854
v -0.25702 0.020478 0.105906
v -0.256869 0.02065 0.106001
v -0.25681 0.020735 0.105928
v -0.25681 0.020735 0.105928
v -0.25678 0.020805 0.106013
v -0.256778 0.020802 0.105934
v -0.256699 0.020946 0.106024
v -0.256662 0.021043 0.105953
v -0.256628 0.021198 0.106044
v -0.256628 0.021198 0.106044
v -0.25663 0.021198 0.105964
v -0.256603 0.021284 0.10605
v -0.256601 0.021618 0.105995
v -0.256601 0.021618 0.105995
v -0.256593 0.021636 0.106076
v -0.256606 0.021731 0.106004
v -0.256692 0.02203 0.106025
v -0.256695 0.022028 0.106104
v -0.256699 0.022053 0.106027
v -0.259169 0.022324 0.10632
v -0.259332 0.022024 0.106344
v -0.259332 0.022024 0.106344
v -0.25942 0.021683 0.10637
v -0.259426 0.021626 0.106295
v -0.25942 0.021594 0.106377
v -0.25942 0.021594 0.106377
v -0.259425 0.021594 0.106297
v -0.259422 0.021332 0.106396
v -0.259383 0.021174 0.106407
v -0.259383 0.021174 0.106407
v -0.259341 0.021001 0.10642
v -0.258956 0.020438 0.106468
v -0.256602 0.02171 0.106637
v -0.256602 0.02171 0.106637
v -0.2566 0.021618 0.106631
v -0.2566 0.021618 0.106631
v -0.256593 0.021363 0.106612
v -0.256593 0.021363 0.106612
v -0.256593 0.021363 0.106612
v -0.25663 0.021198 0.106599
v -0.258887 0.021147 0.099675
v -0.258946 0.021123 0.099739
v -0.258952 0.021421 0.099675
v -0.258905 0.021053 0.099739
v -0.258493 0.02061 0.099743
v -0.257265 0.020916 0.099675
v -0.256967 0.021093 0.099851
v -0.256967 0.021093 0.099851
v -0.257008 0.021007 0.099845
v -0.257126 0.021162 0.099675
v -0.257126 0.021162 0.099675
v -0.257028 0.020972 0.099843
v -0.257106 0.020864 0.099836
v -0.257065 0.021437 0.099675
v -0.257065 0.021437 0.099675
v -0.256886 0.021327 0.099865
v -0.256935 0.021162 0.099855
v -0.256964 0.0211 0.099851
v -0.257089 0.021718 0.099675
v -0.257089 0.021718 0.099675
v -0.256879 0.021768 0.099891
v -0.256861 0.021547 0.099878
v -0.256881 0.02178 0.099891
v -0.257194 0.02198 0.099675
v -0.256993 0.022099 0.099909
v -0.257121 0.022295 0.099921
v -0.257372 0.022199 0.099675
v -0.257372 0.022199 0.099675
v -0.256995 0.022104 0.099909
v -0.257241 0.022425 0.099931
v -0.257203 0.022384 0.099928
v -0.257288 0.022466 0.099935
v -0.259256 0.021949 0.100054
v -0.259256 0.021949 0.100054
v -0.259254 0.021953 0.100054
v -0.258991 0.021262 0.101566
v -0.259191 0.021213 0.101447
v -0.257033 0.02176 0.101886
v -0.257008 0.021456 0.103125
v -0.257009 0.021361 0.103115
v -0.258896 0.021024 0.104766
v -0.259099 0.02096 0.104643
v -0.259099 0.02096 0.104643
v -0.258711 0.020784 0.104796
v -0.25878 0.020847 0.104787
v -0.25878 0.020847 0.104787
v -0.258937 0.020714 0.104667
v -0.258937 0.020714 0.104667
v -0.257256 0.020828 0.104961
v -0.259005 0.021381 0.105364
v -0.2589 0.020672 0.105307
v -0.2589 0.020672 0.105307
v -0.258479 0.020614 0.105461
v -0.258488 0.020382 0.100906
v -0.258488 0.020382 0.100906
v -0.258848 0.020619 0.102774
v -0.258935 0.022289 0.105161
v -0.259219 0.021622 0.100142
v -0.259219 0.021622 0.100142
v -0.259152 0.021916 0.100116
v -0.259152 0.021916 0.100116
v -0.259152 0.021916 0.100116
v -0.259152 0.021916 0.100116
v -0.257007 0.021624 0.099967
v -0.257007 0.021442 0.099948
v -0.257007 0.021375 0.099941
v -0.257007 0.021375 0.099941
v -0.25741 0.020695 0.099861
v -0.258492 0.020613 0.099745
v -0.25851 0.020623 0.099743
v -0.257982 0.022716 0.10634
v -0.258808 0.022418 0.106417
v -0.25862 0.020448 0.105973
v -0.25862 0.020448 0.105973
v -0.25886 0.020631 0.105947
v -0.259046 0.020864 0.105922
v -0.259166 0.021124 0.105899
v -0.259166 0.021124 0.105899
v -0.259222 0.021412 0.105875
v -0.259207 0.021713 0.105849
v -0.259207 0.021713 0.105849
v -0.259118 0.021999 0.105824
v -0.258765 0.022453 0.105777
v -0.258508 0.022609 0.105751
v -0.2584 0.020348 0.105359
v -0.259182 0.021176 0.10526
v -0.259094 0.02205 0.105184
v -0.259195 0.02123 0.104621
v -0.259195 0.02123 0.104621
v -0.259225 0.021526 0.104596
v -0.259225 0.021526 0.104596
v -0.258504 0.020389 0.10408
v -0.258761 0.020544 0.104054
v -0.259206 0.021284 0.103981
v -0.259223 0.021582 0.103956
v -0.259165 0.021879 0.10393
v -0.259165 0.021879 0.10393
v -0.259142 0.021058 0.103365
v -0.259142 0.021058 0.103365
v -0.259215 0.021339 0.103342
v -0.259215 0.021339 0.103342
v -0.259218 0.021639 0.103316
v -0.259146 0.021932 0.10329
v -0.258048 0.020284 0.102847
v -0.258331 0.020327 0.102825
v -0.258605 0.02044 0.1028
v -0.259161 0.021109 0.102726
v -0.259221 0.021395 0.102702
v -0.259221 0.021395 0.102702
v -0.258888 0.020659 0.102134
v -0.259066 0.020897 0.102109
v -0.259177 0.02116 0.102087
v -0.258945 0.022277 0.101987
v -0.258733 0.022477 0.101964
v -0.258436 0.020361 0.101546
v -0.259091 0.020945 0.10147
v -0.259186 0.021808 0.101396
v -0.259076 0.022084 0.101371
v -0.258748 0.020534 0.10088
v -0.258748 0.020534 0.10088
v -0.259115 0.020994 0.10083
v -0.259115 0.020994 0.10083
v -0.259203 0.021268 0.100808
v -0.258262 0.02031 0.10029
v -0.258716 0.020778 0.106066
v -0.25862 0.020705 0.106079
v -0.25862 0.020705 0.106079
v -0.258516 0.020626 0.106092
v -0.258764 0.020839 0.106058
v -0.258923 0.021087 0.106029
v -0.259003 0.021359 0.106001
v -0.259004 0.021677 0.105968
v -0.259017 0.021427 0.105995
v -0.259017 0.021427 0.105995
v -0.25893 0.021915 0.105943
v -0.258883 0.021993 0.105934
v -0.258883 0.021993 0.105934
v -0.258637 0.022292 0.105896
v -0.258567 0.022334 0.105888
v -0.257207 0.022101 0.105733
v -0.257068 0.021849 0.105705
v -0.257001 0.02155 0.105675
v -0.257004 0.021567 0.105676
v -0.257028 0.021273 0.105645
v -0.257227 0.020862 0.1056
v -0.257098 0.021064 0.105623
v -0.257401 0.020694 0.105576
v -0.257617 0.020569 0.10555
v -0.258334 0.020543 0.105478
v -0.258983 0.021231 0.105379
v -0.258983 0.021231 0.105379
v -0.25893 0.021102 0.105392
v -0.258999 0.021674 0.105333
v -0.258778 0.022155 0.10528
v -0.25891 0.021957 0.105303
v -0.258994 0.021723 0.105328
v -0.258599 0.02232 0.105256
v -0.258688 0.022238 0.105268
v -0.25838 0.022439 0.105231
v -0.257439 0.022333 0.105132
v -0.257254 0.02217 0.105106
v -0.257079 0.021875 0.105072
v -0.256999 0.021502 0.105035
v -0.25703 0.021744 0.105059
v -0.257119 0.021023 0.104983
v -0.257063 0.021167 0.104999
v -0.258972 0.021214 0.104746
v -0.259017 0.021499 0.104717
v -0.258974 0.02179 0.104686
v -0.25702 0.021702 0.10442
v -0.257012 0.021601 0.10441
v -0.257 0.021455 0.104395
v -0.257042 0.021208 0.104369
v -0.258615 0.020695 0.104175
v -0.258933 0.021092 0.104123
v -0.258952 0.021152 0.104117
v -0.258952 0.021152 0.104117
v -0.259017 0.021568 0.104075
v -0.259009 0.021432 0.104089
v -0.259003 0.021321 0.1041
v -0.258986 0.021726 0.104058
v -0.258521 0.022371 0.103977
v -0.258714 0.022223 0.104001
v -0.257077 0.021888 0.103804
v -0.257054 0.021807 0.103795
v -0.257004 0.021408 0.103755
v -0.257012 0.021657 0.103781
v -0.257038 0.021251 0.103738
v -0.257152 0.020973 0.103707
v -0.257152 0.020973 0.103707
v -0.25895 0.021133 0.103484
v -0.25895 0.021133 0.103484
v -0.258856 0.020956 0.103503
v -0.258971 0.021214 0.103476
v -0.258971 0.021214 0.103476
v -0.258971 0.021214 0.103476
v -0.258969 0.021793 0.103416
v -0.258969 0.021793 0.103416
v -0.257037 0.021744 0.103154
v -0.25706 0.021846 0.103164
v -0.257185 0.02092 0.103067
v -0.257191 0.020908 0.103065
v -0.257561 0.020595 0.103017
v -0.258205 0.020515 0.102951
v -0.258504 0.020619 0.102919
v -0.258504 0.020619 0.102919
v -0.258706 0.020768 0.102893
v -0.258891 0.021018 0.102861
v -0.259016 0.021413 0.102821
v -0.25901 0.021571 0.102804
v -0.257046 0.021804 0.102525
v -0.257016 0.021643 0.102509
v -0.257017 0.021314 0.102475
v -0.258874 0.020982 0.10223
v -0.258774 0.020848 0.102247
v -0.258886 0.020999 0.102228
v -0.258886 0.020999 0.102228
v -0.259019 0.02146 0.102181
v -0.258983 0.021242 0.102203
v -0.258979 0.021218 0.102206
v -0.258988 0.021736 0.102152
v -0.258997 0.021709 0.102155
v -0.258693 0.022233 0.102094
v -0.258786 0.022145 0.102107
v -0.257442 0.022333 0.101957
v -0.257454 0.022344 0.101959
v -0.256999 0.021517 0.101861
v -0.257021 0.021318 0.10184
v -0.257427 0.020675 0.101763
v -0.258379 0.020562 0.101663
v -0.258364 0.020554 0.101665
v -0.258937 0.02188 0.101501
v -0.258895 0.021985 0.10149
v -0.257258 0.02083 0.101151
v -0.258801 0.020873 0.100973
v -0.259001 0.021307 0.100927
v -0.259001 0.021307 0.100927
v -0.259001 0.021307 0.100927
v -0.259001 0.021307 0.100927
v -0.258936 0.021104 0.100947
v -0.258936 0.021104 0.100947
v -0.258928 0.02108 0.100949
v -0.258928 0.02108 0.100949
v -0.259006 0.021379 0.100919
v -0.258746 0.022186 0.100831
v -0.258726 0.022212 0.100828
v -0.258533 0.022364 0.100803
v -0.257014 0.02167 0.100607
v -0.25707 0.021859 0.100626
v -0.25707 0.021859 0.100626
v -0.25701 0.021582 0.100598
v -0.258945 0.021121 0.10031
v -0.258846 0.020942 0.10033
v -0.258829 0.02091 0.100333
v -0.259012 0.021485 0.100273
v -0.258974 0.021779 0.100242
v -0.258974 0.021779 0.100242
v -0.258958 0.021845 0.100235
v -0.258958 0.021845 0.100235
v -0.258848 0.022063 0.100211
v -0.25867 0.02226 0.100186
v -0.258693 0.022244 0.100189
v -0.258745 0.022184 0.10091
v -0.258745 0.022184 0.10091
v -0.258106 0.020495 0.101134
v -0.257257 0.020831 0.10123
v -0.257236 0.02085 0.101233
v -0.257236 0.02085 0.101233
v -0.257135 0.020995 0.103789
v -0.257135 0.020995 0.103789
v -0.257151 0.020973 0.103787
v -0.258877 0.020982 0.099769
v -0.258907 0.021051 0.099762
v -0.25845 0.020591 0.10618
v -0.258764 0.02084 0.106138
v -0.25901 0.021425 0.106074
v -0.25901 0.021425 0.106074
v -0.259008 0.021358 0.106081
v -0.258884 0.021994 0.106013
v -0.258857 0.022049 0.106007
v -0.257201 0.022105 0.105812
v -0.257197 0.0221 0.105811
v -0.257079 0.021892 0.105788
v -0.257067 0.02185 0.105784
v -0.257009 0.021568 0.105756
v -0.257053 0.021175 0.105714
v -0.257158 0.020957 0.10569
v -0.2573 0.020783 0.105669
v -0.257385 0.020715 0.105658
v -0.257501 0.020627 0.105643
v -0.259005 0.021328 0.105449
v -0.258997 0.021673 0.105413
v -0.258865 0.022037 0.105373
v -0.258691 0.022241 0.105348
v -0.258449 0.022402 0.105318
v -0.258297 0.022468 0.105301
v -0.257379 0.022289 0.105204
v -0.257206 0.022112 0.105178
v -0.257084 0.021906 0.105155
v -0.257084 0.021906 0.105155
v -0.257076 0.021877 0.105152
v -0.257035 0.021742 0.105138
v -0.257015 0.021679 0.105132
v -0.257003 0.021454 0.105109
v -0.257002 0.021434 0.105107
v -0.257059 0.021166 0.105078
v -0.257199 0.020908 0.105049
v -0.257296 0.020785 0.105034
v -0.258808 0.020882 0.104861
v -0.259002 0.021313 0.104815
v -0.259014 0.021499 0.104796
v -0.258975 0.02179 0.104766
v -0.258973 0.021803 0.104764
v -0.257277 0.022186 0.104554
v -0.257018 0.021694 0.104499
v -0.257012 0.021602 0.104489
v -0.257001 0.021449 0.104474
v -0.257024 0.021319 0.10446
v -0.257024 0.021319 0.10446
v -0.257044 0.021205 0.104447
v -0.257044 0.021205 0.104447
v -0.25712 0.021032 0.104428
v -0.258925 0.021074 0.104204
v -0.258951 0.021153 0.104196
v -0.25901 0.021432 0.104168
v -0.25855 0.022353 0.10406
v -0.257225 0.022136 0.103911
v -0.257184 0.022072 0.103904
v -0.257097 0.021932 0.103887
v -0.257054 0.021807 0.103875
v -0.257021 0.021709 0.103865
v -0.257005 0.021524 0.103846
v -0.257 0.021465 0.10384
v -0.257 0.021465 0.10384
v -0.257034 0.02125 0.103817
v -0.257034 0.02125 0.103817
v -0.257039 0.021219 0.103814
v -0.257039 0.021219 0.103814
v -0.257339 0.020753 0.103759
v -0.257462 0.020651 0.103743
v -0.25814 0.020501 0.103671
v -0.258164 0.020502 0.103669
v -0.258853 0.020958 0.103583
v -0.258919 0.021061 0.103571
v -0.258972 0.021215 0.103555
v -0.259019 0.021528 0.103523
v -0.258982 0.021773 0.103497
v -0.258982 0.021773 0.103497
v -0.258973 0.021794 0.103495
v -0.257032 0.021744 0.103234
v -0.257 0.02148 0.103207
v -0.257003 0.021456 0.103204
v -0.257003 0.021456 0.103204
v -0.257055 0.021186 0.103175
v -0.257127 0.021008 0.103156
v -0.257189 0.020923 0.103146
v -0.257265 0.020817 0.103134
v -0.257265 0.020817 0.103134
v -0.257386 0.020714 0.103118
v -0.257449 0.02066 0.10311
v -0.257638 0.020565 0.103088
v -0.258596 0.020678 0.102987
v -0.258893 0.021018 0.102941
v -0.258912 0.021048 0.102937
v -0.257028 0.021738 0.102598
v -0.257018 0.021351 0.102558
v -0.257031 0.021249 0.102547
v -0.257101 0.021069 0.102528
v -0.25712 0.021021 0.102522
v -0.257436 0.020668 0.102476
v -0.258871 0.020984 0.10231
v -0.258989 0.021255 0.102281
v -0.25899 0.021737 0.102231
v -0.258768 0.022166 0.102183
v -0.257441 0.022335 0.102037
v -0.257066 0.021841 0.101973
v -0.257032 0.021753 0.101965
v -0.256999 0.021511 0.10194
v -0.257021 0.021318 0.10192
v -0.257027 0.021264 0.101914
v -0.257113 0.021035 0.101889
v -0.257116 0.021031 0.101888
v -0.257246 0.020839 0.101866
v -0.257285 0.020804 0.101861
v -0.257285 0.020804 0.101861
v -0.257424 0.020677 0.101843
v -0.258961 0.021179 0.101654
v -0.258985 0.02124 0.101648
v -0.257024 0.02128 0.101281
v -0.257096 0.021078 0.101259
v -0.257106 0.021048 0.101255
v -0.257866 0.0205 0.101158
v -0.258024 0.020497 0.101142
v -0.259005 0.02138 0.100999
v -0.259005 0.02138 0.100999
v -0.258932 0.021106 0.101026
v -0.258981 0.021226 0.101014
v -0.258981 0.021226 0.101014
v -0.258613 0.022309 0.100893
v -0.257276 0.022194 0.100744
v -0.257217 0.022115 0.100734
v -0.257131 0.021998 0.10072
v -0.257408 0.020692 0.09994
v -0.257387 0.020705 0.099942
v -0.257218 0.020873 0.099966
v -0.257203 0.020896 0.099968
v -0.257017 0.02131 0.100014
v -0.257009 0.021443 0.100028
v -0.257009 0.021443 0.100028
v -0.257001 0.021557 0.10004
v -0.257032 0.021732 0.100057
v -0.257032 0.021732 0.100057
v -0.257044 0.021796 0.100064
v -0.257138 0.022011 0.100086
v -0.257287 0.022205 0.100111
v -0.258626 0.0223 0.100259
v -0.258668 0.022258 0.100265
v -0.258668 0.022258 0.100265
v -0.258796 0.022133 0.100282
v -0.258796 0.022133 0.100282
v -0.258851 0.022045 0.100292
v -0.258923 0.021931 0.100305
v -0.258973 0.021779 0.100322
v -0.259016 0.021484 0.100353
v -0.259018 0.02145 0.100356
v -0.258971 0.021198 0.100382
v -0.258884 0.020995 0.100403
v -0.258845 0.020943 0.100409
v -0.257549 0.020608 0.100558
v -0.257 0.021542 0.100673
v -0.257007 0.021581 0.100677
v -0.257039 0.021781 0.100697
v -0.257072 0.021858 0.100705
v -0.257274 0.020531 0.100695
v -0.256819 0.021253 0.100766
v -0.25693 0.02094 0.102008
v -0.257319 0.020499 0.102595
v -0.257319 0.020499 0.102595
v -0.257102 0.020691 0.102619
v -0.257102 0.020691 0.102619
v -0.257414 0.02044 0.106396
v -0.257176 0.020614 0.106421
v -0.256809 0.021698 0.105885
v -0.256797 0.021401 0.105859
v -0.257163 0.020626 0.105787
v -0.257398 0.020449 0.105762
v -0.257504 0.022606 0.105349
v -0.25725 0.02245 0.105323
v -0.257042 0.022237 0.105297
v -0.256896 0.021989 0.105274
v -0.256813 0.021716 0.105251
v -0.256813 0.021716 0.105251
v -0.256796 0.02142 0.105226
v -0.256796 0.02142 0.105226
v -0.256796 0.02142 0.105226
v -0.256852 0.021127 0.1052
v -0.256975 0.020861 0.105176
v -0.257265 0.022462 0.104689
v -0.257265 0.022462 0.104689
v -0.257053 0.022252 0.104664
v -0.257053 0.022252 0.104664
v -0.256846 0.021144 0.104567
v -0.256846 0.021144 0.104567
v -0.256965 0.020876 0.104542
v -0.257065 0.022266 0.10403
v -0.256794 0.021457 0.103959
v -0.256794 0.021457 0.103959
v -0.25735 0.020478 0.103862
v -0.258195 0.020298 0.103788
v -0.257295 0.022484 0.103423
v -0.256793 0.021476 0.103326
v -0.256836 0.02118 0.1033
v -0.256947 0.020908 0.103275
v -0.257113 0.020678 0.103253
v -0.257601 0.020354 0.103203
v -0.256939 0.020923 0.102641
v -0.256793 0.021513 0.102059
v -0.256827 0.021216 0.102033
v -0.25709 0.020704 0.101985
v -0.256943 0.022084 0.101472
v -0.256837 0.021822 0.10145
v -0.256822 0.021235 0.1014
v -0.256922 0.020956 0.101374
v -0.257078 0.020717 0.101352
v -0.258126 0.020289 0.101254
v -0.257836 0.020296 0.101277
v -0.257549 0.020374 0.101303
v -0.257126 0.022336 0.100863
v -0.256794 0.021551 0.100792
v -0.257067 0.020731 0.100718
v -0.257531 0.020382 0.100669
v -0.257139 0.022349 0.10023
v -0.256961 0.022116 0.100205
v -0.256846 0.021856 0.100183
v -0.256906 0.020989 0.100107
v -0.257056 0.020745 0.100085
v -0.256836 0.045703 0.106646
v -0.256776 0.045791 0.106646
v -0.256776 0.045791 0.106646
v -0.256759 0.045782 0.106806
v -0.256759 0.045782 0.106806
v -0.256643 0.04604 0.106806
v -0.256643 0.04604 0.106806
v -0.259495 0.046692 0.106958
v -0.259429 0.046978 0.106958
v -0.259376 0.04696 0.106806
v -0.259376 0.04696 0.106806
v -0.257344 0.045158 0.106958
v -0.256475 0.046915 0.107092
v -0.256563 0.046891 0.106958
v -0.25671 0.045754 0.106958
v -0.256503 0.045992 0.107092
v -0.25659 0.046021 0.106958
v -0.256433 0.046296 0.107092
v -0.256523 0.046308 0.106958
v -0.256523 0.046308 0.106958
v -0.256514 0.046601 0.106958
v -0.257039 0.045241 0.107092
v -0.257039 0.045241 0.107092
v -0.259095 0.047448 0.106806
v -0.259259 0.047218 0.106806
v -0.259259 0.047218 0.106806
v -0.259259 0.047218 0.106806
v -0.259309 0.047246 0.106958
v -0.259138 0.047485 0.106958
v -0.258889 0.047642 0.106806
v -0.258889 0.047642 0.106806
v -0.258924 0.047687 0.106958
v -0.257263 0.047799 0.106958
v -0.257218 0.047878 0.107092
v -0.257024 0.047629 0.106958
v -0.256841 0.047301 0.106646
v -0.25658 0.046315 0.106806
v -0.256571 0.046597 0.106806
v -0.256571 0.046597 0.106806
v -0.256571 0.046597 0.106806
v -0.256923 0.045552 0.106806
v -0.256923 0.045552 0.106806
v -0.256881 0.045515 0.106958
v -0.257095 0.045313 0.106958
v -0.25739 0.045221 0.106646
v -0.259401 0.046124 0.106806
v -0.259439 0.046685 0.106806
v -0.256618 0.046876 0.106806
v -0.256618 0.046876 0.106806
v -0.256636 0.046871 0.106646
v -0.256655 0.046921 0.106646
v -0.256655 0.046921 0.106646
v -0.25659 0.046596 0.106646
v -0.25659 0.046596 0.106646
v -0.256661 0.046046 0.106646
v -0.256661 0.046046 0.106646
v -0.256653 0.046084 0.106646
v -0.256653 0.046084 0.106646
v -0.256653 0.046084 0.106646
v -0.256599 0.046317 0.106646
v -0.256599 0.046317 0.106646
v -0.256593 0.046503 0.106646
v -0.256894 0.045617 0.106646
v -0.256894 0.045617 0.106646
v -0.256938 0.045564 0.106646
v -0.257638 0.045127 0.106646
v -0.257822 0.04509 0.106646
v -0.259409 0.046286 0.106646
v -0.259383 0.046129 0.106646
v -0.259052 0.047463 0.106646
v -0.259081 0.047435 0.106646
v -0.259243 0.047208 0.106646
v -0.259286 0.047112 0.106646
v -0.256571 0.043599 0.108989
v -0.256032 0.043935 0.108989
v -0.254941 0.045466 0.108989
v -0.254778 0.046719 0.108989
v -0.254883 0.047345 0.108989
v -0.259299 0.046694 0.106527
v -0.25795 0.045289 0.106439
v -0.257602 0.045288 0.106504
v -0.25763 0.04554 0.106259
v -0.25763 0.04554 0.106259
v -0.257431 0.045321 0.106537
v -0.257531 0.045574 0.106266
v -0.257531 0.045574 0.106266
v -0.257463 0.045313 0.10653
v -0.257463 0.045313 0.10653
v -0.257535 0.0453 0.106517
v -0.257349 0.045676 0.106279
v -0.257093 0.045468 0.106604
v -0.257093 0.045468 0.106604
v -0.257279 0.045735 0.106285
v -0.257279 0.045735 0.106285
v -0.257026 0.045511 0.106618
v -0.2579 0.045088 0.106642
v -0.259227 0.045941 0.106565
v -0.259216 0.045916 0.106566
v -0.259216 0.045916 0.106566
v -0.259164 0.045803 0.106572
v -0.258648 0.047571 0.106471
v -0.258707 0.047539 0.106475
v -0.258854 0.047436 0.106484
v -0.258246 0.047702 0.106448
v -0.257084 0.047187 0.106376
v -0.256929 0.046836 0.106356
v -0.256966 0.046951 0.106362
v -0.257062 0.047149 0.106374
v -0.256926 0.046827 0.106355
v -0.256945 0.046236 0.10632
v -0.256935 0.04627 0.106322
v -0.256908 0.046407 0.10633
v -0.256903 0.046436 0.106332
v -0.2569 0.046503 0.106336
v -0.256896 0.046607 0.106342
v -0.257115 0.045904 0.106299
v -0.257102 0.045922 0.1063
v -0.257091 0.045936 0.106301
v -0.257007 0.04608 0.10631
v -0.257007 0.04608 0.10631
v -0.256981 0.046147 0.106314
v -0.256981 0.046147 0.106314
v -0.256981 0.046147 0.106314
v -0.256967 0.046181 0.106316
v -0.259239 0.045786 0.104623
v -0.259239 0.045786 0.104623
v -0.25932 0.045947 0.102706
v -0.259387 0.046183 0.102688
v -0.259387 0.046183 0.102688
v -0.259365 0.046071 0.102617
v -0.259365 0.046071 0.102617
v -0.259351 0.046974 0.102629
v -0.25933 0.047015 0.102626
v -0.25933 0.047015 0.102626
v -0.259328 0.047015 0.102547
v -0.259328 0.047015 0.102547
v -0.259116 0.047378 0.102597
v -0.259116 0.047378 0.102597
v -0.258982 0.047538 0.102583
v -0.257217 0.047668 0.102445
v -0.256656 0.046939 0.1023
v -0.256693 0.047019 0.102306
v -0.256687 0.047023 0.102386
v -0.259226 0.045794 0.100151
v -0.259103 0.04559 0.100194
v -0.259103 0.04559 0.100194
v -0.259233 0.04579 0.100178
v -0.256779 0.045794 0.100389
v -0.256841 0.045689 0.100302
v -0.256784 0.045796 0.10031
v -0.256784 0.045796 0.10031
v -0.256784 0.045796 0.10031
v -0.256759 0.045822 0.100392
v -0.256685 0.045981 0.100324
v -0.256627 0.046836 0.100467
v -0.256678 0.046999 0.1004
v -0.256678 0.046999 0.1004
v -0.256696 0.047019 0.100481
v -0.256696 0.047019 0.100481
v -0.256696 0.047019 0.100481
v -0.256689 0.047021 0.100401
v -0.256689 0.047021 0.100401
v -0.256689 0.047021 0.100401
v -0.256748 0.047156 0.100491
v -0.25683 0.047295 0.100422
v -0.25683 0.047295 0.100422
v -0.256906 0.047383 0.10043
v -0.256906 0.047383 0.10043
v -0.257596 0.047854 0.100492
v -0.257661 0.047879 0.100497
v -0.258828 0.047663 0.100663
v -0.259172 0.04732 0.100619
v -0.259274 0.04715 0.100711
v -0.25933 0.047028 0.100641
v -0.259325 0.047013 0.100721
v -0.259333 0.047016 0.100642
v -0.259333 0.047016 0.100642
v -0.259393 0.04683 0.100735
v -0.259393 0.04683 0.100735
v -0.259418 0.046696 0.100666
v -0.25942 0.046603 0.100672
v -0.259432 0.04648 0.100761
v -0.259423 0.046347 0.100692
v -0.259385 0.046183 0.100704
v -0.259383 0.046132 0.100787
v -0.259383 0.046132 0.100787
v -0.259345 0.046011 0.100717
v -0.259345 0.046011 0.100717
v -0.259256 0.045816 0.10081
v -0.259237 0.045788 0.100813
v -0.259237 0.045788 0.100813
v -0.25906 0.045541 0.100833
v -0.257164 0.045356 0.100983
v -0.257084 0.04542 0.100911
v -0.257084 0.04542 0.100911
v -0.257047 0.045467 0.100995
v -0.257044 0.045463 0.100915
v -0.257044 0.045463 0.100915
v -0.257044 0.045463 0.100915
v -0.256911 0.045596 0.101008
v -0.256853 0.045672 0.100936
v -0.256784 0.045796 0.100945
v -0.25673 0.045878 0.101031
v -0.25673 0.045878 0.101031
v -0.256693 0.045962 0.100958
v -0.256693 0.045962 0.100958
v -0.256624 0.046187 0.101054
v -0.256631 0.046189 0.100975
v -0.256595 0.046609 0.101006
v -0.258926 0.047587 0.101228
v -0.259123 0.047384 0.101328
v -0.259119 0.04738 0.101248
v -0.259327 0.047014 0.101356
v -0.259407 0.046765 0.101375
v -0.258217 0.045103 0.101539
v -0.258078 0.045079 0.101549
v -0.257723 0.045107 0.101494
v -0.257395 0.045217 0.101519
v -0.257046 0.045465 0.10163
v -0.257045 0.045465 0.101551
v -0.256871 0.045646 0.101648
v -0.256704 0.045936 0.10167
v -0.256701 0.045942 0.101591
v -0.256629 0.046189 0.101689
v -0.256593 0.046609 0.101641
v -0.256593 0.046609 0.101641
v -0.256592 0.046621 0.101642
v -0.256663 0.046959 0.101667
v -0.257216 0.04767 0.101731
v -0.25731 0.047738 0.101819
v -0.257298 0.047732 0.101738
v -0.257298 0.047732 0.101738
v -0.257594 0.047857 0.101762
v -0.259118 0.04738 0.101962
v -0.259166 0.047328 0.101967
v -0.259314 0.047067 0.101908
v -0.259328 0.047034 0.10199
v -0.259329 0.047015 0.101912
v -0.259332 0.047016 0.101991
v -0.259412 0.046739 0.101932
v -0.259419 0.046603 0.102022
v -0.259419 0.046603 0.102022
v -0.259418 0.046603 0.101943
v -0.259418 0.046603 0.101943
v -0.259423 0.046346 0.102041
v -0.259423 0.046346 0.102041
v -0.259428 0.04639 0.101958
v -0.259385 0.046182 0.101974
v -0.259344 0.046007 0.102066
v -0.259359 0.046051 0.101984
v -0.257744 0.045103 0.102127
v -0.257391 0.045224 0.102234
v -0.257415 0.045208 0.102152
v -0.257415 0.045208 0.102152
v -0.257391 0.045222 0.102154
v -0.257061 0.04544 0.102263
v -0.257118 0.045392 0.102178
v -0.257118 0.045392 0.102178
v -0.257118 0.045392 0.102178
v -0.257042 0.045462 0.102265
v -0.257046 0.045465 0.102185
v -0.257046 0.045465 0.102185
v -0.256784 0.045796 0.102215
v -0.256679 0.045996 0.10231
v -0.256709 0.045923 0.102225
v -0.256709 0.045923 0.102225
v -0.256632 0.046189 0.102324
v -0.256628 0.046188 0.102245
v -0.256628 0.046188 0.102245
v -0.256628 0.046188 0.102245
v -0.256597 0.046334 0.102335
v -0.256597 0.046334 0.102335
v -0.256609 0.04625 0.102249
v -0.256609 0.04625 0.102249
v -0.256609 0.04625 0.102249
v -0.256609 0.04625 0.102249
v -0.256599 0.046609 0.102355
v -0.25659 0.046599 0.102275
v -0.257005 0.047507 0.102346
v -0.257215 0.047671 0.102366
v -0.258429 0.047852 0.102535
v -0.258371 0.047876 0.102531
v -0.259305 0.047086 0.102542
v -0.259417 0.046602 0.102578
v -0.259425 0.046603 0.102657
v -0.259425 0.046633 0.102655
v -0.259415 0.04628 0.102681
v -0.259429 0.046412 0.102592
v -0.259386 0.046182 0.102609
v -0.259231 0.045791 0.102718
v -0.259231 0.045791 0.102718
v -0.259237 0.045787 0.102638
v -0.259154 0.045656 0.102728
v -0.257392 0.045224 0.102789
v -0.257292 0.045272 0.102877
v -0.257042 0.045463 0.1029
v -0.257042 0.045463 0.1029
v -0.257134 0.045378 0.102812
v -0.257046 0.045466 0.10282
v -0.25678 0.045793 0.102929
v -0.256784 0.045796 0.10285
v -0.256784 0.045796 0.10285
v -0.256718 0.045904 0.102858
v -0.256718 0.045904 0.102858
v -0.256718 0.045904 0.102858
v -0.256658 0.046057 0.102949
v -0.256626 0.046188 0.102879
v -0.256626 0.046188 0.102879
v -0.256626 0.046188 0.102879
v -0.256632 0.046188 0.102959
v -0.256632 0.046188 0.102959
v -0.256613 0.046229 0.102883
v -0.256602 0.046609 0.10299
v -0.256595 0.046609 0.102911
v -0.256609 0.046752 0.103001
v -0.259326 0.047013 0.103261
v -0.25943 0.046567 0.103295
v -0.25943 0.046434 0.103225
v -0.259403 0.046215 0.103321
v -0.259387 0.046182 0.103244
v -0.259392 0.046182 0.103323
v -0.259392 0.046182 0.103323
v -0.259372 0.046091 0.103251
v -0.259294 0.045889 0.103345
v -0.258559 0.045188 0.103419
v -0.257235 0.045307 0.103517
v -0.257152 0.045365 0.103445
v -0.257152 0.045365 0.103445
v -0.257045 0.045466 0.103535
v -0.257047 0.045467 0.103455
v -0.257047 0.045467 0.103455
v -0.256904 0.045605 0.10347
v -0.256904 0.045605 0.10347
v -0.256904 0.045605 0.10347
v -0.256777 0.045793 0.103564
v -0.256783 0.045796 0.103485
v -0.256783 0.045796 0.103485
v -0.256727 0.045885 0.103492
v -0.256639 0.046119 0.103589
v -0.256639 0.046119 0.103589
v -0.256624 0.046187 0.103514
v -0.256624 0.046187 0.103514
v -0.256624 0.046187 0.103514
v -0.256624 0.046187 0.103514
v -0.256629 0.046188 0.103594
v -0.256629 0.046188 0.103594
v -0.256617 0.046207 0.103516
v -0.256617 0.046207 0.103516
v -0.256617 0.046207 0.103516
v -0.256587 0.046467 0.103615
v -0.256587 0.046467 0.103615
v -0.256588 0.046555 0.103542
v -0.256588 0.046555 0.103542
v -0.256588 0.046555 0.103542
v -0.256602 0.046608 0.103625
v -0.256597 0.046609 0.103546
v -0.256644 0.046898 0.103567
v -0.256906 0.047384 0.103605
v -0.256924 0.047419 0.103687
v -0.256975 0.047476 0.103613
v -0.258497 0.047836 0.10381
v -0.259118 0.04738 0.103867
v -0.259266 0.047167 0.103885
v -0.259266 0.047167 0.103885
v -0.259288 0.047124 0.103809
v -0.259325 0.047013 0.103896
v -0.259325 0.047013 0.103896
v -0.259326 0.047014 0.103817
v -0.259326 0.047014 0.103817
v -0.259388 0.046849 0.103909
v -0.259388 0.046849 0.103909
v -0.259399 0.046803 0.103833
v -0.259399 0.046803 0.103833
v -0.259419 0.046602 0.103927
v -0.259418 0.046602 0.103848
v -0.259392 0.046181 0.103958
v -0.259392 0.046181 0.103958
v -0.259389 0.046181 0.103879
v -0.259388 0.046151 0.10396
v -0.259388 0.046151 0.10396
v -0.258969 0.045462 0.103938
v -0.258811 0.045325 0.104032
v -0.258786 0.045308 0.103955
v -0.257047 0.045467 0.10409
v -0.257047 0.045467 0.10409
v -0.256918 0.045588 0.104103
v -0.256768 0.047195 0.104304
v -0.256765 0.047189 0.104224
v -0.256906 0.047384 0.10432
v -0.257212 0.047676 0.104271
v -0.258865 0.047636 0.104477
v -0.259094 0.04742 0.10442
v -0.259094 0.04742 0.10442
v -0.259116 0.047394 0.104502
v -0.259122 0.047384 0.104503
v -0.25912 0.047382 0.104423
v -0.259294 0.047111 0.104524
v -0.259294 0.047111 0.104524
v -0.259278 0.047143 0.104442
v -0.259326 0.047014 0.104531
v -0.259326 0.047014 0.104531
v -0.259325 0.047013 0.104452
v -0.259403 0.046784 0.104548
v -0.259403 0.046784 0.104548
v -0.259394 0.046824 0.104466
v -0.259394 0.046824 0.104466
v -0.259417 0.046602 0.104562
v -0.259432 0.046478 0.104492
v -0.259387 0.046182 0.104593
v -0.259387 0.046182 0.104593
v -0.25939 0.046181 0.104514
v -0.25939 0.046181 0.104514
v -0.259384 0.046133 0.104518
v -0.259384 0.046133 0.104518
v -0.259371 0.046088 0.1046
v -0.259371 0.046088 0.1046
v -0.258217 0.045099 0.104635
v -0.257394 0.045228 0.104694
v -0.257394 0.045228 0.104694
v -0.257394 0.045228 0.104694
v -0.257429 0.045201 0.10477
v -0.257495 0.045174 0.104686
v -0.257127 0.045384 0.104796
v -0.257127 0.045384 0.104796
v -0.257187 0.045339 0.104712
v -0.257187 0.045339 0.104712
v -0.257187 0.045339 0.104712
v -0.257046 0.045466 0.104805
v -0.257046 0.045466 0.104805
v -0.257046 0.045466 0.104805
v -0.257047 0.045467 0.104725
v -0.257047 0.045467 0.104725
v -0.257047 0.045467 0.104725
v -0.256883 0.045631 0.104822
v -0.256883 0.045631 0.104822
v -0.256883 0.045631 0.104822
v -0.256931 0.045572 0.104737
v -0.256931 0.045572 0.104737
v -0.256784 0.045796 0.104834
v -0.256745 0.045848 0.104759
v -0.256627 0.046165 0.104783
v -0.2566 0.046608 0.104816
v -0.2566 0.046608 0.104816
v -0.256592 0.046609 0.104895
v -0.256591 0.0466 0.104895
v -0.256658 0.046944 0.10492
v -0.256632 0.046857 0.104834
v -0.256632 0.046857 0.104834
v -0.256632 0.046857 0.104834
v -0.256693 0.047019 0.104926
v -0.256693 0.047019 0.104926
v -0.256696 0.047019 0.104846
v -0.257953 0.047921 0.105042
v -0.258012 0.047917 0.105046
v -0.258428 0.047848 0.105076
v -0.25862 0.047785 0.10509
v -0.258514 0.04783 0.105002
v -0.258808 0.047665 0.105107
v -0.258813 0.047672 0.105027
v -0.25932 0.047052 0.105163
v -0.259331 0.047016 0.105166
v -0.259415 0.046719 0.105188
v -0.259419 0.046602 0.105118
v -0.259419 0.046602 0.105118
v -0.259418 0.046603 0.105197
v -0.259418 0.046603 0.105197
v -0.259418 0.046603 0.105197
v -0.259432 0.046499 0.105125
v -0.259432 0.046499 0.105125
v -0.259425 0.046366 0.105214
v -0.259385 0.046183 0.105228
v -0.259234 0.045789 0.105258
v -0.259234 0.045789 0.105258
v -0.259268 0.045838 0.105174
v -0.259235 0.045789 0.105178
v -0.259235 0.045789 0.105178
v -0.259202 0.045724 0.105262
v -0.259202 0.045724 0.105262
v -0.259202 0.045724 0.105262
v -0.258982 0.045462 0.105286
v -0.258982 0.045462 0.105286
v -0.257046 0.045467 0.105361
v -0.256686 0.045978 0.105483
v -0.256755 0.04583 0.105393
v -0.256631 0.046189 0.105499
v -0.256631 0.046189 0.105499
v -0.256632 0.046144 0.105416
v -0.256627 0.046187 0.105419
v -0.256746 0.047153 0.105491
v -0.256903 0.047386 0.10551
v -0.258812 0.047673 0.105663
v -0.258967 0.047551 0.105756
v -0.259066 0.047452 0.105687
v -0.259192 0.047291 0.105781
v -0.259332 0.047015 0.105801
v -0.259332 0.047015 0.105801
v -0.259344 0.046992 0.105803
v -0.259344 0.046992 0.105803
v -0.259344 0.046992 0.105803
v -0.259384 0.046866 0.105733
v -0.259384 0.046866 0.105733
v -0.259423 0.046653 0.105828
v -0.259423 0.046653 0.105828
v -0.259423 0.046653 0.105828
v -0.259423 0.046653 0.105828
v -0.25942 0.046602 0.105752
v -0.25942 0.046602 0.105752
v -0.259423 0.046603 0.105832
v -0.259423 0.046603 0.105832
v -0.259432 0.046521 0.105759
v -0.259432 0.046521 0.105759
v -0.259418 0.0463 0.105854
v -0.259395 0.04618 0.105784
v -0.259394 0.046175 0.105784
v -0.259327 0.045965 0.105879
v -0.259278 0.045856 0.105808
v -0.259231 0.045791 0.105893
v -0.259234 0.04579 0.105813
v -0.259166 0.045672 0.105902
v -0.25897 0.045459 0.105922
v -0.258967 0.045463 0.105843
v -0.258933 0.045418 0.105926
v -0.257041 0.045461 0.106075
v -0.257046 0.045466 0.105995
v -0.257027 0.045471 0.106076
v -0.256765 0.045812 0.106027
v -0.256664 0.046038 0.106123
v -0.256664 0.046038 0.106123
v -0.256638 0.046124 0.10605
v -0.256638 0.046124 0.10605
v -0.256632 0.046189 0.106134
v -0.256601 0.046609 0.106165
v -0.256602 0.046608 0.106086
v -0.256606 0.046733 0.106174
v -0.256902 0.047387 0.106145
v -0.256902 0.047387 0.106145
v -0.256903 0.047386 0.106224
v -0.256918 0.047413 0.106147
v -0.258079 0.047921 0.10632
v -0.258416 0.047863 0.106344
v -0.258738 0.047722 0.10637
v -0.258808 0.047667 0.106377
v -0.259015 0.047506 0.106396
v -0.259365 0.046931 0.106443
v -0.259378 0.046887 0.106366
v -0.259426 0.046603 0.106467
v -0.259426 0.046603 0.106467
v -0.259422 0.046602 0.106388
v -0.259422 0.046602 0.106388
v -0.259429 0.046587 0.106468
v -0.259429 0.046587 0.106468
v -0.259431 0.046543 0.106392
v -0.259431 0.046543 0.106392
v -0.259431 0.046543 0.106392
v -0.259407 0.046235 0.106494
v -0.259407 0.046235 0.106494
v -0.259399 0.046196 0.106418
v -0.259394 0.046181 0.106419
v -0.259302 0.045906 0.106519
v -0.259302 0.045906 0.106519
v -0.259287 0.045875 0.106442
v -0.259232 0.045791 0.106528
v -0.258218 0.045093 0.10654
v -0.257908 0.045081 0.10664
v -0.256974 0.045524 0.106637
v -0.257556 0.045152 0.106586
v -0.259411 0.046546 0.100132
v -0.259405 0.046613 0.100129
v -0.259171 0.047226 0.100099
v -0.258914 0.046928 0.099739
v -0.259004 0.046291 0.099746
v -0.258824 0.045847 0.099775
v -0.258952 0.046087 0.099759
v -0.258785 0.045793 0.099778
v -0.258802 0.045815 0.099777
v -0.258802 0.045815 0.099777
v -0.257066 0.046431 0.099675
v -0.257087 0.046713 0.099675
v -0.256811 0.046706 0.099944
v -0.256804 0.04653 0.099935
v -0.256935 0.047114 0.099966
v -0.257191 0.046975 0.099675
v -0.257191 0.046975 0.099675
v -0.256845 0.04688 0.099954
v -0.256939 0.047121 0.099967
v -0.258428 0.047757 0.100054
v -0.258428 0.047757 0.100054
v -0.258604 0.047694 0.100063
v -0.25859 0.047699 0.100062
v -0.25859 0.047699 0.100062
v -0.257059 0.046822 0.100714
v -0.258849 0.047049 0.101575
v -0.258803 0.047124 0.101566
v -0.258871 0.045987 0.103592
v -0.258871 0.045987 0.103592
v -0.258871 0.045987 0.103592
v -0.258921 0.046066 0.103583
v -0.259108 0.045978 0.103464
v -0.259108 0.045978 0.103464
v -0.259108 0.045978 0.103464
v -0.257157 0.047029 0.103911
v -0.257103 0.046059 0.104444
v -0.257107 0.046046 0.104443
v -0.257107 0.046046 0.104443
v -0.258932 0.046902 0.104766
v -0.258932 0.046902 0.104766
v -0.258932 0.046902 0.104766
v -0.259108 0.047022 0.104643
v -0.259108 0.047022 0.104643
v -0.259006 0.046609 0.104796
v -0.258999 0.046702 0.104787
v -0.258999 0.046702 0.104787
v -0.259201 0.046743 0.104667
v -0.259201 0.046743 0.104667
v -0.259018 0.046452 0.104813
v -0.25872 0.047207 0.105364
v -0.258786 0.047436 0.105236
v -0.259008 0.046622 0.10543
v -0.259007 0.046656 0.105426
v -0.259211 0.046687 0.105307
v -0.259211 0.046687 0.105307
v -0.259211 0.046687 0.105307
v -0.258998 0.046328 0.105461
v -0.259015 0.046405 0.105453
v -0.25922 0.046386 0.105333
v -0.25922 0.046386 0.105333
v -0.25922 0.046386 0.105333
v -0.257174 0.045936 0.105701
v -0.257175 0.047069 0.10582
v -0.259184 0.046185 0.100906
v -0.25922 0.046614 0.102774
v -0.258479 0.045378 0.103538
v -0.258193 0.045298 0.103563
v -0.257961 0.047715 0.105161
v -0.259225 0.04654 0.10024
v -0.259065 0.047103 0.100191
v -0.259065 0.047103 0.100191
v -0.258893 0.047336 0.100168
v -0.258662 0.047526 0.100142
v -0.258662 0.047526 0.100142
v -0.258662 0.047526 0.100142
v -0.258389 0.047655 0.100116
v -0.258389 0.047655 0.100116
v -0.257001 0.046443 0.100039
v -0.257005 0.046421 0.100037
v -0.257005 0.046421 0.100037
v -0.257077 0.046127 0.100006
v -0.257077 0.046127 0.100006
v -0.257144 0.04598 0.099991
v -0.257144 0.04598 0.099991
v -0.257292 0.045789 0.099967
v -0.258764 0.045838 0.0998
v -0.258764 0.045838 0.0998
v -0.258814 0.04589 0.099792
v -0.258814 0.04589 0.099792
v -0.258934 0.046095 0.09977
v -0.258922 0.046073 0.099773
v -0.258922 0.046073 0.099773
v -0.259005 0.04633 0.099745
v -0.259136 0.046043 0.105998
v -0.259136 0.046043 0.105998
v -0.259214 0.046329 0.105973
v -0.259219 0.046631 0.105947
v -0.259219 0.046631 0.105947
v -0.25902 0.047176 0.105899
v -0.25915 0.046921 0.105922
v -0.258583 0.047573 0.105849
v -0.258841 0.045612 0.105405
v -0.259029 0.045837 0.105382
v -0.25913 0.046972 0.105283
v -0.258989 0.047221 0.10526
v -0.258989 0.047221 0.10526
v -0.258532 0.047598 0.105209
v -0.258532 0.047598 0.105209
v -0.259173 0.046147 0.104719
v -0.258955 0.047265 0.104621
v -0.258741 0.047471 0.104596
v -0.258193 0.047702 0.104544
v -0.259083 0.045929 0.104103
v -0.259083 0.045929 0.104103
v -0.259188 0.046201 0.10408
v -0.259188 0.046201 0.10408
v -0.259188 0.046201 0.10408
v -0.259226 0.0465 0.104054
v -0.259188 0.046798 0.104028
v -0.259188 0.046798 0.104028
v -0.259084 0.04707 0.104004
v -0.258695 0.047504 0.103956
v -0.258427 0.047642 0.10393
v -0.258741 0.045529 0.103512
v -0.258955 0.045735 0.103487
v -0.258955 0.045735 0.103487
v -0.259201 0.046256 0.10344
v -0.259173 0.046852 0.103388
v -0.259173 0.046852 0.103388
v -0.259057 0.047117 0.103365
v -0.259057 0.047117 0.103365
v -0.259057 0.047117 0.103365
v -0.258881 0.047348 0.103342
v -0.258881 0.047348 0.103342
v -0.258647 0.047536 0.103316
v -0.258786 0.045564 0.102872
v -0.258988 0.045779 0.102847
v -0.258988 0.045779 0.102847
v -0.25913 0.046027 0.102825
v -0.259029 0.047163 0.102726
v -0.259029 0.047163 0.102726
v -0.259029 0.047163 0.102726
v -0.258841 0.047387 0.102702
v -0.258841 0.047387 0.102702
v -0.258841 0.047387 0.102702
v -0.258598 0.047564 0.102676
v -0.258319 0.047676 0.10265
v -0.259218 0.046369 0.10216
v -0.259218 0.046369 0.10216
v -0.259214 0.04667 0.102134
v -0.259214 0.04667 0.102134
v -0.259136 0.046957 0.102109
v -0.258998 0.047208 0.102087
v -0.258547 0.047591 0.102036
v -0.258547 0.047591 0.102036
v -0.258265 0.047689 0.10201
v -0.258068 0.045285 0.101668
v -0.259204 0.046727 0.101494
v -0.259115 0.047007 0.10147
v -0.258908 0.04568 0.100952
v -0.258908 0.04568 0.100952
v -0.259075 0.045915 0.100929
v -0.25893 0.047294 0.100808
v -0.258709 0.047495 0.100782
v -0.258944 0.045722 0.100313
v -0.258727 0.045518 0.100338
v -0.258727 0.045518 0.100338
v -0.259004 0.046339 0.106095
v -0.259004 0.046339 0.106095
v -0.259004 0.046339 0.106095
v -0.258945 0.04612 0.106118
v -0.258849 0.047062 0.106019
v -0.258774 0.047149 0.106007
v -0.258485 0.047391 0.105968
v -0.258485 0.047391 0.105968
v -0.258675 0.047257 0.105993
v -0.258675 0.047257 0.105993
v -0.257079 0.046884 0.105801
v -0.257079 0.046884 0.105801
v -0.257065 0.046858 0.105798
v -0.257006 0.046618 0.105773
v -0.258907 0.046053 0.10549
v -0.258994 0.046701 0.105422
v -0.258994 0.046701 0.105422
v -0.258823 0.047099 0.105379
v -0.258823 0.047099 0.105379
v -0.258823 0.047099 0.105379
v -0.258892 0.046976 0.105393
v -0.258892 0.046976 0.105393
v -0.25894 0.046892 0.105402
v -0.258486 0.047384 0.105334
v -0.258486 0.047384 0.105334
v -0.258443 0.047412 0.105328
v -0.257067 0.046852 0.105162
v -0.25703 0.046275 0.105102
v -0.25703 0.046275 0.105102
v -0.257015 0.046321 0.105106
v -0.257139 0.046001 0.105072
v -0.25721 0.045883 0.10506
v -0.257424 0.045683 0.10503
v -0.258733 0.045796 0.104885
v -0.258806 0.045892 0.104873
v -0.258879 0.045987 0.104861
v -0.258633 0.047291 0.104717
v -0.258617 0.047307 0.104715
v -0.258162 0.047498 0.104663
v -0.258378 0.047437 0.104686
v -0.257128 0.046994 0.104542
v -0.257255 0.047167 0.104562
v -0.257421 0.045679 0.104395
v -0.257542 0.045613 0.10438
v -0.257879 0.045498 0.104344
v -0.258901 0.046026 0.104222
v -0.258965 0.04619 0.104205
v -0.258965 0.04619 0.104205
v -0.258965 0.04619 0.104205
v -0.258988 0.046252 0.104199
v -0.259019 0.0465 0.104173
v -0.259019 0.0465 0.104173
v -0.258901 0.046974 0.104123
v -0.258901 0.046974 0.104123
v -0.258983 0.046763 0.104145
v -0.258988 0.046748 0.104147
v -0.258682 0.047244 0.104089
v -0.258765 0.04717 0.1041
v -0.257025 0.046725 0.103879
v -0.257002 0.046503 0.103855
v -0.257002 0.046503 0.103855
v -0.257177 0.045939 0.103795
v -0.257371 0.045727 0.103767
v -0.257269 0.045813 0.103781
v -0.258795 0.045865 0.103606
v -0.258795 0.045865 0.103606
v -0.258687 0.045761 0.103621
v -0.258687 0.045761 0.103621
v -0.258617 0.045693 0.103631
v -0.258983 0.046251 0.103564
v -0.258999 0.046298 0.103559
v -0.259018 0.046544 0.103533
v -0.259018 0.046547 0.103533
v -0.25888 0.047012 0.103484
v -0.25896 0.046829 0.103503
v -0.25896 0.046829 0.103503
v -0.258976 0.046792 0.103507
v -0.258976 0.046792 0.103507
v -0.258976 0.046792 0.103507
v -0.258829 0.047079 0.103476
v -0.258829 0.047079 0.103476
v -0.258829 0.047079 0.103476
v -0.258539 0.04736 0.103435
v -0.258733 0.047204 0.103461
v -0.258372 0.047436 0.103416
v -0.257302 0.04721 0.103299
v -0.257383 0.047292 0.103311
v -0.257383 0.047292 0.103311
v -0.257071 0.046139 0.103182
v -0.257071 0.046139 0.103182
v -0.257216 0.045886 0.103154
v -0.257151 0.045968 0.103164
v -0.258739 0.045812 0.102978
v -0.258999 0.046314 0.102922
v -0.259007 0.046344 0.102919
v -0.258962 0.046836 0.102867
v -0.258962 0.046836 0.102867
v -0.259011 0.04661 0.102891
v -0.259011 0.04661 0.102891
v -0.259015 0.046595 0.102893
v -0.259015 0.046595 0.102893
v -0.258786 0.047134 0.102834
v -0.258786 0.047134 0.102834
v -0.258856 0.04705 0.102845
v -0.258856 0.04705 0.102845
v -0.258572 0.04733 0.102804
v -0.258498 0.047384 0.102795
v -0.257116 0.046043 0.102537
v -0.257283 0.045808 0.102509
v -0.257775 0.045518 0.102449
v -0.257336 0.045747 0.102501
v -0.257785 0.045516 0.102448
v -0.259013 0.046401 0.102278
v -0.258994 0.046698 0.102247
v -0.259009 0.046642 0.102253
v -0.258814 0.047106 0.102203
v -0.258607 0.047307 0.102174
v -0.258607 0.047307 0.102174
v -0.258429 0.047415 0.102152
v -0.258456 0.047406 0.102155
v -0.257426 0.047315 0.102046
v -0.257513 0.047379 0.102057
v -0.258849 0.045946 0.101691
v -0.258927 0.046921 0.101589
v -0.259002 0.046688 0.101613
v -0.258413 0.047426 0.101515
v -0.258558 0.04734 0.101533
v -0.258628 0.047298 0.101541
v -0.257 0.046538 0.101319
v -0.257 0.046538 0.101319
v -0.257101 0.046058 0.101269
v -0.258592 0.045679 0.101094
v -0.258756 0.045819 0.101071
v -0.258806 0.045891 0.101063
v -0.258895 0.046014 0.101049
v -0.258895 0.046014 0.101049
v -0.258947 0.046144 0.101035
v -0.258985 0.046238 0.101025
v -0.259011 0.046427 0.101005
v -0.259011 0.046427 0.101005
v -0.259011 0.046427 0.101005
v -0.259019 0.046486 0.100999
v -0.258774 0.04716 0.100927
v -0.258893 0.046983 0.100947
v -0.258908 0.046962 0.100949
v -0.258721 0.047208 0.100919
v -0.25859 0.047326 0.100901
v -0.257113 0.046966 0.100729
v -0.256999 0.046491 0.100679
v -0.257031 0.046256 0.100655
v -0.257031 0.046256 0.100655
v -0.257033 0.046243 0.100653
v -0.257122 0.046018 0.10063
v -0.258606 0.045685 0.100457
v -0.258671 0.045746 0.100448
v -0.258915 0.046054 0.100409
v -0.258978 0.046232 0.100391
v -0.258978 0.046232 0.100391
v -0.258996 0.046284 0.100385
v -0.259018 0.046523 0.10036
v -0.259018 0.046523 0.10036
v -0.259019 0.046533 0.100359
v -0.258886 0.047001 0.10031
v -0.258886 0.047001 0.10031
v -0.258966 0.046812 0.10033
v -0.258966 0.046812 0.10033
v -0.25898 0.046779 0.100333
v -0.258838 0.047066 0.100302
v -0.258743 0.047194 0.100287
v -0.258386 0.04743 0.100242
v -0.258325 0.047459 0.100235
v -0.257304 0.047213 0.100124
v -0.258859 0.045954 0.101134
v -0.258859 0.045954 0.101134
v -0.258749 0.045812 0.103692
v -0.258749 0.045812 0.103692
v -0.257082 0.046884 0.10588
v -0.257223 0.04713 0.105907
v -0.258919 0.046063 0.106203
v -0.258952 0.046861 0.099769
v -0.258917 0.046928 0.099762
v -0.258996 0.046284 0.10618
v -0.25889 0.046995 0.106105
v -0.258671 0.047253 0.106072
v -0.257029 0.046737 0.105864
v -0.257024 0.046723 0.105863
v -0.257024 0.046723 0.105863
v -0.257 0.046477 0.105837
v -0.257051 0.046195 0.105808
v -0.257125 0.046011 0.105788
v -0.257311 0.045778 0.105759
v -0.257451 0.045658 0.10574
v -0.25891 0.046043 0.10557
v -0.258913 0.04605 0.105569
v -0.258985 0.04676 0.105495
v -0.258897 0.046982 0.105471
v -0.258486 0.047382 0.105413
v -0.257112 0.046964 0.105253
v -0.257112 0.046964 0.105253
v -0.25707 0.046851 0.105241
v -0.25707 0.046851 0.105241
v -0.256999 0.046493 0.105204
v -0.257028 0.046274 0.105181
v -0.257028 0.046274 0.105181
v -0.257028 0.046274 0.105181
v -0.257032 0.046247 0.105178
v -0.257136 0.045999 0.105152
v -0.257136 0.045999 0.105152
v -0.257216 0.045884 0.105138
v -0.257423 0.045681 0.105109
v -0.257423 0.045681 0.105109
v -0.257438 0.045667 0.105107
v -0.257438 0.045667 0.105107
v -0.258593 0.045677 0.104983
v -0.258769 0.045835 0.104959
v -0.258808 0.045891 0.104952
v -0.259019 0.0465 0.104887
v -0.258989 0.046745 0.104861
v -0.258631 0.047289 0.104796
v -0.258587 0.047329 0.10479
v -0.257439 0.047333 0.104667
v -0.257254 0.047171 0.104642
v -0.257253 0.047168 0.104642
v -0.257119 0.046977 0.10462
v -0.257096 0.046919 0.104613
v -0.256999 0.046508 0.10457
v -0.257018 0.046349 0.104554
v -0.257028 0.046262 0.104545
v -0.257104 0.046059 0.104523
v -0.257104 0.046059 0.104523
v -0.257104 0.046059 0.104523
v -0.257112 0.046037 0.104521
v -0.257244 0.045841 0.104499
v -0.257312 0.045779 0.104489
v -0.257312 0.045779 0.104489
v -0.257426 0.045676 0.104474
v -0.257827 0.045512 0.104428
v -0.25788 0.045498 0.104423
v -0.258981 0.046762 0.104225
v -0.258981 0.046762 0.104225
v -0.25891 0.046956 0.104204
v -0.25878 0.047153 0.104182
v -0.257265 0.047182 0.104009
v -0.257155 0.04703 0.103991
v -0.257155 0.04703 0.103991
v -0.257155 0.04703 0.103991
v -0.257126 0.04699 0.103986
v -0.257126 0.04699 0.103986
v -0.257038 0.046773 0.103963
v -0.257036 0.046768 0.103963
v -0.257 0.046524 0.103937
v -0.257002 0.046504 0.103935
v -0.257105 0.04605 0.103887
v -0.257105 0.04605 0.103887
v -0.257178 0.045939 0.103875
v -0.257178 0.045939 0.103875
v -0.257234 0.045853 0.103865
v -0.257369 0.045726 0.103846
v -0.258875 0.045985 0.103671
v -0.259012 0.046543 0.103613
v -0.258996 0.046715 0.103595
v -0.257465 0.047351 0.1034
v -0.257299 0.047213 0.103378
v -0.257299 0.047213 0.103378
v -0.25704 0.046783 0.103329
v -0.257028 0.046708 0.103321
v -0.257021 0.046292 0.103278
v -0.257021 0.046292 0.103278
v -0.257073 0.046139 0.103262
v -0.257073 0.046139 0.103262
v -0.257099 0.046063 0.103254
v -0.257213 0.045883 0.103234
v -0.257422 0.045682 0.103204
v -0.258086 0.045493 0.103134
v -0.258242 0.045524 0.103118
v -0.258977 0.04621 0.103013
v -0.258995 0.046314 0.103001
v -0.259018 0.046453 0.102987
v -0.259018 0.046453 0.102987
v -0.259006 0.04661 0.102971
v -0.259006 0.04661 0.102971
v -0.258999 0.0467 0.102961
v -0.258999 0.0467 0.102961
v -0.258999 0.0467 0.102961
v -0.258934 0.046896 0.102941
v -0.258923 0.04693 0.102937
v -0.258799 0.04713 0.102915
v -0.257087 0.046894 0.102706
v -0.257044 0.046797 0.102696
v -0.257017 0.046321 0.102646
v -0.257018 0.046307 0.102644
v -0.257092 0.046077 0.10262
v -0.257114 0.046042 0.102616
v -0.257283 0.045809 0.102588
v -0.257283 0.045809 0.102588
v -0.257388 0.045704 0.102573
v -0.257786 0.04552 0.102528
v -0.259002 0.046685 0.102328
v -0.258815 0.047107 0.102283
v -0.258808 0.047118 0.102281
v -0.258637 0.047292 0.102257
v -0.258608 0.047309 0.102253
v -0.257718 0.047467 0.10216
v -0.257687 0.047454 0.102156
v -0.257491 0.047367 0.102134
v -0.257068 0.046853 0.102067
v -0.257049 0.046812 0.102062
v -0.257002 0.04657 0.102037
v -0.257015 0.046323 0.102011
v -0.25703 0.046274 0.102006
v -0.257043 0.046232 0.102001
v -0.257086 0.04609 0.101987
v -0.25734 0.04575 0.101945
v -0.257376 0.045713 0.10194
v -0.258108 0.0455 0.101861
v -0.25885 0.045946 0.101771
v -0.258857 0.045954 0.10177
v -0.259013 0.046501 0.101712
v -0.259005 0.04667 0.101694
v -0.25885 0.04705 0.101654
v -0.258817 0.047106 0.101648
v -0.258649 0.047282 0.101623
v -0.258558 0.047339 0.101612
v -0.258439 0.047414 0.101597
v -0.25705 0.046808 0.101427
v -0.257003 0.046586 0.101404
v -0.257003 0.046586 0.101404
v -0.257006 0.04652 0.101397
v -0.257019 0.046317 0.101375
v -0.257019 0.046317 0.101375
v -0.25708 0.046104 0.101353
v -0.25708 0.046104 0.101353
v -0.25859 0.045682 0.101173
v -0.258963 0.046167 0.101112
v -0.259015 0.046407 0.101087
v -0.259014 0.046426 0.101085
v -0.25872 0.047208 0.100999
v -0.25872 0.047208 0.100999
v -0.258941 0.046889 0.101036
v -0.25866 0.047272 0.10099
v -0.257387 0.047287 0.10085
v -0.257164 0.047052 0.100818
v -0.257006 0.046557 0.100766
v -0.257036 0.046258 0.100734
v -0.257036 0.046258 0.100734
v -0.257075 0.046118 0.10072
v -0.258843 0.04593 0.099867
v -0.257341 0.045743 0.10004
v -0.257223 0.045875 0.100057
v -0.25718 0.045924 0.100064
v -0.257073 0.046125 0.100085
v -0.257073 0.046125 0.100085
v -0.257073 0.046125 0.100085
v -0.257069 0.046132 0.100086
v -0.257008 0.046368 0.100111
v -0.257008 0.04642 0.100116
v -0.257008 0.04642 0.100116
v -0.257302 0.047215 0.100204
v -0.257329 0.047247 0.100208
v -0.258835 0.047082 0.100381
v -0.258947 0.046875 0.100403
v -0.25901 0.046639 0.100428
v -0.259011 0.046523 0.10044
v -0.259013 0.046391 0.100453
v -0.259013 0.046391 0.100453
v -0.258976 0.046232 0.10047
v -0.258958 0.046152 0.100479
v -0.258958 0.046152 0.100479
v -0.257352 0.045733 0.100673
v -0.257325 0.045762 0.100677
v -0.256884 0.04604 0.100839
v -0.257782 0.045305 0.102008
v -0.256819 0.04625 0.103397
v -0.256819 0.04625 0.103397
v -0.256819 0.04625 0.103397
v -0.258137 0.045291 0.10452
v -0.257077 0.04728 0.106028
v -0.258191 0.045297 0.106421
v -0.256921 0.047043 0.106006
v -0.256823 0.046769 0.105982
v -0.257337 0.045487 0.105859
v -0.256929 0.047058 0.105372
v -0.256929 0.047058 0.105372
v -0.256793 0.046491 0.105323
v -0.257322 0.045497 0.105226
v -0.257322 0.045497 0.105226
v -0.2571 0.045693 0.105251
v -0.2571 0.045693 0.105251
v -0.257322 0.047504 0.104786
v -0.256937 0.047074 0.104739
v -0.256832 0.046805 0.104715
v -0.256793 0.04651 0.104689
v -0.256827 0.046214 0.104664
v -0.256928 0.045943 0.10464
v -0.257088 0.045707 0.104618
v -0.257088 0.045707 0.104618
v -0.257306 0.045508 0.104593
v -0.257306 0.045508 0.104593
v -0.257569 0.045366 0.104567
v -0.258422 0.045356 0.104496
v -0.257338 0.047514 0.104153
v -0.257113 0.047321 0.104128
v -0.257113 0.047321 0.104128
v -0.256946 0.047089 0.104105
v -0.256946 0.047089 0.104105
v -0.256946 0.047089 0.104105
v -0.25692 0.045958 0.104006
v -0.257076 0.04572 0.103984
v -0.257076 0.04572 0.103984
v -0.257076 0.04572 0.103984
v -0.257291 0.045519 0.103959
v -0.257291 0.045519 0.103959
v -0.256842 0.04684 0.103448
v -0.256842 0.04684 0.103448
v -0.256794 0.046547 0.103423
v -0.256913 0.045974 0.103373
v -0.257064 0.045734 0.103351
v -0.257064 0.045734 0.103351
v -0.257276 0.04553 0.103326
v -0.257276 0.04553 0.103326
v -0.257535 0.04538 0.1033
v -0.258101 0.045287 0.103253
v -0.256847 0.046858 0.102815
v -0.256815 0.046268 0.102763
v -0.256905 0.04599 0.102739
v -0.256905 0.04599 0.102739
v -0.257261 0.045541 0.102692
v -0.257658 0.047664 0.102279
v -0.256972 0.047135 0.102204
v -0.256853 0.046875 0.102181
v -0.256853 0.046875 0.102181
v -0.256812 0.046286 0.10213
v -0.256812 0.046286 0.10213
v -0.256812 0.046286 0.10213
v -0.256898 0.046007 0.102106
v -0.257042 0.045763 0.102084
v -0.257247 0.045553 0.102059
v -0.257247 0.045553 0.102059
v -0.257247 0.045553 0.102059
v -0.257247 0.045553 0.102059
v -0.257501 0.045395 0.102033
v -0.258066 0.045285 0.101985
v -0.258352 0.045333 0.101962
v -0.257401 0.047553 0.101619
v -0.256798 0.046603 0.101523
v -0.256798 0.046603 0.101523
v -0.256798 0.046603 0.101523
v -0.256858 0.046893 0.101548
v -0.256809 0.046305 0.101497
v -0.256891 0.046023 0.101472
v -0.257764 0.045309 0.101374
v -0.257177 0.047387 0.10096
v -0.257418 0.047563 0.100986
v -0.256799 0.046622 0.100889
v -0.256806 0.046323 0.100863
v -0.256806 0.046323 0.100863
v -0.257021 0.045792 0.100817
v -0.257218 0.045576 0.100792
v -0.257218 0.045576 0.100792
v -0.257218 0.045576 0.100792
v -0.257711 0.047679 0.100378
v -0.257191 0.047399 0.100327
v -0.257001 0.047179 0.100303
v -0.257001 0.047179 0.100303
v -0.257001 0.047179 0.100303
v -0.256877 0.046057 0.100205
v -0.25701 0.045806 0.100183
v -0.253593 -0.046526 0.106646
v -0.253593 -0.046526 0.106646
v -0.253587 -0.04642 0.106646
v -0.253568 -0.04642 0.106806
v -0.253568 -0.04642 0.106806
v -0.253568 -0.04642 0.106806
v -0.253602 -0.046139 0.106806
v -0.256381 -0.047052 0.106958
v -0.256381 -0.047052 0.106958
v -0.256417 -0.046761 0.106806
v -0.256417 -0.046761 0.106806
v -0.256417 -0.046761 0.106806
v -0.256417 -0.046761 0.106806
v -0.253746 -0.047256 0.106958
v -0.253969 -0.047448 0.106806
v -0.254465 -0.045054 0.106958
v -0.253862 -0.04755 0.107092
v -0.253972 -0.045368 0.106958
v -0.254432 -0.044969 0.107092
v -0.254732 -0.044885 0.107092
v -0.253421 -0.046417 0.107092
v -0.253421 -0.046417 0.107092
v -0.253421 -0.046417 0.107092
v -0.253421 -0.046417 0.107092
v -0.253511 -0.046419 0.106958
v -0.253511 -0.046419 0.106958
v -0.253511 -0.046419 0.106958
v -0.253458 -0.046107 0.107092
v -0.253458 -0.046107 0.107092
v -0.253458 -0.046107 0.107092
v -0.253546 -0.046127 0.106958
v -0.253546 -0.046127 0.106958
v -0.253554 -0.045811 0.107092
v -0.253637 -0.045848 0.106958
v -0.253637 -0.045848 0.106958
v -0.253707 -0.04554 0.107092
v -0.253781 -0.045592 0.106958
v -0.25367 -0.047305 0.107092
v -0.253529 -0.047027 0.107092
v -0.256561 -0.046793 0.107092
v -0.256312 -0.04736 0.107092
v -0.256429 -0.046198 0.106806
v -0.256451 -0.04648 0.106806
v -0.256485 -0.046189 0.106958
v -0.256353 -0.045926 0.106806
v -0.256353 -0.045926 0.106806
v -0.256225 -0.045674 0.106806
v -0.254422 -0.045161 0.106646
v -0.253689 -0.04587 0.106806
v -0.253689 -0.04587 0.106806
v -0.253828 -0.045624 0.106806
v -0.253828 -0.045624 0.106806
v -0.25359 -0.046701 0.106806
v -0.253534 -0.046711 0.106958
v -0.253445 -0.046727 0.107092
v -0.253445 -0.046727 0.107092
v -0.253445 -0.046727 0.107092
v -0.253613 -0.046994 0.106958
v -0.253613 -0.046994 0.106958
v -0.253794 -0.047226 0.106806
v -0.256191 -0.047276 0.106806
v -0.256237 -0.047308 0.106958
v -0.256329 -0.047029 0.106806
v -0.256329 -0.047029 0.106806
v -0.25632 -0.046997 0.106646
v -0.25632 -0.046997 0.106646
v -0.25625 -0.045768 0.106646
v -0.254244 -0.045251 0.106646
v -0.254012 -0.045409 0.106806
v -0.254012 -0.045409 0.106806
v -0.254025 -0.045423 0.106646
v -0.254025 -0.045423 0.106646
v -0.254067 -0.045391 0.106646
v -0.253844 -0.045635 0.106646
v -0.253844 -0.045635 0.106646
v -0.253633 -0.046105 0.106646
v -0.253707 -0.045878 0.106646
v -0.253707 -0.045878 0.106646
v -0.253798 -0.045716 0.106646
v -0.253599 -0.046631 0.106646
v -0.253599 -0.046631 0.106646
v -0.253599 -0.046631 0.106646
v -0.253599 -0.046631 0.106646
v -0.253609 -0.046698 0.106646
v -0.253983 -0.047434 0.106646
v -0.2541 -0.047542 0.106646
v -0.256175 -0.047265 0.106646
v -0.256097 -0.047356 0.106646
v -0.256398 -0.046757 0.106646
v -0.256419 -0.046585 0.106646
v -0.258247 -0.046518 0.108989
v -0.258172 -0.047148 0.108989
v -0.252672 -0.048691 0.108989
v -0.251992 -0.047626 0.108989
v -0.251821 -0.047015 0.108989
v -0.251821 -0.047015 0.108989
v -0.251772 -0.046382 0.108989
v -0.251772 -0.046382 0.108989
v -0.251847 -0.045752 0.108989
v -0.253728 -0.046921 0.106591
v -0.254019 -0.046815 0.106279
v -0.254019 -0.046815 0.106279
v -0.253691 -0.046861 0.106604
v -0.253691 -0.046861 0.106604
v -0.253691 -0.046861 0.106604
v -0.253691 -0.046861 0.106604
v -0.253988 -0.046728 0.106285
v -0.253988 -0.046728 0.106285
v -0.253657 -0.046789 0.106618
v -0.253657 -0.046789 0.106618
v -0.253657 -0.046789 0.106618
v -0.253965 -0.046662 0.106289
v -0.255383 -0.047758 0.106585
v -0.255791 -0.047539 0.106564
v -0.255864 -0.047477 0.106559
v -0.255991 -0.047342 0.10655
v -0.255997 -0.047334 0.10655
v -0.255764 -0.047558 0.106565
v -0.255741 -0.047573 0.106566
v -0.255741 -0.047573 0.106566
v -0.255639 -0.047643 0.106572
v -0.256167 -0.047055 0.106533
v -0.256139 -0.047119 0.106537
v -0.256247 -0.046195 0.10649
v -0.255832 -0.045542 0.106448
v -0.255862 -0.045568 0.10645
v -0.256002 -0.045711 0.106461
v -0.256002 -0.045711 0.106461
v -0.256101 -0.04585 0.10647
v -0.254349 -0.045525 0.106362
v -0.254379 -0.045499 0.106365
v -0.254422 -0.045468 0.106367
v -0.254533 -0.045405 0.106374
v -0.254156 -0.045722 0.106347
v -0.254141 -0.04574 0.106346
v -0.254018 -0.045961 0.10633
v -0.254029 -0.045933 0.106332
v -0.25406 -0.045875 0.106336
v -0.254111 -0.045784 0.106342
v -0.253935 -0.046499 0.106299
v -0.253937 -0.046508 0.106298
v -0.253937 -0.046508 0.106298
v -0.253641 -0.046746 0.106625
v -0.253932 -0.046459 0.106301
v -0.253934 -0.046293 0.10631
v -0.253665 -0.046004 0.104864
v -0.253665 -0.046004 0.104864
v -0.253662 -0.046003 0.104784
v -0.254407 -0.047739 0.104639
v -0.255694 -0.047696 0.104623
v -0.254351 -0.047711 0.102738
v -0.255847 -0.0476 0.102706
v -0.256025 -0.047433 0.102688
v -0.256406 -0.046691 0.102626
v -0.256431 -0.046402 0.102607
v -0.25641 -0.046269 0.102597
v -0.255765 -0.045245 0.102508
v -0.255476 -0.047794 0.100194
v -0.255691 -0.047689 0.100178
v -0.253646 -0.04684 0.100281
v -0.253591 -0.04642 0.100389
v -0.253591 -0.04642 0.100389
v -0.25359 -0.046542 0.100302
v -0.25359 -0.046542 0.100302
v -0.253596 -0.046421 0.10031
v -0.253607 -0.04621 0.100324
v -0.253644 -0.046049 0.100415
v -0.253669 -0.046005 0.10034
v -0.253669 -0.046005 0.10034
v -0.253706 -0.045881 0.100349
v -0.253706 -0.045881 0.100349
v -0.253784 -0.045727 0.100441
v -0.253856 -0.045627 0.100371
v -0.253856 -0.045627 0.100371
v -0.253859 -0.04563 0.10045
v -0.253884 -0.04558 0.100375
v -0.256066 -0.04551 0.10063
v -0.256129 -0.045573 0.100637
v -0.256216 -0.045696 0.100569
v -0.256302 -0.045861 0.100662
v -0.256302 -0.045861 0.100662
v -0.256302 -0.045861 0.100662
v -0.256294 -0.045864 0.100582
v -0.256294 -0.045864 0.100582
v -0.256311 -0.045876 0.100663
v -0.256311 -0.045876 0.100663
v -0.256401 -0.04669 0.100721
v -0.25641 -0.046691 0.100642
v -0.256364 -0.046882 0.100735
v -0.256269 -0.04709 0.100752
v -0.25627 -0.04709 0.100672
v -0.25627 -0.04709 0.100672
v -0.256217 -0.047201 0.100761
v -0.256217 -0.047201 0.100761
v -0.256141 -0.047311 0.100692
v -0.255901 -0.047559 0.100717
v -0.255724 -0.04768 0.10081
v -0.255691 -0.04769 0.100733
v -0.255691 -0.04769 0.100733
v -0.255693 -0.047693 0.100813
v -0.255619 -0.047735 0.100739
v -0.253695 -0.046993 0.100983
v -0.253659 -0.046898 0.100911
v -0.253659 -0.046898 0.100911
v -0.253652 -0.046838 0.100995
v -0.253652 -0.046838 0.100995
v -0.253648 -0.046839 0.100915
v -0.253602 -0.046658 0.101008
v -0.253591 -0.046563 0.100936
v -0.253595 -0.04642 0.101024
v -0.253871 -0.045597 0.101008
v -0.25411 -0.045348 0.101033
v -0.256297 -0.045864 0.101297
v -0.256294 -0.045864 0.101217
v -0.256336 -0.045938 0.101303
v -0.256421 -0.046274 0.101328
v -0.256421 -0.046274 0.101328
v -0.256426 -0.046327 0.101252
v -0.256426 -0.046327 0.101252
v -0.256423 -0.046609 0.10135
v -0.256423 -0.046609 0.10135
v -0.256423 -0.046609 0.10135
v -0.256416 -0.046658 0.101274
v -0.256326 -0.046989 0.101299
v -0.256268 -0.047089 0.101387
v -0.256269 -0.047089 0.101308
v -0.25618 -0.047257 0.101401
v -0.256024 -0.047433 0.101418
v -0.255693 -0.047694 0.101448
v -0.255693 -0.047694 0.101448
v -0.255691 -0.047691 0.101368
v -0.255669 -0.04771 0.10145
v -0.255669 -0.04771 0.10145
v -0.255669 -0.04771 0.10145
v -0.255637 -0.047726 0.101373
v -0.255351 -0.047831 0.101473
v -0.254103 -0.047538 0.101489
v -0.254045 -0.047495 0.101494
v -0.253831 -0.047246 0.101597
v -0.253821 -0.047231 0.101519
v -0.253821 -0.047231 0.101519
v -0.25382 -0.047225 0.101599
v -0.253593 -0.046583 0.101569
v -0.253597 -0.04642 0.10158
v -0.253597 -0.04642 0.10158
v -0.2536 -0.046259 0.10167
v -0.253601 -0.046252 0.101591
v -0.253667 -0.046004 0.101609
v -0.253689 -0.045921 0.101616
v -0.256064 -0.045511 0.101901
v -0.256207 -0.045682 0.101917
v -0.256413 -0.046269 0.101962
v -0.256413 -0.046269 0.101962
v -0.256416 -0.046268 0.101883
v -0.256424 -0.046306 0.101886
v -0.256427 -0.046338 0.101967
v -0.256406 -0.04669 0.101912
v -0.256319 -0.047006 0.102015
v -0.256334 -0.046969 0.101932
v -0.256334 -0.046969 0.101932
v -0.25627 -0.04709 0.102022
v -0.25627 -0.04709 0.102022
v -0.256269 -0.047089 0.101943
v -0.256269 -0.047089 0.101943
v -0.256141 -0.047311 0.102041
v -0.253596 -0.046421 0.102295
v -0.253597 -0.04642 0.102215
v -0.25361 -0.046195 0.10231
v -0.253669 -0.046005 0.102324
v -0.253665 -0.046004 0.102245
v -0.253714 -0.045863 0.102335
v -0.253858 -0.045628 0.102355
v -0.253845 -0.045633 0.102275
v -0.253852 -0.045625 0.102276
v -0.254353 -0.045188 0.102323
v -0.254521 -0.045125 0.102335
v -0.254521 -0.045125 0.102335
v -0.254435 -0.045149 0.102408
v -0.25452 -0.045123 0.102415
v -0.254764 -0.045049 0.102433
v -0.25603 -0.045459 0.102531
v -0.256268 -0.047089 0.102578
v -0.256268 -0.047089 0.102578
v -0.256275 -0.047092 0.102657
v -0.256291 -0.047067 0.102655
v -0.256342 -0.046949 0.102566
v -0.2561 -0.047363 0.102681
v -0.2561 -0.047363 0.102681
v -0.25618 -0.047258 0.102592
v -0.254101 -0.047541 0.102759
v -0.253822 -0.047224 0.102789
v -0.253761 -0.047132 0.102877
v -0.253645 -0.046839 0.1029
v -0.253651 -0.046838 0.10282
v -0.253587 -0.046467 0.102926
v -0.253587 -0.046467 0.102926
v -0.253598 -0.046625 0.102836
v -0.253598 -0.046625 0.102836
v -0.253592 -0.046421 0.102929
v -0.253592 -0.046421 0.102929
v -0.253596 -0.046294 0.102858
v -0.253596 -0.046294 0.102858
v -0.253623 -0.046132 0.102949
v -0.253623 -0.046132 0.102949
v -0.253664 -0.046003 0.102879
v -0.253664 -0.046003 0.102879
v -0.253664 -0.046003 0.102879
v -0.253664 -0.046003 0.102879
v -0.253669 -0.046006 0.102959
v -0.253669 -0.046006 0.102959
v -0.253673 -0.045962 0.102883
v -0.253673 -0.045962 0.102883
v -0.253673 -0.045962 0.102883
v -0.253743 -0.045803 0.102975
v -0.253591 -0.046341 0.104204
v -0.253591 -0.046341 0.104204
v -0.253659 -0.046002 0.104149
v -0.253659 -0.046002 0.104149
v -0.25366 -0.046002 0.104229
v -0.254151 -0.045327 0.102941
v -0.254198 -0.045281 0.103025
v -0.254198 -0.045281 0.103025
v -0.254335 -0.045197 0.102957
v -0.254335 -0.045197 0.102957
v -0.254494 -0.045124 0.103048
v -0.254934 -0.045036 0.103001
v -0.256074 -0.045507 0.103171
v -0.256273 -0.045798 0.103197
v -0.256424 -0.046596 0.103175
v -0.256402 -0.04669 0.103261
v -0.256402 -0.04669 0.103261
v -0.256402 -0.04669 0.103261
v -0.256403 -0.04669 0.103182
v -0.256388 -0.0468 0.103269
v -0.256274 -0.047092 0.103292
v -0.256268 -0.047089 0.103212
v -0.256261 -0.047126 0.103295
v -0.256261 -0.047126 0.103295
v -0.256261 -0.047126 0.103295
v -0.256192 -0.04724 0.103225
v -0.256192 -0.04724 0.103225
v -0.256056 -0.047413 0.103321
v -0.256025 -0.047434 0.103244
v -0.253824 -0.047223 0.103424
v -0.25373 -0.047073 0.103517
v -0.253689 -0.046979 0.103445
v -0.253689 -0.046979 0.103445
v -0.253651 -0.046838 0.103455
v -0.253651 -0.046838 0.103455
v -0.253651 -0.046838 0.103455
v -0.253601 -0.046646 0.10347
v -0.253596 -0.04642 0.103485
v -0.253588 -0.046404 0.103565
v -0.253593 -0.046314 0.103492
v -0.253662 -0.046003 0.103514
v -0.253821 -0.045669 0.103542
v -0.253821 -0.045669 0.103542
v -0.253855 -0.045628 0.103546
v -0.253985 -0.045463 0.103641
v -0.254045 -0.045404 0.103567
v -0.254152 -0.045327 0.103656
v -0.256117 -0.045558 0.10381
v -0.256303 -0.045858 0.103837
v -0.256408 -0.046191 0.103862
v -0.256417 -0.046243 0.103786
v -0.256413 -0.046268 0.103867
v -0.256413 -0.046268 0.103867
v -0.256413 -0.046268 0.103867
v -0.256417 -0.046268 0.103788
v -0.256417 -0.046268 0.103788
v -0.25643 -0.046527 0.103885
v -0.25643 -0.046527 0.103885
v -0.25643 -0.046527 0.103885
v -0.256426 -0.046575 0.103809
v -0.256426 -0.046575 0.103809
v -0.256401 -0.04669 0.103896
v -0.256401 -0.04669 0.103896
v -0.256402 -0.04669 0.103817
v -0.256402 -0.04669 0.103817
v -0.256402 -0.04669 0.103817
v -0.25637 -0.046863 0.103909
v -0.25637 -0.046863 0.103909
v -0.256356 -0.046908 0.103833
v -0.256269 -0.04709 0.103927
v -0.256227 -0.047184 0.103935
v -0.256026 -0.047435 0.103879
v -0.25601 -0.047461 0.10396
v -0.255981 -0.047489 0.103884
v -0.254109 -0.047551 0.104028
v -0.2541 -0.047542 0.104028
v -0.253652 -0.046838 0.10409
v -0.253604 -0.046667 0.104103
v -0.253595 -0.04642 0.10412
v -0.253595 -0.04642 0.10412
v -0.253592 -0.046335 0.104126
v -0.253592 -0.046335 0.104126
v -0.253809 -0.045687 0.104255
v -0.253809 -0.045687 0.104175
v -0.253857 -0.045629 0.104181
v -0.25403 -0.045419 0.104201
v -0.25403 -0.045419 0.104201
v -0.254152 -0.045328 0.104291
v -0.254152 -0.045327 0.104211
v -0.254152 -0.045327 0.104211
v -0.254152 -0.045327 0.104211
v -0.254305 -0.045214 0.104304
v -0.2543 -0.045217 0.104224
v -0.2543 -0.045217 0.104224
v -0.254521 -0.045123 0.10424
v -0.254617 -0.045083 0.104327
v -0.254607 -0.045086 0.104247
v -0.254933 -0.045033 0.10435
v -0.256413 -0.046222 0.10442
v -0.256413 -0.046222 0.10442
v -0.256418 -0.046255 0.104502
v -0.256419 -0.046268 0.104503
v -0.256419 -0.046268 0.104503
v -0.256415 -0.046268 0.104423
v -0.256402 -0.04669 0.104452
v -0.25635 -0.046926 0.104548
v -0.256363 -0.046887 0.104466
v -0.256216 -0.047203 0.104492
v -0.256025 -0.047433 0.104593
v -0.256025 -0.047433 0.104593
v -0.256027 -0.047436 0.104514
v -0.255997 -0.047474 0.104518
v -0.255962 -0.047506 0.1046
v -0.255962 -0.047506 0.1046
v -0.254125 -0.047564 0.104661
v -0.254125 -0.047564 0.104661
v -0.253826 -0.047222 0.104694
v -0.253842 -0.047263 0.10477
v -0.253884 -0.04732 0.104686
v -0.253706 -0.04702 0.104712
v -0.253651 -0.046838 0.104805
v -0.253652 -0.046838 0.104725
v -0.253596 -0.046613 0.104822
v -0.253607 -0.046688 0.104737
v -0.253597 -0.04642 0.104834
v -0.253597 -0.04642 0.104834
v -0.253593 -0.04642 0.104755
v -0.253593 -0.04642 0.104755
v -0.253593 -0.04642 0.104755
v -0.253597 -0.046278 0.104844
v -0.253597 -0.046278 0.104844
v -0.253597 -0.046278 0.104844
v -0.25359 -0.046356 0.104759
v -0.25359 -0.046356 0.104759
v -0.25359 -0.046356 0.104759
v -0.253653 -0.046023 0.104783
v -0.253858 -0.04563 0.104816
v -0.253846 -0.045632 0.104895
v -0.253797 -0.045706 0.104809
v -0.254587 -0.045092 0.10488
v -0.254934 -0.045038 0.104985
v -0.254927 -0.04503 0.104905
v -0.255378 -0.045076 0.105018
v -0.255695 -0.045204 0.105042
v -0.255741 -0.045242 0.104967
v -0.255969 -0.0454 0.105065
v -0.255885 -0.045329 0.104978
v -0.256196 -0.045665 0.10509
v -0.256128 -0.045571 0.105002
v -0.256294 -0.045864 0.105107
v -0.256415 -0.046269 0.105138
v -0.25641 -0.046201 0.105054
v -0.256414 -0.046268 0.105058
v -0.256414 -0.046268 0.105058
v -0.256414 -0.046268 0.105058
v -0.256426 -0.046319 0.105141
v -0.256417 -0.046654 0.105163
v -0.256417 -0.046654 0.105163
v -0.256417 -0.046654 0.105163
v -0.256429 -0.046534 0.105076
v -0.256401 -0.04669 0.105087
v -0.256401 -0.04669 0.105087
v -0.256407 -0.04669 0.105166
v -0.256407 -0.04669 0.105166
v -0.256326 -0.046988 0.105188
v -0.256269 -0.047089 0.105197
v -0.256269 -0.047089 0.105197
v -0.256227 -0.047185 0.105125
v -0.256153 -0.047295 0.105214
v -0.256153 -0.047295 0.105214
v -0.256024 -0.047432 0.105228
v -0.255913 -0.047548 0.10524
v -0.255913 -0.047548 0.10524
v -0.255691 -0.047691 0.105258
v -0.25382 -0.047225 0.105409
v -0.253898 -0.047337 0.105319
v -0.253826 -0.047221 0.105329
v -0.253826 -0.047221 0.105329
v -0.253647 -0.04684 0.10544
v -0.253651 -0.046838 0.105361
v -0.253611 -0.046709 0.10537
v -0.25359 -0.046549 0.105461
v -0.253592 -0.04642 0.10539
v -0.253592 -0.04642 0.10539
v -0.253597 -0.046421 0.105469
v -0.253607 -0.046215 0.105483
v -0.253589 -0.046376 0.105393
v -0.253589 -0.046376 0.105393
v -0.253669 -0.046005 0.105499
v -0.253664 -0.046004 0.105419
v -0.253706 -0.045882 0.105508
v -0.253856 -0.045627 0.10553
v -0.253859 -0.04563 0.105451
v -0.254152 -0.045327 0.105481
v -0.254147 -0.045321 0.105561
v -0.254264 -0.045238 0.105491
v -0.256114 -0.045554 0.105636
v -0.256231 -0.045722 0.10573
v -0.256299 -0.045851 0.105662
v -0.256411 -0.046269 0.105772
v -0.256406 -0.046717 0.105803
v -0.2563 -0.047049 0.105828
v -0.2563 -0.047049 0.105828
v -0.256271 -0.047091 0.105752
v -0.256273 -0.047091 0.105832
v -0.256273 -0.047091 0.105832
v -0.256273 -0.047091 0.105832
v -0.256238 -0.047166 0.105759
v -0.256238 -0.047166 0.105759
v -0.256238 -0.047166 0.105759
v -0.256112 -0.047348 0.105854
v -0.256112 -0.047348 0.105854
v -0.256112 -0.047348 0.105854
v -0.256031 -0.047439 0.105784
v -0.256031 -0.047439 0.105784
v -0.256025 -0.047432 0.105863
v -0.256027 -0.047443 0.105784
v -0.255862 -0.047588 0.105879
v -0.255763 -0.047656 0.105808
v -0.255295 -0.047838 0.105922
v -0.255295 -0.047833 0.105843
v -0.255242 -0.047853 0.105926
v -0.253911 -0.047354 0.105953
v -0.253911 -0.047354 0.105953
v -0.253824 -0.047221 0.106044
v -0.253827 -0.047221 0.105964
v -0.253827 -0.047221 0.105964
v -0.253827 -0.047221 0.105964
v -0.253771 -0.047149 0.10605
v -0.253724 -0.047059 0.105978
v -0.253984 -0.045464 0.106101
v -0.254152 -0.045327 0.106116
v -0.254883 -0.045033 0.106172
v -0.256061 -0.045492 0.106344
v -0.256061 -0.045492 0.106344
v -0.256061 -0.045492 0.106344
v -0.256069 -0.045508 0.106266
v -0.25607 -0.045506 0.106345
v -0.25607 -0.045506 0.106345
v -0.25607 -0.045506 0.106345
v -0.25639 -0.046108 0.106396
v -0.25641 -0.046269 0.106407
v -0.256402 -0.04669 0.106357
v -0.256393 -0.046781 0.106443
v -0.256381 -0.046825 0.106366
v -0.256276 -0.047093 0.106467
v -0.256272 -0.047092 0.106388
v -0.256272 -0.047092 0.106388
v -0.25627 -0.047109 0.106468
v -0.25627 -0.047109 0.106468
v -0.25627 -0.047109 0.106468
v -0.256249 -0.047147 0.106392
v -0.256069 -0.047399 0.106494
v -0.256028 -0.047435 0.106498
v -0.25581 -0.047626 0.106519
v -0.25569 -0.047688 0.106528
v -0.255513 -0.04778 0.106541
v -0.255294 -0.047834 0.106557
v -0.253619 -0.046751 0.106637
v -0.253619 -0.046751 0.106637
v -0.25365 -0.046838 0.106631
v -0.25365 -0.046838 0.106631
v -0.256328 -0.046893 0.10012
v -0.256329 -0.046888 0.10012
v -0.256367 -0.046707 0.100111
v -0.256377 -0.046616 0.100107
v -0.256377 -0.046616 0.100107
v -0.256355 -0.046244 0.10009
v -0.256335 -0.04616 0.100086
v -0.25537 -0.047429 0.099775
v -0.255395 -0.047417 0.099773
v -0.255773 -0.046767 0.099675
v -0.255604 -0.04729 0.099759
v -0.255309 -0.047456 0.099778
v -0.254855 -0.0473543 0.099675
v -0.254071 -0.046571 0.099675
v -0.254071 -0.046571 0.099675
v -0.253857 -0.046599 0.099891
v -0.253867 -0.046648 0.099888
v -0.25389 -0.046722 0.099884
v -0.253855 -0.046587 0.099891
v -0.253897 -0.046021 0.099921
v -0.254166 -0.046022 0.099675
v -0.254166 -0.046022 0.099675
v -0.254166 -0.046022 0.099675
v -0.253964 -0.045856 0.099931
v -0.25395 -0.04589 0.099929
v -0.253943 -0.045908 0.099928
v -0.25433 -0.045792 0.099675
v -0.25433 -0.045792 0.099675
v -0.25409 -0.045655 0.099944
v -0.254322 -0.045431 0.099961
v -0.254554 -0.045621 0.099675
v -0.254554 -0.045621 0.099675
v -0.254264 -0.045473 0.099958
v -0.254209 -0.045523 0.099954
v -0.255508 -0.045255 0.100025
v -0.256016 -0.045589 0.100054
v -0.256013 -0.045586 0.100054
v -0.254651 -0.0460249 0.099675
v -0.255802 -0.045934 0.099675
v -0.256269 -0.045969 0.100077
v -0.256135 -0.045734 0.100063
v -0.256126 -0.045723 0.100062
v -0.255009 -0.04645 0.099675
v -0.254362 -0.045683 0.100714
v -0.256012 -0.046413 0.101575
v -0.256012 -0.046325 0.101566
v -0.256216 -0.0463 0.101447
v -0.254434 -0.04562 0.103264
v -0.255919 -0.046871 0.104796
v -0.255919 -0.046871 0.104796
v -0.255961 -0.046788 0.104787
v -0.256155 -0.046857 0.104667
v -0.255807 -0.04706 0.104819
v -0.255849 -0.047011 0.104813
v -0.255849 -0.047011 0.104813
v -0.255849 -0.047011 0.104813
v -0.255021 -0.047666 0.104791
v -0.255983 -0.046211 0.105364
v -0.255983 -0.046211 0.105364
v -0.255963 -0.046117 0.105355
v -0.255926 -0.046864 0.10543
v -0.255926 -0.046864 0.10543
v -0.255944 -0.046832 0.105426
v -0.255944 -0.046832 0.105426
v -0.256135 -0.04691 0.105307
v -0.256135 -0.04691 0.105307
v -0.255765 -0.04711 0.105461
v -0.255822 -0.04705 0.105453
v -0.255987 -0.047173 0.105333
v -0.255987 -0.047173 0.105333
v -0.255987 -0.047173 0.105333
v -0.255853 -0.047326 0.100906
v -0.256105 -0.046977 0.102774
v -0.255596 -0.045384 0.105161
v -0.255462 -0.045321 0.10007
v -0.256071 -0.047043 0.10024
v -0.256184 -0.046765 0.100214
v -0.256184 -0.046765 0.100214
v -0.256184 -0.046765 0.100214
v -0.256184 -0.046765 0.100214
v -0.256184 -0.046765 0.100214
v -0.256225 -0.046478 0.100191
v -0.256225 -0.046478 0.100191
v -0.256198 -0.04619 0.100168
v -0.256198 -0.04619 0.100168
v -0.256198 -0.04619 0.100168
v -0.256198 -0.04619 0.100168
v -0.256098 -0.045907 0.100142
v -0.255714 -0.045459 0.100092
v -0.255931 -0.045657 0.100116
v -0.25426 -0.045773 0.100065
v -0.254028 -0.046211 0.100014
v -0.254108 -0.045999 0.100037
v -0.253999 -0.046448 0.099991
v -0.254015 -0.046579 0.099978
v -0.254015 -0.046579 0.099978
v -0.254028 -0.046688 0.099967
v -0.254028 -0.046688 0.099967
v -0.254093 -0.046859 0.099948
v -0.254093 -0.046859 0.099948
v -0.254116 -0.046922 0.099941
v -0.255146 -0.047451 0.099817
v -0.255314 -0.047406 0.0998
v -0.255384 -0.047388 0.099792
v -0.255384 -0.047388 0.099792
v -0.25557 -0.047287 0.099773
v -0.255491 -0.047567 0.106021
v -0.255738 -0.047423 0.105998
v -0.255953 -0.047218 0.105973
v -0.256113 -0.046962 0.105947
v -0.256113 -0.046962 0.105947
v -0.256113 -0.046962 0.105947
v -0.256204 -0.046678 0.105922
v -0.256224 -0.046392 0.105899
v -0.256224 -0.046392 0.105899
v -0.256175 -0.046103 0.105875
v -0.25554 -0.047544 0.105382
v -0.255782 -0.047389 0.105359
v -0.255782 -0.047389 0.105359
v -0.255782 -0.047389 0.105359
v -0.255782 -0.047389 0.105359
v -0.25622 -0.046338 0.10526
v -0.25622 -0.046338 0.10526
v -0.256023 -0.045779 0.105209
v -0.255318 -0.047626 0.104766
v -0.255824 -0.047353 0.104719
v -0.255824 -0.047353 0.104719
v -0.255865 -0.047314 0.10408
v -0.256051 -0.047078 0.104054
v -0.256051 -0.047078 0.104054
v -0.256173 -0.046803 0.104028
v -0.256173 -0.046803 0.104028
v -0.256224 -0.046516 0.104004
v -0.256205 -0.046229 0.103981
v -0.256115 -0.045943 0.103956
v -0.256115 -0.045943 0.103956
v -0.255904 -0.047274 0.10344
v -0.256079 -0.047028 0.103414
v -0.256079 -0.047028 0.103414
v -0.256079 -0.047028 0.103414
v -0.256188 -0.046749 0.103388
v -0.256188 -0.046749 0.103388
v -0.256188 -0.046749 0.103388
v -0.256225 -0.046462 0.103365
v -0.25609 -0.045892 0.103316
v -0.25609 -0.045892 0.103316
v -0.25592 -0.045644 0.10329
v -0.25592 -0.045644 0.10329
v -0.2557 -0.045449 0.103266
v -0.255447 -0.045315 0.103243
v -0.255191 -0.047653 0.102872
v -0.255476 -0.047573 0.102847
v -0.255476 -0.047573 0.102847
v -0.255476 -0.047573 0.102847
v -0.255476 -0.047573 0.102847
v -0.255725 -0.047433 0.102825
v -0.255725 -0.047433 0.102825
v -0.255725 -0.047433 0.102825
v -0.255942 -0.047231 0.1028
v -0.256225 -0.046409 0.102726
v -0.256225 -0.046409 0.102726
v -0.256225 -0.046409 0.102726
v -0.256225 -0.046409 0.102726
v -0.25618 -0.046119 0.102702
v -0.25618 -0.046119 0.102702
v -0.256063 -0.045842 0.102676
v -0.255882 -0.045602 0.10265
v -0.256211 -0.04664 0.102109
v -0.256222 -0.046354 0.102087
v -0.256222 -0.046354 0.102087
v -0.256033 -0.045793 0.102036
v -0.255812 -0.047364 0.101546
v -0.255812 -0.047364 0.101546
v -0.256011 -0.04714 0.10152
v -0.256011 -0.04714 0.10152
v -0.256218 -0.046586 0.10147
v -0.256144 -0.046012 0.101422
v -0.2558 -0.045526 0.101371
v -0.256168 -0.046819 0.100854
v -0.256168 -0.046819 0.100854
v -0.256223 -0.046532 0.10083
v -0.255967 -0.0457 0.100756
v -0.256122 -0.045959 0.100782
v -0.255409 -0.047599 0.100313
v -0.255118 -0.047661 0.100338
v -0.255409 -0.047377 0.10614
v -0.255434 -0.047363 0.106137
v -0.255711 -0.047166 0.106104
v -0.255615 -0.047258 0.106118
v -0.255889 -0.046933 0.106073
v -0.255889 -0.046933 0.106073
v -0.255995 -0.046659 0.106043
v -0.255995 -0.046659 0.106043
v -0.255995 -0.046659 0.106043
v -0.256001 -0.04664 0.106041
v -0.256001 -0.04664 0.106041
v -0.256001 -0.04664 0.106041
v -0.256014 -0.046376 0.106016
v -0.256018 -0.046402 0.106019
v -0.256018 -0.046402 0.106019
v -0.256018 -0.046402 0.106019
v -0.256018 -0.046402 0.106019
v -0.254225 -0.045817 0.105775
v -0.254076 -0.046072 0.105744
v -0.254076 -0.046072 0.105744
v -0.254042 -0.046185 0.105732
v -0.254042 -0.046185 0.105732
v -0.254013 -0.046283 0.105721
v -0.254004 -0.046469 0.105704
v -0.254047 -0.046755 0.105675
v -0.254002 -0.04652 0.105699
v -0.25418 -0.047019 0.105644
v -0.254312 -0.04718 0.105623
v -0.255651 -0.04723 0.105478
v -0.255546 -0.047297 0.10549
v -0.255546 -0.047297 0.10549
v -0.25545 -0.047359 0.105501
v -0.256015 -0.046357 0.105379
v -0.256015 -0.046357 0.105379
v -0.256015 -0.046357 0.105379
v -0.256011 -0.046497 0.105393
v -0.256009 -0.046595 0.105402
v -0.255874 -0.045938 0.105334
v -0.255852 -0.045893 0.105328
v -0.255852 -0.045893 0.105328
v -0.254007 -0.046328 0.105082
v -0.254054 -0.046137 0.105102
v -0.254006 -0.046566 0.10506
v -0.254346 -0.047211 0.104983
v -0.254242 -0.047096 0.104999
v -0.255084 -0.047451 0.104904
v -0.25549 -0.047338 0.104861
v -0.25549 -0.047338 0.104861
v -0.255599 -0.047261 0.104849
v -0.255686 -0.0472 0.104838
v -0.256011 -0.046377 0.104746
v -0.25601 -0.046312 0.10474
v -0.255656 -0.045674 0.104663
v -0.25451 -0.045572 0.104542
v -0.25451 -0.045572 0.104542
v -0.254444 -0.045621 0.104534
v -0.254012 -0.046611 0.10442
v -0.254041 -0.046708 0.10441
v -0.254041 -0.046708 0.10441
v -0.254082 -0.046849 0.104395
v -0.254381 -0.04724 0.104344
v -0.25572 -0.047168 0.104199
v -0.255861 -0.046989 0.104175
v -0.255874 -0.046971 0.104173
v -0.255978 -0.046728 0.104145
v -0.255978 -0.046728 0.104145
v -0.255976 -0.046743 0.104147
v -0.255976 -0.046743 0.104147
v -0.256014 -0.046442 0.104117
v -0.255969 -0.04616 0.104089
v -0.256002 -0.046266 0.1041
v -0.25565 -0.045675 0.104028
v -0.254132 -0.045949 0.103853
v -0.254 -0.046417 0.103804
v -0.254036 -0.046179 0.103827
v -0.254064 -0.046782 0.103767
v -0.254064 -0.046782 0.103767
v -0.254021 -0.046657 0.103781
v -0.255898 -0.04693 0.103533
v -0.255988 -0.046698 0.103507
v -0.255803 -0.045836 0.103416
v -0.255803 -0.045836 0.103416
v -0.255765 -0.04578 0.103409
v -0.255583 -0.045619 0.103385
v -0.255373 -0.045508 0.103362
v -0.254273 -0.045763 0.103242
v -0.254025 -0.046224 0.103187
v -0.25411 -0.045991 0.103213
v -0.254031 -0.046702 0.103141
v -0.254013 -0.046566 0.103154
v -0.254013 -0.046566 0.103154
v -0.255397 -0.047383 0.102966
v -0.255397 -0.047383 0.102966
v -0.255279 -0.047415 0.102978
v -0.255279 -0.047415 0.102978
v -0.255541 -0.047302 0.102951
v -0.255541 -0.047302 0.102951
v -0.255604 -0.047266 0.102944
v -0.255604 -0.047266 0.102944
v -0.255761 -0.04712 0.102922
v -0.255925 -0.046873 0.102891
v -0.255925 -0.046873 0.102891
v -0.255919 -0.046888 0.102893
v -0.255919 -0.046888 0.102893
v -0.256004 -0.046589 0.102861
v -0.256002 -0.046308 0.102834
v -0.256019 -0.046416 0.102845
v -0.256019 -0.046416 0.102845
v -0.25592 -0.04603 0.102804
v -0.254397 -0.045647 0.102624
v -0.25422 -0.04582 0.102599
v -0.254301 -0.04717 0.102449
v -0.254147 -0.046975 0.102475
v -0.255206 -0.047441 0.102351
v -0.25538 -0.047383 0.102333
v -0.255813 -0.047062 0.102279
v -0.25564 -0.047239 0.102304
v -0.255955 -0.046789 0.102247
v -0.256007 -0.046608 0.102228
v -0.2557 -0.045714 0.102129
v -0.255634 -0.045664 0.102121
v -0.254561 -0.045545 0.102007
v -0.254384 -0.04566 0.101987
v -0.254071 -0.046077 0.101933
v -0.254071 -0.046077 0.101933
v -0.254009 -0.046314 0.101908
v -0.254044 -0.046181 0.101922
v -0.254044 -0.046181 0.101922
v -0.254055 -0.046139 0.101926
v -0.254055 -0.046139 0.101926
v -0.254055 -0.046139 0.101926
v -0.254055 -0.046139 0.101926
v -0.254059 -0.046792 0.101861
v -0.255574 -0.047527 0.101569
v -0.255478 -0.047345 0.101688
v -0.255841 -0.047023 0.101639
v -0.255687 -0.047197 0.101663
v -0.255687 -0.047197 0.101663
v -0.255687 -0.047197 0.101663
v -0.255676 -0.047209 0.101665
v -0.255676 -0.047209 0.101665
v -0.255676 -0.047209 0.101665
v -0.256013 -0.046563 0.101589
v -0.255956 -0.046801 0.101613
v -0.255963 -0.046132 0.101546
v -0.255833 -0.045865 0.101515
v -0.255666 -0.045683 0.10149
v -0.255516 -0.045583 0.101473
v -0.254157 -0.045913 0.101317
v -0.254165 -0.045896 0.101319
v -0.254165 -0.045896 0.101319
v -0.254165 -0.045896 0.101319
v -0.25401 -0.046597 0.101246
v -0.25401 -0.046597 0.101246
v -0.25401 -0.046597 0.101246
v -0.254004 -0.046384 0.101267
v -0.254004 -0.046384 0.101267
v -0.254003 -0.046359 0.101269
v -0.254003 -0.046359 0.101269
v -0.254029 -0.046665 0.101239
v -0.254029 -0.046665 0.101239
v -0.2542 -0.047054 0.101195
v -0.254126 -0.046924 0.101211
v -0.255517 -0.047323 0.101049
v -0.255629 -0.047239 0.101035
v -0.255629 -0.047239 0.101035
v -0.25571 -0.047177 0.101025
v -0.255961 -0.04678 0.100976
v -0.255961 -0.04678 0.100976
v -0.255961 -0.04678 0.100976
v -0.255972 -0.046757 0.100973
v -0.255972 -0.046757 0.100973
v -0.255972 -0.046757 0.100973
v -0.255805 -0.045827 0.100875
v -0.255688 -0.045711 0.100858
v -0.25418 -0.045885 0.100686
v -0.254045 -0.046154 0.100655
v -0.25404 -0.046166 0.100653
v -0.254003 -0.046446 0.100626
v -0.254229 -0.047091 0.100555
v -0.254167 -0.046993 0.100567
v -0.254167 -0.046993 0.100567
v -0.255099 -0.047456 0.100457
v -0.255186 -0.047437 0.100448
v -0.255555 -0.0473 0.100409
v -0.255743 -0.047144 0.100385
v -0.255743 -0.047144 0.100385
v -0.255885 -0.046951 0.10036
v -0.255891 -0.046943 0.100359
v -0.255891 -0.046943 0.100359
v -0.255891 -0.046943 0.100359
v -0.256019 -0.046474 0.10031
v -0.25599 -0.046676 0.10033
v -0.25599 -0.046676 0.10033
v -0.255985 -0.046712 0.100333
v -0.255985 -0.046712 0.100333
v -0.256011 -0.046393 0.100302
v -0.256011 -0.046393 0.100302
v -0.256011 -0.046393 0.100302
v -0.255952 -0.04611 0.100273
v -0.255952 -0.04611 0.100273
v -0.255996 -0.046234 0.100287
v -0.255996 -0.046234 0.100287
v -0.254276 -0.045759 0.100068
v -0.254516 -0.047331 0.101233
v -0.254516 -0.047331 0.101233
v -0.25437 -0.047232 0.103789
v -0.254393 -0.047246 0.103787
v -0.254393 -0.047246 0.103787
v -0.255743 -0.047144 0.10618
v -0.25589 -0.046945 0.106154
v -0.255893 -0.046936 0.106153
v -0.255984 -0.046716 0.106128
v -0.255992 -0.046659 0.106123
v -0.255992 -0.046659 0.106123
v -0.255992 -0.046659 0.106123
v -0.256019 -0.04648 0.106105
v -0.256019 -0.04648 0.106105
v -0.25601 -0.046377 0.106095
v -0.25468 -0.045495 0.105909
v -0.254281 -0.04575 0.105863
v -0.254281 -0.04575 0.105863
v -0.254229 -0.045819 0.105854
v -0.254229 -0.045819 0.105854
v -0.254133 -0.045948 0.105837
v -0.25408 -0.046074 0.105823
v -0.25408 -0.046074 0.105823
v -0.25408 -0.046074 0.105823
v -0.254037 -0.046176 0.105811
v -0.254036 -0.046183 0.105811
v -0.254005 -0.046468 0.105783
v -0.254097 -0.046883 0.10574
v -0.254183 -0.047018 0.105724
v -0.25423 -0.047092 0.105714
v -0.255549 -0.047303 0.105569
v -0.255882 -0.046958 0.10552
v -0.255923 -0.046863 0.10551
v -0.255957 -0.046784 0.105501
v -0.255979 -0.046731 0.105495
v -0.256018 -0.046497 0.105472
v -0.256001 -0.046258 0.105449
v -0.255985 -0.046211 0.105444
v -0.255925 -0.046024 0.105424
v -0.255872 -0.04594 0.105413
v -0.255794 -0.045814 0.105398
v -0.254292 -0.045739 0.10523
v -0.254186 -0.045876 0.105212
v -0.254052 -0.046137 0.105181
v -0.254041 -0.046161 0.105178
v -0.254041 -0.046161 0.105178
v -0.254001 -0.046398 0.105155
v -0.254001 -0.046398 0.105155
v -0.254003 -0.046428 0.105152
v -0.254003 -0.046428 0.105152
v -0.254012 -0.046568 0.105138
v -0.254012 -0.046568 0.105138
v -0.254084 -0.046849 0.105109
v -0.25409 -0.046869 0.105107
v -0.25422 -0.04708 0.105081
v -0.254239 -0.047099 0.105078
v -0.255378 -0.047384 0.104952
v -0.255532 -0.047314 0.104936
v -0.255599 -0.047262 0.104928
v -0.255721 -0.047166 0.104913
v -0.255805 -0.047059 0.104899
v -0.255805 -0.047059 0.104899
v -0.255874 -0.046972 0.104887
v -0.255874 -0.046972 0.104887
v -0.25601 -0.046377 0.104825
v -0.255803 -0.045826 0.104764
v -0.255631 -0.045654 0.10474
v -0.254951 -0.045442 0.104667
v -0.254709 -0.045486 0.104642
v -0.254707 -0.045487 0.104642
v -0.254493 -0.045582 0.10462
v -0.254493 -0.045582 0.10462
v -0.254233 -0.045816 0.104584
v -0.254046 -0.046147 0.104545
v -0.254006 -0.04636 0.104523
v -0.254002 -0.046383 0.104521
v -0.254004 -0.046427 0.104517
v -0.254014 -0.046619 0.104499
v -0.25404 -0.046708 0.104489
v -0.254343 -0.047202 0.104428
v -0.254382 -0.047241 0.104423
v -0.254582 -0.047365 0.104401
v -0.25597 -0.04676 0.104228
v -0.256017 -0.046524 0.104204
v -0.256013 -0.046442 0.104196
v -0.256013 -0.046442 0.104196
v -0.256006 -0.046288 0.104182
v -0.255652 -0.045673 0.104108
v -0.255643 -0.045663 0.104106
v -0.254148 -0.045927 0.103935
v -0.254036 -0.046207 0.103904
v -0.254036 -0.046207 0.103904
v -0.254003 -0.046368 0.103887
v -0.254007 -0.046501 0.103875
v -0.254011 -0.046604 0.103865
v -0.254011 -0.046604 0.103865
v -0.254062 -0.046783 0.103846
v -0.254568 -0.047359 0.103767
v -0.25589 -0.046931 0.103613
v -0.255966 -0.046775 0.103595
v -0.255592 -0.045632 0.103466
v -0.255457 -0.045545 0.10345
v -0.254496 -0.045584 0.103349
v -0.254325 -0.045707 0.103329
v -0.254276 -0.045765 0.103321
v -0.254119 -0.04599 0.103293
v -0.254056 -0.046118 0.103278
v -0.254004 -0.046354 0.103254
v -0.254009 -0.046567 0.103234
v -0.254009 -0.046567 0.103234
v -0.254009 -0.046589 0.103232
v -0.254009 -0.046589 0.103232
v -0.254009 -0.046589 0.103232
v -0.254072 -0.046826 0.103207
v -0.255541 -0.047303 0.10303
v -0.255688 -0.047198 0.103013
v -0.25592 -0.04687 0.102971
v -0.254682 -0.045501 0.102734
v -0.254531 -0.045561 0.102719
v -0.254336 -0.045697 0.102696
v -0.254214 -0.045837 0.102677
v -0.254135 -0.04694 0.102558
v -0.254135 -0.04694 0.102558
v -0.254183 -0.047031 0.102547
v -0.254183 -0.047031 0.102547
v -0.254183 -0.047031 0.102547
v -0.254312 -0.047174 0.102528
v -0.255258 -0.047429 0.102425
v -0.255677 -0.047208 0.102379
v -0.255955 -0.046804 0.102328
v -0.255959 -0.04679 0.102326
v -0.255677 -0.045692 0.102206
v -0.254544 -0.045554 0.102085
v -0.254183 -0.04587 0.102037
v -0.254066 -0.046089 0.102011
v -0.254066 -0.046089 0.102011
v -0.254066 -0.046089 0.102011
v -0.254054 -0.046138 0.102006
v -0.254054 -0.046138 0.102006
v -0.254043 -0.046181 0.102001
v -0.254043 -0.046181 0.102001
v -0.254043 -0.046181 0.102001
v -0.254049 -0.046747 0.101945
v -0.254061 -0.046797 0.10194
v -0.254149 -0.04697 0.10192
v -0.254578 -0.047358 0.101861
v -0.254753 -0.047427 0.101843
v -0.255665 -0.047218 0.101746
v -0.255686 -0.047196 0.101742
v -0.255686 -0.047196 0.101742
v -0.255686 -0.047196 0.101742
v -0.255869 -0.046967 0.101712
v -0.25595 -0.046818 0.101694
v -0.255981 -0.046697 0.101682
v -0.256011 -0.046583 0.10167
v -0.256013 -0.046413 0.101654
v -0.255912 -0.046014 0.101612
v -0.255849 -0.045889 0.101597
v -0.254347 -0.045691 0.101427
v -0.254192 -0.045857 0.101404
v -0.254192 -0.045857 0.101404
v -0.25416 -0.045915 0.101397
v -0.25416 -0.045915 0.101397
v -0.254066 -0.046095 0.101375
v -0.254066 -0.046095 0.101375
v -0.254009 -0.046309 0.101353
v -0.254009 -0.046309 0.101353
v -0.254007 -0.046384 0.101346
v -0.254007 -0.046384 0.101346
v -0.254004 -0.046545 0.101331
v -0.254004 -0.046545 0.101331
v -0.254004 -0.046545 0.101331
v -0.254004 -0.046545 0.101331
v -0.25403 -0.046665 0.101319
v -0.25403 -0.046665 0.101319
v -0.254126 -0.046925 0.10129
v -0.254166 -0.047005 0.101281
v -0.254304 -0.047168 0.101259
v -0.254324 -0.047192 0.101255
v -0.255631 -0.047242 0.101115
v -0.255944 -0.046833 0.101061
v -0.255958 -0.04678 0.101055
v -0.255958 -0.04678 0.101055
v -0.255857 -0.045902 0.100964
v -0.254598 -0.045531 0.100821
v -0.25457 -0.045541 0.100818
v -0.254371 -0.045668 0.100795
v -0.254359 -0.04568 0.100794
v -0.254201 -0.045845 0.10077
v -0.254179 -0.045883 0.100766
v -0.254078 -0.04606 0.100744
v -0.254051 -0.046155 0.100734
v -0.254051 -0.046155 0.100734
v -0.254011 -0.046295 0.10072
v -0.254094 -0.046858 0.100028
v -0.254046 -0.046753 0.10004
v -0.254013 -0.046579 0.100057
v -0.254001 -0.046515 0.100064
v -0.254084 -0.046046 0.100111
v -0.25411 -0.046001 0.100116
v -0.25421 -0.045832 0.100137
v -0.25421 -0.045832 0.100137
v -0.25428 -0.045762 0.100147
v -0.25428 -0.045762 0.100147
v -0.25428 -0.045762 0.100147
v -0.25428 -0.045762 0.100147
v -0.254382 -0.045658 0.100162
v -0.254382 -0.045658 0.100162
v -0.255956 -0.046109 0.100353
v -0.25597 -0.04614 0.100356
v -0.25597 -0.04614 0.100356
v -0.256016 -0.046392 0.100382
v -0.256006 -0.046613 0.100403
v -0.255988 -0.046675 0.100409
v -0.255988 -0.046675 0.100409
v -0.255938 -0.046847 0.100428
v -0.255879 -0.046947 0.10044
v -0.255813 -0.047061 0.100453
v -0.255813 -0.047061 0.100453
v -0.255699 -0.047179 0.10047
v -0.255642 -0.047237 0.100479
v -0.255466 -0.047348 0.100498
v -0.254161 -0.046997 0.100647
v -0.254161 -0.046997 0.100647
v -0.254157 -0.046992 0.100647
v -0.254157 -0.046992 0.100647
v -0.254051 -0.046768 0.100673
v -0.254043 -0.046729 0.100677
v -0.254043 -0.046729 0.100677
v -0.254003 -0.04653 0.100697
v -0.254006 -0.046447 0.100705
v -0.253983 -0.047102 0.100766
v -0.254447 -0.047528 0.102619
v -0.254995 -0.045234 0.102886
v -0.253861 -0.04605 0.103397
v -0.253861 -0.04605 0.103397
v -0.253861 -0.04605 0.103397
v -0.254494 -0.047552 0.10452
v -0.254494 -0.047552 0.10452
v -0.254494 -0.047552 0.10452
v -0.253795 -0.046387 0.105274
v -0.253795 -0.046387 0.105274
v -0.254902 -0.045239 0.106053
v -0.254613 -0.0453 0.106028
v -0.254613 -0.0453 0.106028
v -0.254357 -0.045423 0.106006
v -0.254133 -0.045607 0.105982
v -0.254133 -0.045607 0.105982
v -0.25407 -0.047223 0.105833
v -0.25391 -0.046971 0.105859
v -0.254145 -0.045594 0.105349
v -0.254145 -0.045594 0.105349
v -0.253963 -0.04583 0.105323
v -0.253844 -0.046103 0.105297
v -0.253903 -0.046954 0.105226
v -0.253903 -0.046954 0.105226
v -0.253903 -0.046954 0.105226
v -0.253814 -0.046672 0.105251
v -0.253814 -0.046672 0.105251
v -0.254059 -0.047209 0.1052
v -0.254939 -0.045236 0.104786
v -0.254158 -0.045581 0.104715
v -0.254158 -0.045581 0.104715
v -0.253973 -0.045814 0.104689
v -0.253973 -0.045814 0.104689
v -0.253849 -0.046085 0.104664
v -0.253796 -0.046369 0.10464
v -0.253796 -0.046369 0.10464
v -0.25381 -0.046654 0.104618
v -0.254254 -0.047403 0.104542
v -0.254254 -0.047403 0.104542
v -0.254402 -0.045396 0.104105
v -0.254172 -0.045568 0.104082
v -0.253983 -0.045798 0.104056
v -0.253855 -0.046067 0.10403
v -0.253797 -0.046352 0.104006
v -0.253797 -0.046352 0.104006
v -0.253807 -0.046636 0.103984
v -0.253807 -0.046636 0.103984
v -0.253807 -0.046636 0.103984
v -0.253888 -0.04692 0.103959
v -0.254239 -0.047391 0.103909
v -0.254239 -0.047391 0.103909
v -0.254478 -0.047544 0.103886
v -0.254185 -0.045556 0.103448
v -0.253993 -0.045782 0.103423
v -0.253993 -0.045782 0.103423
v -0.253993 -0.045782 0.103423
v -0.253799 -0.046334 0.103373
v -0.253799 -0.046334 0.103373
v -0.253805 -0.046618 0.103351
v -0.253805 -0.046618 0.103351
v -0.253805 -0.046618 0.103351
v -0.253881 -0.046903 0.103326
v -0.253881 -0.046903 0.103326
v -0.254701 -0.045274 0.102861
v -0.254433 -0.045379 0.102838
v -0.254199 -0.045543 0.102815
v -0.254003 -0.045767 0.102789
v -0.253867 -0.046032 0.102763
v -0.253867 -0.046032 0.102763
v -0.253801 -0.046316 0.102739
v -0.253874 -0.046885 0.102692
v -0.254014 -0.047149 0.102666
v -0.254014 -0.047149 0.102666
v -0.254014 -0.047149 0.102666
v -0.253867 -0.046868 0.102059
v -0.254003 -0.047134 0.102033
v -0.2547 -0.047626 0.101962
v -0.25388 -0.045998 0.101497
v -0.25388 -0.045998 0.101497
v -0.253805 -0.046281 0.101472
v -0.253799 -0.046564 0.10145
v -0.253799 -0.046564 0.10145
v -0.253993 -0.047118 0.1014
v -0.253993 -0.047118 0.1014
v -0.254185 -0.047344 0.101374
v -0.254185 -0.047344 0.101374
v -0.254185 -0.047344 0.101374
v -0.254185 -0.047344 0.101374
v -0.254415 -0.047511 0.101352
v -0.254754 -0.045261 0.10096
v -0.25448 -0.045355 0.100937
v -0.254036 -0.045721 0.100889
v -0.254036 -0.045721 0.100889
v -0.253887 -0.04598 0.100863
v -0.253887 -0.04598 0.100863
v -0.253797 -0.046546 0.100817
v -0.253855 -0.046833 0.100792
v -0.253855 -0.046833 0.100792
v -0.254254 -0.045496 0.100281
v -0.254254 -0.045496 0.100281
v -0.254047 -0.045706 0.100256
v -0.254047 -0.045706 0.100256
v -0.253895 -0.045963 0.10023
v -0.253613 -0.019302 0.106646
v -0.253613 -0.019302 0.106646
v -0.253613 -0.019302 0.106646
v -0.253631 -0.019198 0.106646
v -0.253631 -0.019198 0.106646
v -0.253613 -0.019193 0.106806
v -0.253613 -0.019193 0.106806
v -0.256209 -0.020448 0.106958
v -0.25631 -0.020173 0.106806
v -0.25631 -0.020173 0.106806
v -0.25631 -0.020173 0.106806
v -0.253596 -0.020048 0.106958
v -0.253596 -0.020048 0.106958
v -0.253721 -0.020314 0.106958
v -0.253721 -0.020314 0.106958
v -0.253769 -0.020285 0.106806
v -0.253769 -0.020285 0.106806
v -0.254511 -0.018137 0.106958
v -0.256298 -0.018786 0.106958
v -0.256124 -0.018549 0.106958
v -0.256082 -0.018587 0.106806
v -0.253642 -0.02036 0.107092
v -0.253642 -0.02036 0.107092
v -0.254245 -0.018261 0.106958
v -0.25347 -0.019157 0.107092
v -0.25347 -0.019157 0.107092
v -0.25347 -0.019157 0.107092
v -0.253558 -0.019179 0.106958
v -0.253576 -0.018864 0.107092
v -0.253576 -0.018864 0.107092
v -0.253576 -0.018864 0.107092
v -0.253658 -0.018903 0.106958
v -0.253738 -0.018597 0.107092
v -0.253511 -0.020078 0.107092
v -0.254638 -0.021002 0.106958
v -0.254323 -0.020983 0.107092
v -0.254362 -0.020901 0.106958
v -0.256449 -0.019628 0.106806
v -0.254807 -0.018142 0.106646
v -0.25473 -0.018161 0.106646
v -0.253855 -0.018686 0.106806
v -0.254046 -0.018477 0.106806
v -0.253582 -0.019755 0.106806
v -0.253582 -0.019755 0.106806
v -0.25357 -0.019472 0.106806
v -0.253513 -0.019469 0.106958
v -0.253513 -0.019469 0.106958
v -0.253513 -0.019469 0.106958
v -0.253422 -0.019464 0.107092
v -0.253526 -0.019763 0.106958
v -0.25365 -0.020029 0.106806
v -0.253668 -0.020023 0.106646
v -0.256163 -0.020414 0.106806
v -0.256163 -0.020414 0.106806
v -0.256162 -0.02038 0.106646
v -0.256373 -0.019167 0.106646
v -0.256351 -0.019077 0.106646
v -0.254537 -0.018208 0.106646
v -0.254274 -0.01831 0.106806
v -0.254332 -0.018304 0.106646
v -0.254059 -0.018492 0.106646
v -0.253726 -0.018936 0.106646
v -0.253726 -0.018936 0.106646
v -0.253747 -0.018902 0.106646
v -0.253747 -0.018902 0.106646
v -0.253747 -0.018902 0.106646
v -0.253871 -0.018697 0.106646
v -0.253871 -0.018697 0.106646
v -0.253996 -0.01856 0.106646
v -0.253594 -0.019406 0.106646
v -0.253594 -0.019406 0.106646
v -0.253601 -0.019752 0.106646
v -0.253942 -0.02049 0.106646
v -0.253937 -0.020513 0.106806
v -0.253892 -0.02043 0.106646
v -0.253892 -0.02043 0.106646
v -0.253876 -0.020407 0.106646
v -0.254657 -0.020928 0.106646
v -0.256292 -0.020164 0.106646
v -0.256428 -0.019587 0.106646
v -0.25643 -0.019626 0.106646
v -0.256351 -0.020002 0.106646
v -0.2526 -0.021713 0.108989
v -0.252224 -0.021202 0.108989
v -0.251872 -0.018748 0.108989
v -0.254482 -0.020411 0.106233
v -0.254519 -0.020568 0.106353
v -0.254361 -0.020517 0.106387
v -0.254408 -0.020532 0.106377
v -0.254331 -0.020504 0.106394
v -0.254122 -0.020376 0.106439
v -0.254122 -0.020376 0.106439
v -0.254249 -0.02022 0.10624
v -0.254095 -0.020355 0.106446
v -0.254095 -0.020355 0.106446
v -0.254026 -0.020302 0.106461
v -0.253898 -0.020169 0.106496
v -0.253898 -0.020169 0.106496
v -0.254107 -0.020047 0.106254
v -0.254095 -0.020027 0.106255
v -0.253872 -0.020134 0.106504
v -0.253872 -0.020134 0.106504
v -0.254068 -0.019974 0.106259
v -0.253655 -0.019718 0.106591
v -0.253655 -0.019718 0.106591
v -0.25369 -0.019826 0.106571
v -0.253704 -0.019854 0.106565
v -0.253704 -0.019854 0.106565
v -0.253772 -0.019991 0.106537
v -0.253772 -0.019991 0.106537
v -0.254021 -0.019881 0.106266
v -0.25379 -0.02002 0.10653
v -0.253832 -0.020079 0.106517
v -0.253633 -0.019651 0.106604
v -0.253633 -0.019651 0.106604
v -0.253952 -0.019589 0.106285
v -0.253615 -0.019573 0.106618
v -0.253944 -0.019519 0.106289
v -0.253947 -0.020486 0.106642
v -0.254668 -0.020887 0.106605
v -0.254706 -0.020895 0.106603
v -0.255523 -0.020788 0.106564
v -0.256 -0.020402 0.106533
v -0.256213 -0.019223 0.106471
v -0.256272 -0.019583 0.10649
v -0.256275 -0.019649 0.106493
v -0.256017 -0.018853 0.106448
v -0.256017 -0.018853 0.106448
v -0.25604 -0.018885 0.10645
v -0.256053 -0.018902 0.106452
v -0.256082 -0.018951 0.106455
v -0.256144 -0.019056 0.106461
v -0.256209 -0.019214 0.10647
v -0.255554 -0.018487 0.106418
v -0.254825 -0.018412 0.106376
v -0.254469 -0.018556 0.106356
v -0.254611 -0.01848 0.106365
v -0.254661 -0.01846 0.106367
v -0.254461 -0.01856 0.106355
v -0.254344 -0.018647 0.106347
v -0.254325 -0.018661 0.106346
v -0.254063 -0.018997 0.10632
v -0.25361 -0.019528 0.106625
v -0.253956 -0.019332 0.1063
v -0.253958 -0.019314 0.106301
v -0.253998 -0.019153 0.10631
v -0.254026 -0.019086 0.106314
v -0.25404 -0.019052 0.106316
v -0.253802 -0.01881 0.104864
v -0.253855 -0.020382 0.104745
v -0.253877 -0.020406 0.104743
v -0.253878 -0.020406 0.104663
v -0.253878 -0.020406 0.104663
v -0.255384 -0.020922 0.104623
v -0.255776 -0.020738 0.102688
v -0.256301 -0.020145 0.102629
v -0.256315 -0.020102 0.102626
v -0.256405 -0.019826 0.102607
v -0.256405 -0.019826 0.102607
v -0.256415 -0.019692 0.102597
v -0.256415 -0.019692 0.102597
v -0.256423 -0.01971 0.10252
v -0.25643 -0.019484 0.102583
v -0.256394 -0.019271 0.102567
v -0.25642 -0.019367 0.102495
v -0.255486 -0.02089 0.100171
v -0.255746 -0.020767 0.100151
v -0.255392 -0.020912 0.100178
v -0.253683 -0.020032 0.100329
v -0.25366 -0.02 0.100252
v -0.253618 -0.019846 0.100343
v -0.253591 -0.019657 0.100278
v -0.253593 -0.01962 0.100281
v -0.25364 -0.0192 0.10031
v -0.25364 -0.019164 0.100392
v -0.253698 -0.018998 0.100324
v -0.256355 -0.01909 0.100569
v -0.256402 -0.01927 0.100662
v -0.256402 -0.01927 0.100662
v -0.256393 -0.019271 0.100582
v -0.256393 -0.019271 0.100582
v -0.256407 -0.019287 0.100663
v -0.256407 -0.019287 0.100663
v -0.256429 -0.019635 0.100689
v -0.256429 -0.019635 0.100689
v -0.256417 -0.019693 0.100613
v -0.256417 -0.019693 0.100613
v -0.256419 -0.019692 0.100693
v -0.256419 -0.019692 0.100693
v -0.256414 -0.019773 0.100619
v -0.256324 -0.020092 0.100641
v -0.25631 -0.0201 0.100721
v -0.25631 -0.0201 0.100721
v -0.256318 -0.020103 0.100642
v -0.256231 -0.020279 0.100735
v -0.25609 -0.020459 0.100752
v -0.256092 -0.020459 0.100672
v -0.256015 -0.020556 0.100761
v -0.255777 -0.020741 0.100783
v -0.255774 -0.020737 0.100704
v -0.255737 -0.020772 0.100787
v -0.255625 -0.020832 0.100717
v -0.254973 -0.020962 0.100842
v -0.254745 -0.020948 0.100859
v -0.253593 -0.019679 0.100911
v -0.253599 -0.019619 0.100995
v -0.253595 -0.01962 0.100915
v -0.253592 -0.019433 0.101008
v -0.253603 -0.019338 0.100936
v -0.253639 -0.019199 0.101024
v -0.25364 -0.0192 0.100945
v -0.25369 -0.019018 0.100958
v -0.253798 -0.018808 0.101054
v -0.253804 -0.018812 0.100975
v -0.253804 -0.018812 0.100975
v -0.253804 -0.018812 0.100975
v -0.253805 -0.018793 0.101055
v -0.253805 -0.018793 0.101055
v -0.253856 -0.018717 0.100982
v -0.253856 -0.018717 0.100982
v -0.254028 -0.01852 0.101081
v -0.254028 -0.01852 0.101081
v -0.254072 -0.018485 0.101006
v -0.254073 -0.018487 0.101085
v -0.256396 -0.019271 0.101297
v -0.256394 -0.019272 0.101217
v -0.256418 -0.019352 0.101303
v -0.256425 -0.01941 0.101228
v -0.25635 -0.020026 0.10135
v -0.256332 -0.020072 0.101274
v -0.256313 -0.0201 0.101356
v -0.256313 -0.0201 0.101356
v -0.256316 -0.020102 0.101277
v -0.256196 -0.020335 0.101375
v -0.255774 -0.020738 0.101418
v -0.255366 -0.020927 0.10145
v -0.25435 -0.02081 0.101525
v -0.254326 -0.020797 0.101448
v -0.254184 -0.020696 0.101539
v -0.254184 -0.020696 0.10146
v -0.254051 -0.020601 0.101471
v -0.25388 -0.020404 0.101489
v -0.25388 -0.020404 0.101489
v -0.253832 -0.020349 0.101494
v -0.253673 -0.020035 0.101519
v -0.253595 -0.019701 0.101545
v -0.253597 -0.01962 0.10163
v -0.253596 -0.01962 0.101551
v -0.253641 -0.0192 0.10158
v -0.253683 -0.019037 0.101591
v -0.253803 -0.018811 0.101609
v -0.253841 -0.018738 0.101695
v -0.253844 -0.018735 0.101616
v -0.254835 -0.018148 0.1017
v -0.255013 -0.018128 0.101713
v -0.255372 -0.018174 0.101819
v -0.255359 -0.018171 0.101738
v -0.255658 -0.018289 0.101842
v -0.255658 -0.018289 0.101842
v -0.255698 -0.018305 0.101845
v -0.25596 -0.018492 0.101788
v -0.255974 -0.018505 0.101868
v -0.255974 -0.018505 0.101868
v -0.256 -0.018535 0.101871
v -0.256 -0.018535 0.101871
v -0.255999 -0.018536 0.101792
v -0.256193 -0.018761 0.101891
v -0.25618 -0.018742 0.10181
v -0.256393 -0.019272 0.101932
v -0.256418 -0.019693 0.101962
v -0.25642 -0.019693 0.101883
v -0.25642 -0.019731 0.101886
v -0.256416 -0.019763 0.101967
v -0.256416 -0.019763 0.101967
v -0.25634 -0.020053 0.101908
v -0.256327 -0.020086 0.10199
v -0.256327 -0.020086 0.10199
v -0.256315 -0.020101 0.101912
v -0.256318 -0.020103 0.101991
v -0.256158 -0.020389 0.102015
v -0.256092 -0.020459 0.102022
v -0.256092 -0.020459 0.102022
v -0.25609 -0.020458 0.101943
v -0.255916 -0.020646 0.102041
v -0.255916 -0.020646 0.102041
v -0.254066 -0.020615 0.102105
v -0.253879 -0.020404 0.102124
v -0.253808 -0.020311 0.102211
v -0.253845 -0.020366 0.102127
v -0.253677 -0.020033 0.102234
v -0.253682 -0.020061 0.102152
v -0.253592 -0.01962 0.102265
v -0.253597 -0.01962 0.102185
v -0.253597 -0.01962 0.102185
v -0.253608 -0.019305 0.102287
v -0.253597 -0.019379 0.102203
v -0.253641 -0.0192 0.102215
v -0.253704 -0.018984 0.10231
v -0.253675 -0.019057 0.102225
v -0.253675 -0.019057 0.102225
v -0.253805 -0.018813 0.102324
v -0.253802 -0.01881 0.102245
v -0.254061 -0.01849 0.102275
v -0.254658 -0.018172 0.102323
v -0.254835 -0.018148 0.102335
v -0.255655 -0.018293 0.102476
v -0.255755 -0.018338 0.102485
v -0.25625 -0.018876 0.102456
v -0.256371 -0.019137 0.102557
v -0.256371 -0.019137 0.102557
v -0.256333 -0.019028 0.102469
v -0.256333 -0.019028 0.102469
v -0.256096 -0.020463 0.102657
v -0.255864 -0.020687 0.102681
v -0.254973 -0.020965 0.102668
v -0.253877 -0.020406 0.102759
v -0.253681 -0.020032 0.102869
v -0.25369 -0.020082 0.102785
v -0.253677 -0.020034 0.102789
v -0.253677 -0.020034 0.102789
v -0.253639 -0.01993 0.102877
v -0.253593 -0.019619 0.1029
v -0.253636 -0.019199 0.102929
v -0.25364 -0.0192 0.10285
v -0.253668 -0.019077 0.102858
v -0.254076 -0.01849 0.10299
v -0.254071 -0.018486 0.102911
v -0.254182 -0.018393 0.103001
v -0.253796 -0.018807 0.104149
v -0.253794 -0.01881 0.104228
v -0.253797 -0.018808 0.104229
v -0.254327 -0.018302 0.102934
v -0.254429 -0.018261 0.102941
v -0.255809 -0.018374 0.103124
v -0.255929 -0.018465 0.103055
v -0.255998 -0.018538 0.103141
v -0.256259 -0.018871 0.10317
v -0.256261 -0.018874 0.103171
v -0.256261 -0.018874 0.103171
v -0.256324 -0.019008 0.103102
v -0.256389 -0.019202 0.103197
v -0.256397 -0.019271 0.103123
v -0.256397 -0.019271 0.103123
v -0.256397 -0.01927 0.103202
v -0.256397 -0.01927 0.103202
v -0.256417 -0.019345 0.103128
v -0.256425 -0.019689 0.103153
v -0.256415 -0.019692 0.103232
v -0.256415 -0.019692 0.103232
v -0.256415 -0.019692 0.103232
v -0.256424 -0.019693 0.103153
v -0.256391 -0.019887 0.103246
v -0.256354 -0.020014 0.103175
v -0.256311 -0.0201 0.103261
v -0.256312 -0.0201 0.103182
v -0.256205 -0.02032 0.103199
v -0.256095 -0.020463 0.103292
v -0.25609 -0.020458 0.103212
v -0.25609 -0.020458 0.103212
v -0.256074 -0.020493 0.103295
v -0.256074 -0.020493 0.103295
v -0.255982 -0.020588 0.103225
v -0.25581 -0.020726 0.103321
v -0.255778 -0.020742 0.103323
v -0.25387 -0.020401 0.103394
v -0.253743 -0.020197 0.103491
v -0.253743 -0.020197 0.103491
v -0.253698 -0.020102 0.103419
v -0.253698 -0.020102 0.103419
v -0.253683 -0.020032 0.103504
v -0.253679 -0.020033 0.103424
v -0.253622 -0.019866 0.103517
v -0.253603 -0.019765 0.103445
v -0.253599 -0.019619 0.103455
v -0.253587 -0.019517 0.103542
v -0.253593 -0.019421 0.10347
v -0.253593 -0.019421 0.10347
v -0.253633 -0.019198 0.103564
v -0.253661 -0.019096 0.103492
v -0.253798 -0.018808 0.103514
v -0.253798 -0.018808 0.103514
v -0.253802 -0.018811 0.103594
v -0.253808 -0.018789 0.103516
v -0.255655 -0.018293 0.103747
v -0.255657 -0.018288 0.103667
v -0.255657 -0.018288 0.103667
v -0.255862 -0.018411 0.103764
v -0.255862 -0.018411 0.103764
v -0.255862 -0.018411 0.103764
v -0.255913 -0.018451 0.103689
v -0.255913 -0.018451 0.103689
v -0.255913 -0.018451 0.103689
v -0.255997 -0.01854 0.103776
v -0.255997 -0.01854 0.103776
v -0.255997 -0.018539 0.103697
v -0.256104 -0.018642 0.103786
v -0.256143 -0.018691 0.103711
v -0.256253 -0.018874 0.103806
v -0.256253 -0.018874 0.103806
v -0.256291 -0.018933 0.10381
v -0.256404 -0.019269 0.103837
v -0.256404 -0.019269 0.103837
v -0.256414 -0.019324 0.103762
v -0.25643 -0.019616 0.103862
v -0.256427 -0.019668 0.103786
v -0.256418 -0.019692 0.103867
v -0.256422 -0.019692 0.103788
v -0.256375 -0.019948 0.103885
v -0.256361 -0.019994 0.103809
v -0.25631 -0.0201 0.103896
v -0.255778 -0.020743 0.103958
v -0.255776 -0.02074 0.103879
v -0.255754 -0.020762 0.10396
v -0.254735 -0.020946 0.103955
v -0.254559 -0.020888 0.103969
v -0.254131 -0.020669 0.104083
v -0.254114 -0.020655 0.104005
v -0.253894 -0.020433 0.104106
v -0.253876 -0.020407 0.104028
v -0.253707 -0.020122 0.104052
v -0.253681 -0.020033 0.104139
v -0.25368 -0.020033 0.104059
v -0.25368 -0.020033 0.104059
v -0.25368 -0.020033 0.104059
v -0.253609 -0.0198 0.104157
v -0.253607 -0.019787 0.104078
v -0.253607 -0.019787 0.104078
v -0.253607 -0.019787 0.104078
v -0.253599 -0.019619 0.10409
v -0.25359 -0.019452 0.104182
v -0.253591 -0.019442 0.104103
v -0.253638 -0.019199 0.104199
v -0.255997 -0.018539 0.104332
v -0.256144 -0.018692 0.104425
v -0.25613 -0.018674 0.104344
v -0.25625 -0.018876 0.104441
v -0.256251 -0.018875 0.104361
v -0.256318 -0.018993 0.10445
v -0.256398 -0.019271 0.104472
v -0.256398 -0.019271 0.104472
v -0.2564 -0.01927 0.104392
v -0.25641 -0.019302 0.104395
v -0.25641 -0.019302 0.104395
v -0.256415 -0.019333 0.104477
v -0.256415 -0.019333 0.104477
v -0.256415 -0.019333 0.104477
v -0.256415 -0.019333 0.104477
v -0.256428 -0.019647 0.10442
v -0.256428 -0.019647 0.10442
v -0.256428 -0.019647 0.10442
v -0.256426 -0.01968 0.104502
v -0.256426 -0.01968 0.104502
v -0.256423 -0.019692 0.104503
v -0.25642 -0.019692 0.104423
v -0.255981 -0.020589 0.104575
v -0.256013 -0.020558 0.104492
v -0.256013 -0.020558 0.104492
v -0.255775 -0.020738 0.104593
v -0.255775 -0.020738 0.104593
v -0.255777 -0.020741 0.104514
v -0.255048 -0.020972 0.104647
v -0.254973 -0.020965 0.104652
v -0.254699 -0.020938 0.104672
v -0.254181 -0.020699 0.104635
v -0.253681 -0.020032 0.104694
v -0.253681 -0.020032 0.104694
v -0.253681 -0.020032 0.104694
v -0.253677 -0.020034 0.104773
v -0.253688 -0.020076 0.10477
v -0.253716 -0.020142 0.104686
v -0.253598 -0.01962 0.104805
v -0.253599 -0.019619 0.104725
v -0.253596 -0.019388 0.104822
v -0.25359 -0.019463 0.104737
v -0.253637 -0.019199 0.104755
v -0.253637 -0.019199 0.104755
v -0.253649 -0.019136 0.104759
v -0.253649 -0.019136 0.104759
v -0.253785 -0.018826 0.104783
v -0.254074 -0.018489 0.104816
v -0.25435 -0.01829 0.10492
v -0.254271 -0.018334 0.104834
v -0.255658 -0.018287 0.105017
v -0.255681 -0.018296 0.105018
v -0.255681 -0.018296 0.105018
v -0.25596 -0.018492 0.105042
v -0.256298 -0.018948 0.105002
v -0.256394 -0.019272 0.105107
v -0.256394 -0.019272 0.105107
v -0.256402 -0.01927 0.105027
v -0.256424 -0.019399 0.105117
v -0.256419 -0.019693 0.105138
v -0.256419 -0.019693 0.105138
v -0.256419 -0.019693 0.105138
v -0.25643 -0.019626 0.105054
v -0.256418 -0.019692 0.105058
v -0.25631 -0.0201 0.105087
v -0.256316 -0.020102 0.105166
v -0.256316 -0.020102 0.105166
v -0.25617 -0.020373 0.105188
v -0.25617 -0.020373 0.105188
v -0.256091 -0.02046 0.105118
v -0.256091 -0.020459 0.105197
v -0.256029 -0.020542 0.105125
v -0.254558 -0.020889 0.105239
v -0.25418 -0.020701 0.10527
v -0.254147 -0.020681 0.105273
v -0.253879 -0.020405 0.105299
v -0.253725 -0.020162 0.105319
v -0.253682 -0.020032 0.105329
v -0.253615 -0.01983 0.105345
v -0.253599 -0.019619 0.105361
v -0.253588 -0.019485 0.10537
v -0.253605 -0.019324 0.105461
v -0.253636 -0.019199 0.10539
v -0.253636 -0.019199 0.10539
v -0.253697 -0.019002 0.105483
v -0.253643 -0.019156 0.105393
v -0.253643 -0.019156 0.105393
v -0.253805 -0.018812 0.105499
v -0.253774 -0.018845 0.105416
v -0.254073 -0.018487 0.10553
v -0.254075 -0.01849 0.105451
v -0.254113 -0.018445 0.105534
v -0.254113 -0.018445 0.105534
v -0.254253 -0.018346 0.105468
v -0.254408 -0.018261 0.10556
v -0.254835 -0.018143 0.10551
v -0.255738 -0.018328 0.105658
v -0.255864 -0.018413 0.105589
v -0.256003 -0.018533 0.105681
v -0.255997 -0.018539 0.105602
v -0.256006 -0.018535 0.105681
v -0.256006 -0.018535 0.105681
v -0.256104 -0.018641 0.105612
v -0.256218 -0.0188 0.105704
v -0.256254 -0.018874 0.105631
v -0.256252 -0.018874 0.10571
v -0.256252 -0.018874 0.10571
v -0.256289 -0.018929 0.105636
v -0.256289 -0.018929 0.105636
v -0.256365 -0.019118 0.10573
v -0.256402 -0.019259 0.105662
v -0.256393 -0.019271 0.105742
v -0.256403 -0.019269 0.105663
v -0.256429 -0.019465 0.105756
v -0.256415 -0.019692 0.105772
v -0.256417 -0.019692 0.105693
v -0.256408 -0.019807 0.105781
v -0.25613 -0.020426 0.105828
v -0.256092 -0.020461 0.105752
v -0.256094 -0.020461 0.105832
v -0.253881 -0.020404 0.105934
v -0.253735 -0.020181 0.105953
v -0.25368 -0.020032 0.106044
v -0.253682 -0.020032 0.105964
v -0.253682 -0.020032 0.105964
v -0.253644 -0.01995 0.10605
v -0.253619 -0.019851 0.105978
v -0.253619 -0.019851 0.105978
v -0.253591 -0.019619 0.106075
v -0.253598 -0.019619 0.105995
v -0.253588 -0.019602 0.106076
v -0.253588 -0.019506 0.106004
v -0.253588 -0.019506 0.106004
v -0.253617 -0.019262 0.1061
v -0.253634 -0.019198 0.106025
v -0.253634 -0.019198 0.106025
v -0.253801 -0.018811 0.106054
v -0.253801 -0.018811 0.106054
v -0.25391 -0.018648 0.106148
v -0.25391 -0.018648 0.106148
v -0.253967 -0.018582 0.106075
v -0.253967 -0.018582 0.106075
v -0.254076 -0.01849 0.106165
v -0.254234 -0.018357 0.106101
v -0.254428 -0.018257 0.106196
v -0.25443 -0.018261 0.106116
v -0.254834 -0.018142 0.106145
v -0.255655 -0.018293 0.106207
v -0.255793 -0.018363 0.106298
v -0.255847 -0.0184 0.106223
v -0.25605 -0.01858 0.10632
v -0.25605 -0.01858 0.10632
v -0.25609 -0.018625 0.106245
v -0.25609 -0.018625 0.106245
v -0.256251 -0.018856 0.106344
v -0.256251 -0.018856 0.106344
v -0.256251 -0.018856 0.106344
v -0.256251 -0.018856 0.106344
v -0.256251 -0.018856 0.106344
v -0.256255 -0.018873 0.106266
v -0.256383 -0.019182 0.10637
v -0.256414 -0.019692 0.106407
v -0.256312 -0.020101 0.106436
v -0.256311 -0.0201 0.106357
v -0.256311 -0.0201 0.106357
v -0.256281 -0.020186 0.106443
v -0.256281 -0.020186 0.106443
v -0.25626 -0.020227 0.106366
v -0.256097 -0.020464 0.106467
v -0.256088 -0.020478 0.106468
v -0.255777 -0.02074 0.106498
v -0.255522 -0.020877 0.106519
v -0.253935 -0.020483 0.106562
v -0.253935 -0.020483 0.106562
v -0.253882 -0.020403 0.106569
v -0.253597 -0.019619 0.106631
v -0.253597 -0.019619 0.106631
v -0.253624 -0.019873 0.106612
v -0.253624 -0.019873 0.106612
v -0.253624 -0.019873 0.106612
v -0.253624 -0.019873 0.106612
v -0.253744 -0.0202 0.106586
v -0.255125 -0.020885 0.100069
v -0.255173 -0.020868 0.10006
v -0.255898 -0.020649 0.100142
v -0.25594 -0.020606 0.100139
v -0.255961 -0.020133 0.099845
v -0.256274 -0.020109 0.100111
v -0.256229 -0.020203 0.100116
v -0.255988 -0.0198 0.099739
v -0.256367 -0.019655 0.10009
v -0.25602 -0.019726 0.099758
v -0.256366 -0.019569 0.100086
v -0.255824 -0.020133 0.099739
v -0.255871 -0.020077 0.099739
v -0.255956 -0.019874 0.099739
v -0.255577 -0.020394 0.099746
v -0.254239 -0.020338 0.099832
v -0.254348 -0.020227 0.099675
v -0.254353 -0.020427 0.099825
v -0.253903 -0.019822 0.099868
v -0.254082 -0.019737 0.099675
v -0.254068 -0.019455 0.099675
v -0.253892 -0.019775 0.099871
v -0.253854 -0.019422 0.099891
v -0.254093 -0.019316 0.099675
v -0.254093 -0.019316 0.099675
v -0.253923 -0.019091 0.099909
v -0.253877 -0.019252 0.0999
v -0.254316 -0.018552 0.099946
v -0.254497 -0.018755 0.099675
v -0.254351 -0.018528 0.099948
v -0.255416 -0.018343 0.100005
v -0.255339 -0.018321 0.100001
v -0.255752 -0.018489 0.100024
v -0.255679 -0.018446 0.10002
v -0.256031 -0.018727 0.100041
v -0.255989 -0.018685 0.100038
v -0.256186 -0.018941 0.100054
v -0.256345 -0.019368 0.100077
v -0.256312 -0.019241 0.10007
v -0.255994 -0.019742 0.101575
v -0.255994 -0.019742 0.101575
v -0.256014 -0.019656 0.101566
v -0.254008 -0.019421 0.101886
v -0.254008 -0.019421 0.101886
v -0.254022 -0.019726 0.103125
v -0.255361 -0.020497 0.103583
v -0.254046 -0.019246 0.104443
v -0.254193 -0.018966 0.104474
v -0.254147 -0.019025 0.104467
v -0.254147 -0.019025 0.104467
v -0.255951 -0.019905 0.104766
v -0.255966 -0.019875 0.104762
v -0.255859 -0.020095 0.104787
v -0.255859 -0.020095 0.104787
v -0.256033 -0.020207 0.104667
v -0.254744 -0.020737 0.104791
v -0.254511 -0.020423 0.104942
v -0.254285 -0.020244 0.10497
v -0.254351 -0.020316 0.104961
v -0.254351 -0.020316 0.104961
v -0.256012 -0.019539 0.105364
v -0.256012 -0.019539 0.105364
v -0.256012 -0.019539 0.105364
v -0.256014 -0.019442 0.105355
v -0.256014 -0.019442 0.105355
v -0.256219 -0.019421 0.105236
v -0.256219 -0.019421 0.105236
v -0.256219 -0.019421 0.105236
v -0.256219 -0.019421 0.105236
v -0.255833 -0.020134 0.105426
v -0.255833 -0.020134 0.105426
v -0.256001 -0.020254 0.105307
v -0.256001 -0.020254 0.105307
v -0.255599 -0.020362 0.105461
v -0.255599 -0.020362 0.105461
v -0.255664 -0.020319 0.105453
v -0.254015 -0.01938 0.1057
v -0.254012 -0.01939 0.105699
v -0.254107 -0.019109 0.105727
v -0.255632 -0.020595 0.100906
v -0.255632 -0.020595 0.100906
v -0.254783 -0.020745 0.100978
v -0.256114 -0.020059 0.102748
v -0.256114 -0.020059 0.102748
v -0.255957 -0.020313 0.102774
v -0.255957 -0.020313 0.102774
v -0.255583 -0.018478 0.105137
v -0.255822 -0.018645 0.105161
v -0.255707 -0.018554 0.10007
v -0.25568 -0.020565 0.100266
v -0.256081 -0.020124 0.100214
v -0.256187 -0.019854 0.100191
v -0.256193 -0.019269 0.100142
v -0.256193 -0.019269 0.100142
v -0.256193 -0.019269 0.100142
v -0.255921 -0.018745 0.100092
v -0.256087 -0.018987 0.100116
v -0.256087 -0.018987 0.100116
v -0.255444 -0.018414 0.100044
v -0.254247 -0.018888 0.100039
v -0.254247 -0.018888 0.100039
v -0.254433 -0.01872 0.100065
v -0.254108 -0.019094 0.100014
v -0.254234 -0.018906 0.100037
v -0.254082 -0.019167 0.100006
v -0.254012 -0.01945 0.099978
v -0.253999 -0.019559 0.099967
v -0.254024 -0.01974 0.099948
v -0.254032 -0.019806 0.099941
v -0.254032 -0.019806 0.099941
v -0.254117 -0.020018 0.099918
v -0.25539 -0.020485 0.09977
v -0.255605 -0.020366 0.099745
v -0.255412 -0.018402 0.106391
v -0.255679 -0.018535 0.106417
v -0.255224 -0.020747 0.106021
v -0.255967 -0.020299 0.105947
v -0.256168 -0.019181 0.105849
v -0.256168 -0.019181 0.105849
v -0.256043 -0.018908 0.105824
v -0.256043 -0.018908 0.105824
v -0.254689 -0.020723 0.105431
v -0.255548 -0.02064 0.105359
v -0.255548 -0.02064 0.105359
v -0.256214 -0.019716 0.10526
v -0.25615 -0.019127 0.105209
v -0.25615 -0.019127 0.105209
v -0.255043 -0.020766 0.104766
v -0.255043 -0.020766 0.104766
v -0.25533 -0.020723 0.104742
v -0.255598 -0.020614 0.104719
v -0.25622 -0.019661 0.104621
v -0.256211 -0.019364 0.104596
v -0.256211 -0.019364 0.104596
v -0.256128 -0.019074 0.104569
v -0.25598 -0.018817 0.104544
v -0.25598 -0.018817 0.104544
v -0.255781 -0.01861 0.104522
v -0.255098 -0.020763 0.104126
v -0.255381 -0.020708 0.104103
v -0.255646 -0.020586 0.10408
v -0.256177 -0.01989 0.104004
v -0.256224 -0.019606 0.103981
v -0.256224 -0.019606 0.103981
v -0.256201 -0.019308 0.103956
v -0.256201 -0.019308 0.103956
v -0.256201 -0.019308 0.103956
v -0.256105 -0.019022 0.10393
v -0.255694 -0.020555 0.10344
v -0.255694 -0.020555 0.10344
v -0.255694 -0.020555 0.10344
v -0.25592 -0.020356 0.103414
v -0.256089 -0.020109 0.103388
v -0.256191 -0.019838 0.103365
v -0.256191 -0.019838 0.103365
v -0.256191 -0.019838 0.103365
v -0.256225 -0.01955 0.103342
v -0.256225 -0.01955 0.103342
v -0.256189 -0.019252 0.103316
v -0.256189 -0.019252 0.103316
v -0.256189 -0.019252 0.103316
v -0.256079 -0.018972 0.10329
v -0.256079 -0.018972 0.10329
v -0.256079 -0.018972 0.10329
v -0.256079 -0.018972 0.10329
v -0.255483 -0.02067 0.102825
v -0.25574 -0.020522 0.1028
v -0.25574 -0.020522 0.1028
v -0.25574 -0.020522 0.1028
v -0.256202 -0.019786 0.102726
v -0.256224 -0.019494 0.102702
v -0.255646 -0.018514 0.102604
v -0.255646 -0.018514 0.102604
v -0.255873 -0.018693 0.102627
v -0.25497 -0.020765 0.102232
v -0.255262 -0.02074 0.102208
v -0.255262 -0.02074 0.102208
v -0.255785 -0.020487 0.10216
v -0.255991 -0.020267 0.102134
v -0.255991 -0.020267 0.102134
v -0.255991 -0.020267 0.102134
v -0.256136 -0.020008 0.102109
v -0.256136 -0.020008 0.102109
v -0.256136 -0.020008 0.102109
v -0.256136 -0.020008 0.102109
v -0.25622 -0.019437 0.102062
v -0.256212 -0.019732 0.102087
v -0.256212 -0.019732 0.102087
v -0.256212 -0.019732 0.102087
v -0.256155 -0.019143 0.102036
v -0.256155 -0.019143 0.102036
v -0.255834 -0.018656 0.101987
v -0.255834 -0.018656 0.101987
v -0.255598 -0.018486 0.101964
v -0.255598 -0.018486 0.101964
v -0.255026 -0.020766 0.101592
v -0.255583 -0.020622 0.101546
v -0.255828 -0.02045 0.10152
v -0.256214 -0.019381 0.101422
v -0.256135 -0.01909 0.101396
v -0.254496 -0.020653 0.101004
v -0.255869 -0.02041 0.10088
v -0.255869 -0.02041 0.10088
v -0.256054 -0.020173 0.100854
v -0.256054 -0.020173 0.100854
v -0.256172 -0.019906 0.10083
v -0.256223 -0.019623 0.100808
v -0.256112 -0.019037 0.100756
v -0.256112 -0.019037 0.100756
v -0.256205 -0.019325 0.100782
v -0.256205 -0.019325 0.100782
v -0.255956 -0.018786 0.100731
v -0.255497 -0.018436 0.100684
v -0.255417 -0.020696 0.10029
v -0.255417 -0.020696 0.10029
v -0.255137 -0.020759 0.100313
v -0.254943 -0.020558 0.106164
v -0.255188 -0.020544 0.10614
v -0.255805 -0.020172 0.106066
v -0.255917 -0.019985 0.106044
v -0.256018 -0.019489 0.105995
v -0.256018 -0.019489 0.105995
v -0.256004 -0.019715 0.106017
v -0.256004 -0.019715 0.106017
v -0.256003 -0.019733 0.106019
v -0.256006 -0.019425 0.105988
v -0.256006 -0.019425 0.105988
v -0.255867 -0.019017 0.105943
v -0.255924 -0.019141 0.105957
v -0.255972 -0.019243 0.105968
v -0.255717 -0.018829 0.105919
v -0.254199 -0.018947 0.105746
v -0.254052 -0.019869 0.105649
v -0.254052 -0.019869 0.105649
v -0.254055 -0.019879 0.105648
v -0.254164 -0.020102 0.105623
v -0.254385 -0.020336 0.105592
v -0.254499 -0.020419 0.105578
v -0.254512 -0.020429 0.105576
v -0.254743 -0.020524 0.10555
v -0.255457 -0.020455 0.105478
v -0.255457 -0.020455 0.105478
v -0.255342 -0.020496 0.105489
v -0.255856 -0.020093 0.105422
v -0.255856 -0.020093 0.105422
v -0.255856 -0.020093 0.105422
v -0.25601 -0.019688 0.105379
v -0.25595 -0.019918 0.105402
v -0.255968 -0.019249 0.105334
v -0.255968 -0.019249 0.105334
v -0.255842 -0.018978 0.105303
v -0.255844 -0.018982 0.105303
v -0.255844 -0.018982 0.105303
v -0.255956 -0.019199 0.105328
v -0.254335 -0.018799 0.105132
v -0.254172 -0.018985 0.105106
v -0.254008 -0.019681 0.105035
v -0.254006 -0.019438 0.105059
v -0.25402 -0.019727 0.10503
v -0.254071 -0.019924 0.105008
v -0.254854 -0.020542 0.104904
v -0.255037 -0.02056 0.104885
v -0.255275 -0.020524 0.104861
v -0.256001 -0.019706 0.104746
v -0.256008 -0.019418 0.104717
v -0.256008 -0.019418 0.104717
v -0.256007 -0.019396 0.104715
v -0.256007 -0.019396 0.104715
v -0.255815 -0.018941 0.104663
v -0.255928 -0.019135 0.104686
v -0.255928 -0.019135 0.104686
v -0.255939 -0.019155 0.104689
v -0.255763 -0.018887 0.104656
v -0.255763 -0.018887 0.104656
v -0.25565 -0.01877 0.104641
v -0.255206 -0.020533 0.104233
v -0.255478 -0.020438 0.104205
v -0.255538 -0.02041 0.104199
v -0.255979 -0.019832 0.104123
v -0.25589 -0.02004 0.104145
v -0.255989 -0.01977 0.104117
v -0.255999 -0.019349 0.104075
v -0.255999 -0.019349 0.104075
v -0.25601 -0.019486 0.104089
v -0.256018 -0.019597 0.1041
v -0.255948 -0.019197 0.104058
v -0.254113 -0.019091 0.103824
v -0.254025 -0.019774 0.103755
v -0.254013 -0.019658 0.103767
v -0.254229 -0.020186 0.103707
v -0.254229 -0.020186 0.103707
v -0.254247 -0.020212 0.103704
v -0.255534 -0.020407 0.103564
v -0.255578 -0.020385 0.103559
v -0.255763 -0.020222 0.103533
v -0.255763 -0.020222 0.103533
v -0.255765 -0.02022 0.103533
v -0.255991 -0.01979 0.103484
v -0.255991 -0.01979 0.103484
v -0.25592 -0.019977 0.103503
v -0.25592 -0.019977 0.103503
v -0.25592 -0.019977 0.103503
v -0.255906 -0.020014 0.103507
v -0.256 -0.019706 0.103476
v -0.256 -0.019706 0.103476
v -0.255989 -0.019303 0.103435
v -0.255922 -0.019132 0.103416
v -0.255922 -0.019132 0.103416
v -0.255922 -0.019132 0.103416
v -0.255898 -0.01907 0.103409
v -0.255898 -0.01907 0.103409
v -0.255765 -0.018883 0.103386
v -0.254238 -0.018898 0.103213
v -0.254241 -0.018895 0.103213
v -0.254106 -0.019988 0.103096
v -0.254132 -0.020051 0.103089
v -0.254269 -0.020234 0.103067
v -0.254277 -0.020245 0.103065
v -0.255403 -0.02048 0.102944
v -0.255589 -0.020373 0.102922
v -0.255616 -0.020357 0.102919
v -0.255927 -0.019973 0.102867
v -0.255927 -0.019973 0.102867
v -0.255947 -0.019911 0.102861
v -0.255947 -0.019911 0.102861
v -0.256018 -0.019503 0.102821
v -0.256008 -0.019637 0.102834
v -0.255714 -0.018829 0.102744
v -0.255714 -0.018829 0.102744
v -0.255726 -0.018839 0.102746
v -0.254051 -0.019255 0.102537
v -0.254006 -0.019539 0.102509
v -0.254156 -0.020091 0.102449
v -0.254002 -0.01962 0.102501
v -0.255158 -0.020543 0.102333
v -0.255412 -0.020472 0.102308
v -0.255219 -0.020538 0.102327
v -0.25566 -0.020321 0.102278
v -0.255934 -0.019949 0.10223
v -0.255853 -0.020095 0.102247
v -0.255853 -0.020095 0.102247
v -0.255853 -0.020095 0.102247
v -0.255825 -0.020146 0.102253
v -0.255825 -0.020146 0.102253
v -0.255945 -0.019931 0.102228
v -0.255945 -0.019931 0.102228
v -0.256015 -0.019457 0.102181
v -0.256009 -0.019677 0.102203
v -0.256008 -0.019701 0.102206
v -0.256008 -0.019701 0.102206
v -0.256 -0.019388 0.102174
v -0.25585 -0.01899 0.102129
v -0.255961 -0.019212 0.102155
v -0.255961 -0.019212 0.102155
v -0.25559 -0.018733 0.102094
v -0.25559 -0.018733 0.102094
v -0.255694 -0.018808 0.102107
v -0.254007 -0.019621 0.101866
v -0.254341 -0.020307 0.101787
v -0.254182 -0.020129 0.10181
v -0.255314 -0.020727 0.101569
v -0.255689 -0.020297 0.101639
v -0.255689 -0.020297 0.101639
v -0.25573 -0.02025 0.101633
v -0.25573 -0.02025 0.101633
v -0.255961 -0.019888 0.101589
v -0.255852 -0.020107 0.101613
v -0.255852 -0.020107 0.101613
v -0.25601 -0.019457 0.101546
v -0.255944 -0.019168 0.101515
v -0.255879 -0.019051 0.101501
v -0.254172 -0.018991 0.101296
v -0.254301 -0.018833 0.101317
v -0.254313 -0.018819 0.101319
v -0.254313 -0.018819 0.101319
v -0.254154 -0.019013 0.101293
v -0.254003 -0.019467 0.101246
v -0.25405 -0.019233 0.101269
v -0.254006 -0.019536 0.101239
v -0.254084 -0.019954 0.101195
v -0.254353 -0.020313 0.101151
v -0.254593 -0.020469 0.101122
v -0.254583 -0.020466 0.101123
v -0.255677 -0.020301 0.101005
v -0.255877 -0.020067 0.100973
v -0.256018 -0.01961 0.100927
v -0.256018 -0.01961 0.100927
v -0.256018 -0.01961 0.100927
v -0.25598 -0.01982 0.100947
v -0.255965 -0.019249 0.100889
v -0.255965 -0.019249 0.100889
v -0.255965 -0.019249 0.100889
v -0.256002 -0.019363 0.100901
v -0.256002 -0.019363 0.100901
v -0.255838 -0.018984 0.100858
v -0.255402 -0.018621 0.100802
v -0.255414 -0.018625 0.100803
v -0.25433 -0.018811 0.100686
v -0.254037 -0.019276 0.10063
v -0.254138 -0.019043 0.100655
v -0.254031 -0.019318 0.100626
v -0.254031 -0.019318 0.100626
v -0.254021 -0.01976 0.100581
v -0.254 -0.019513 0.100607
v -0.254238 -0.020202 0.100531
v -0.254411 -0.020364 0.100508
v -0.255987 -0.019802 0.10031
v -0.255913 -0.019993 0.10033
v -0.255913 -0.019993 0.10033
v -0.2559 -0.020027 0.100333
v -0.255992 -0.019317 0.100261
v -0.256005 -0.019433 0.100273
v -0.256005 -0.019433 0.100273
v -0.256019 -0.019564 0.100287
v -0.255928 -0.019146 0.100242
v -0.255904 -0.019082 0.100235
v -0.254452 -0.01871 0.100068
v -0.254329 -0.020296 0.101233
v -0.254209 -0.020166 0.103789
v -0.254228 -0.020186 0.103787
v -0.254228 -0.020186 0.103787
v -0.254228 -0.020186 0.103787
v -0.255641 -0.020338 0.09982
v -0.255814 -0.02016 0.099794
v -0.255937 -0.019949 0.099769
v -0.255959 -0.019876 0.099762
v -0.256004 -0.019723 0.099747
v -0.255999 -0.019714 0.106096
v -0.255999 -0.019714 0.106096
v -0.256004 -0.019425 0.106067
v -0.255911 -0.019095 0.106031
v -0.255777 -0.018893 0.106007
v -0.25564 -0.018767 0.105989
v -0.25454 -0.018664 0.105872
v -0.254497 -0.018685 0.105867
v -0.25427 -0.018862 0.105837
v -0.254266 -0.018867 0.105837
v -0.254266 -0.018867 0.105837
v -0.254266 -0.018867 0.105837
v -0.254125 -0.019062 0.105811
v -0.254035 -0.019284 0.105788
v -0.254021 -0.019381 0.105779
v -0.254021 -0.019381 0.105779
v -0.254021 -0.019381 0.105779
v -0.254 -0.019519 0.105766
v -0.254 -0.019519 0.105766
v -0.254005 -0.019578 0.10576
v -0.254022 -0.019764 0.10574
v -0.254022 -0.019764 0.10574
v -0.254058 -0.019867 0.105729
v -0.254058 -0.019867 0.105729
v -0.254058 -0.019867 0.105729
v -0.254104 -0.019998 0.105714
v -0.25419 -0.020128 0.105699
v -0.25419 -0.020128 0.105699
v -0.254237 -0.020201 0.10569
v -0.254409 -0.020362 0.105668
v -0.254621 -0.020482 0.105643
v -0.255599 -0.020363 0.10554
v -0.255855 -0.020092 0.105501
v -0.25589 -0.020044 0.105495
v -0.256018 -0.019589 0.105449
v -0.256018 -0.019589 0.105449
v -0.256014 -0.01954 0.105444
v -0.255998 -0.019344 0.105424
v -0.255918 -0.019109 0.105398
v -0.255839 -0.018986 0.105383
v -0.255839 -0.018986 0.105383
v -0.25428 -0.018851 0.105204
v -0.254039 -0.01927 0.105155
v -0.254034 -0.0193 0.105152
v -0.254 -0.019504 0.105132
v -0.254019 -0.019749 0.105107
v -0.254284 -0.020244 0.105049
v -0.254284 -0.020244 0.105049
v -0.254397 -0.020353 0.105034
v -0.254397 -0.020353 0.105034
v -0.254397 -0.020353 0.105034
v -0.254512 -0.02042 0.105021
v -0.254512 -0.02042 0.105021
v -0.254607 -0.020476 0.10501
v -0.255799 -0.020167 0.104876
v -0.255883 -0.020057 0.104861
v -0.255978 -0.019837 0.104838
v -0.256005 -0.019418 0.104796
v -0.255796 -0.018916 0.10474
v -0.255765 -0.018886 0.104736
v -0.255765 -0.018886 0.104736
v -0.255628 -0.018751 0.104718
v -0.254485 -0.018687 0.104596
v -0.254397 -0.018756 0.104584
v -0.254193 -0.018967 0.104554
v -0.254193 -0.018967 0.104554
v -0.25414 -0.019036 0.104545
v -0.254053 -0.019234 0.104523
v -0.254043 -0.019256 0.104521
v -0.254035 -0.019299 0.104517
v -0.254001 -0.019489 0.104499
v -0.254498 -0.018679 0.103963
v -0.254302 -0.018829 0.103937
v -0.254148 -0.019023 0.103911
v -0.254116 -0.019092 0.103904
v -0.254011 -0.019659 0.103846
v -0.254011 -0.019659 0.103846
v -0.254076 -0.019927 0.103817
v -0.254076 -0.019927 0.103817
v -0.254085 -0.019956 0.103814
v -0.255294 -0.020519 0.103669
v -0.255711 -0.020276 0.10362
v -0.255758 -0.020218 0.103613
v -0.255758 -0.020218 0.103613
v -0.255867 -0.020084 0.103595
v -0.255917 -0.019976 0.103583
v -0.255917 -0.019976 0.103583
v -0.255969 -0.019865 0.103571
v -0.255969 -0.019865 0.103571
v -0.256001 -0.019706 0.103555
v -0.256007 -0.019418 0.103526
v -0.256006 -0.019389 0.103523
v -0.256006 -0.019389 0.103523
v -0.255937 -0.019151 0.103497
v -0.255926 -0.019131 0.103495
v -0.254706 -0.01859 0.103349
v -0.254512 -0.018671 0.103329
v -0.254451 -0.018717 0.103321
v -0.254313 -0.018818 0.103304
v -0.254247 -0.018899 0.103293
v -0.254086 -0.019156 0.103262
v -0.254011 -0.019703 0.103207
v -0.254018 -0.019726 0.103204
v -0.254018 -0.019726 0.103204
v -0.254079 -0.019942 0.103181
v -0.254105 -0.019987 0.103175
v -0.254105 -0.019987 0.103175
v -0.2542 -0.020154 0.103156
v -0.254272 -0.02023 0.103146
v -0.254362 -0.020325 0.103134
v -0.254495 -0.020412 0.103118
v -0.254565 -0.020457 0.10311
v -0.255501 -0.020432 0.103013
v -0.255859 -0.020097 0.102961
v -0.255949 -0.019911 0.102941
v -0.255949 -0.019911 0.102941
v -0.255964 -0.019879 0.102937
v -0.255711 -0.018831 0.102824
v -0.254374 -0.018772 0.102677
v -0.254325 -0.018808 0.10267
v -0.254173 -0.018986 0.102646
v -0.254057 -0.019214 0.10262
v -0.254057 -0.019214 0.10262
v -0.254048 -0.019254 0.102616
v -0.254048 -0.019254 0.102616
v -0.254048 -0.019254 0.102616
v -0.254005 -0.019444 0.102598
v -0.254007 -0.019539 0.102588
v -0.254007 -0.019539 0.102588
v -0.254009 -0.019688 0.102573
v -0.254046 -0.019829 0.102558
v -0.254046 -0.019829 0.102558
v -0.254073 -0.019928 0.102547
v -0.254166 -0.020097 0.102528
v -0.25435 -0.020315 0.1025
v -0.25585 -0.02011 0.102328
v -0.255857 -0.020097 0.102326
v -0.255959 -0.019893 0.102303
v -0.256013 -0.019664 0.102281
v -0.256011 -0.01942 0.102257
v -0.256003 -0.019388 0.102253
v -0.255951 -0.019186 0.102231
v -0.255949 -0.01918 0.102231
v -0.255832 -0.018964 0.102206
v -0.255673 -0.018789 0.102183
v -0.254336 -0.018797 0.102037
v -0.254029 -0.019337 0.101973
v -0.254007 -0.019429 0.101965
v -0.254007 -0.019429 0.101965
v -0.254054 -0.019861 0.10192
v -0.254067 -0.019913 0.101914
v -0.254067 -0.019913 0.101914
v -0.254182 -0.02013 0.101889
v -0.254182 -0.02013 0.101889
v -0.254185 -0.020133 0.101888
v -0.25434 -0.020306 0.101866
v -0.255498 -0.02043 0.101742
v -0.255677 -0.020308 0.10172
v -0.255677 -0.020308 0.10172
v -0.255729 -0.020249 0.101712
v -0.255729 -0.020249 0.101712
v -0.255841 -0.020122 0.101694
v -0.255954 -0.019907 0.10167
v -0.255995 -0.019742 0.101654
v -0.256011 -0.019679 0.101648
v -0.256013 -0.019457 0.101625
v -0.255955 -0.019194 0.101597
v -0.254348 -0.018787 0.101404
v -0.254304 -0.018836 0.101397
v -0.254304 -0.018836 0.101397
v -0.254182 -0.018971 0.101378
v -0.254172 -0.01899 0.101375
v -0.254172 -0.01899 0.101375
v -0.254172 -0.01899 0.101375
v -0.254067 -0.019186 0.101353
v -0.254009 -0.019414 0.101331
v -0.254007 -0.019537 0.101319
v -0.254005 -0.019657 0.101307
v -0.254041 -0.019811 0.10129
v -0.254061 -0.019899 0.101281
v -0.254159 -0.020089 0.101259
v -0.254174 -0.020117 0.101255
v -0.254174 -0.020117 0.101255
v -0.256012 -0.019538 0.100999
v -0.255976 -0.019819 0.101026
v -0.255976 -0.019819 0.101026
v -0.256009 -0.019693 0.101014
v -0.256009 -0.019693 0.101014
v -0.256014 -0.019451 0.10099
v -0.254551 -0.018652 0.100794
v -0.25436 -0.018777 0.10077
v -0.254329 -0.018809 0.100766
v -0.254191 -0.018959 0.100744
v -0.254073 -0.019172 0.10072
v -0.254308 -0.020276 0.099966
v -0.25429 -0.020255 0.099968
v -0.254051 -0.019869 0.100014
v -0.254025 -0.019739 0.100028
v -0.25401 -0.019449 0.100057
v -0.254079 -0.019158 0.100086
v -0.254079 -0.019158 0.100086
v -0.2542 -0.018946 0.100111
v -0.2542 -0.018946 0.100111
v -0.254236 -0.018909 0.100116
v -0.254236 -0.018909 0.100116
v -0.254371 -0.018767 0.100137
v -0.254455 -0.018714 0.100147
v -0.254579 -0.018636 0.100162
v -0.254579 -0.018636 0.100162
v -0.254712 -0.018592 0.100175
v -0.254802 -0.018561 0.100184
v -0.255001 -0.018544 0.100204
v -0.255857 -0.019002 0.100305
v -0.255928 -0.019147 0.100322
v -0.256009 -0.019433 0.100353
v -0.256009 -0.019433 0.100353
v -0.256016 -0.019466 0.100356
v -0.256016 -0.019466 0.100356
v -0.256007 -0.019708 0.100381
v -0.256003 -0.019722 0.100382
v -0.255943 -0.019935 0.100403
v -0.255911 -0.019991 0.100409
v -0.254318 -0.020286 0.100599
v -0.254318 -0.020286 0.100599
v -0.254207 -0.020154 0.100616
v -0.254056 -0.019884 0.100647
v -0.254003 -0.019642 0.100673
v -0.254003 -0.019642 0.100673
v -0.254005 -0.019602 0.100677
v -0.254011 -0.019399 0.100697
v -0.254033 -0.019319 0.100705
v -0.253862 -0.019952 0.100766
v -0.253882 -0.019095 0.100839
v -0.253882 -0.019095 0.100839
v -0.254014 -0.020248 0.102008
v -0.254014 -0.020248 0.102008
v -0.254216 -0.020472 0.102619
v -0.254216 -0.020472 0.102619
v -0.253982 -0.018899 0.103397
v -0.254258 -0.020506 0.10452
v -0.25496 -0.020765 0.10001
v -0.254301 -0.020538 0.106421
v -0.254885 -0.01834 0.106028
v -0.254607 -0.018402 0.106006
v -0.254347 -0.01853 0.105982
v -0.254119 -0.018722 0.105956
v -0.254119 -0.018722 0.105956
v -0.253944 -0.018963 0.105931
v -0.253944 -0.018963 0.105931
v -0.253836 -0.01923 0.105907
v -0.253836 -0.01923 0.105907
v -0.253794 -0.019512 0.105885
v -0.253794 -0.019512 0.105885
v -0.253794 -0.019512 0.105885
v -0.253794 -0.019512 0.105885
v -0.253821 -0.019808 0.105859
v -0.254079 -0.020334 0.105809
v -0.254079 -0.020334 0.105809
v -0.253919 -0.02009 0.105833
v -0.254286 -0.020528 0.105787
v -0.254542 -0.020673 0.105762
v -0.254903 -0.018338 0.105395
v -0.254624 -0.018396 0.105372
v -0.253953 -0.018947 0.105297
v -0.253841 -0.019213 0.105274
v -0.253841 -0.019213 0.105274
v -0.253841 -0.019213 0.105274
v -0.253817 -0.019789 0.105226
v -0.253911 -0.020073 0.1052
v -0.253911 -0.020073 0.1052
v -0.254068 -0.02032 0.105176
v -0.254272 -0.020517 0.105154
v -0.254272 -0.020517 0.105154
v -0.254272 -0.020517 0.105154
v -0.254525 -0.020665 0.105129
v -0.254525 -0.020665 0.105129
v -0.254811 -0.02075 0.105103
v -0.254378 -0.01851 0.104715
v -0.253846 -0.019196 0.10464
v -0.253795 -0.019476 0.104618
v -0.253795 -0.019476 0.104618
v -0.253814 -0.019771 0.104593
v -0.253904 -0.020056 0.104567
v -0.253904 -0.020056 0.104567
v -0.253904 -0.020056 0.104567
v -0.254057 -0.020306 0.104542
v -0.254508 -0.020658 0.104496
v -0.254394 -0.018501 0.104082
v -0.253797 -0.019458 0.103984
v -0.25381 -0.019753 0.103959
v -0.25381 -0.019753 0.103959
v -0.25381 -0.019753 0.103959
v -0.25381 -0.019753 0.103959
v -0.253896 -0.020039 0.103933
v -0.253896 -0.020039 0.103933
v -0.253896 -0.020039 0.103933
v -0.254046 -0.020292 0.103909
v -0.254046 -0.020292 0.103909
v -0.254244 -0.020495 0.103886
v -0.254775 -0.020743 0.103836
v -0.25441 -0.018492 0.103448
v -0.254171 -0.018669 0.103423
v -0.253857 -0.019162 0.103373
v -0.253857 -0.019162 0.103373
v -0.253798 -0.01944 0.103351
v -0.254035 -0.020278 0.103275
v -0.254474 -0.020642 0.103229
v -0.254426 -0.018483 0.102815
v -0.254185 -0.018656 0.102789
v -0.254185 -0.018656 0.102789
v -0.253992 -0.018884 0.102763
v -0.2538 -0.019422 0.102717
v -0.2538 -0.019422 0.102717
v -0.253863 -0.019145 0.102739
v -0.253863 -0.019145 0.102739
v -0.253805 -0.019716 0.102692
v -0.253805 -0.019716 0.102692
v -0.253881 -0.020005 0.102666
v -0.254024 -0.020263 0.102641
v -0.254024 -0.020263 0.102641
v -0.254738 -0.020735 0.102569
v -0.255034 -0.020766 0.102544
v -0.254708 -0.018372 0.102204
v -0.254199 -0.018643 0.102156
v -0.254199 -0.018643 0.102156
v -0.254002 -0.018868 0.10213
v -0.254002 -0.018868 0.10213
v -0.253802 -0.019404 0.102084
v -0.253875 -0.019987 0.102033
v -0.253875 -0.019987 0.102033
v -0.253875 -0.019987 0.102033
v -0.254203 -0.02046 0.101985
v -0.254726 -0.018367 0.10157
v -0.253875 -0.019112 0.101472
v -0.253875 -0.019112 0.101472
v -0.2538 -0.019679 0.101426
v -0.2538 -0.019679 0.101426
v -0.253868 -0.01997 0.1014
v -0.254003 -0.020233 0.101374
v -0.254003 -0.020233 0.101374
v -0.254003 -0.020233 0.101374
v -0.25419 -0.020449 0.101352
v -0.25419 -0.020449 0.101352
v -0.254023 -0.018838 0.100863
v -0.253807 -0.019368 0.100817
v -0.253798 -0.01966 0.100792
v -0.253798 -0.01966 0.100792
v -0.254177 -0.020437 0.100718
v -0.25476 -0.01836 0.100303
v -0.254491 -0.01845 0.100281
v -0.254034 -0.018823 0.10023
v -0.254034 -0.018823 0.10023
v -0.25381 -0.019351 0.100183
v -0.253797 -0.019642 0.100159
v -0.253797 -0.019642 0.100159
v -0.253855 -0.019935 0.100133
v -0.254164 -0.020425 0.100085
v -0.249218 0.0435 0.0857
v -0.247314 0.041681 0.1077
v -0.250265 0.0445 0.0917
v -0.264398 0.03654 0.107497
v -0.264313 0.03654 0.107497
v -0.252362 0.025796 0.099151
v -0.252432 0.025796 0.098971
v -0.2524 0.025796 0.099095
v -0.254636 0.040606 0.092104
v -0.254746 0.040428 0.092006
v -0.254746 0.040428 0.092006
v -0.254509 0.040455 0.092104
v -0.254486 0.040402 0.092104
v -0.25442 0.040258 0.092104
v -0.254753 0.027955 0.091973
v -0.254887 0.027955 0.091924
v -0.254484 0.027598 0.092104
v -0.254746 0.027572 0.092006
v -0.254746 0.027572 0.092006
v -0.254502 0.027556 0.092104
v -0.259318 0.040428 0.092006
v -0.259724 0.040442 0.091954
v -0.259423 0.040745 0.092104
v -0.258994 0.027737 0.092104
v -0.259324 0.027955 0.091973
v -0.258979 0.027794 0.092104
v -0.264313 0.04184 0.107497
v -0.253323 0.04184 0.107497
v -0.253323 0.042001 0.107497
v -0.264395 0.042001 0.107497
v -0.264398 0.042001 0.107497
v -0.25226 0.025684 0.098937
v -0.25226 0.025684 0.098937
v -0.252244 0.025724 0.099152
v -0.259474 0.0352258 0.0647
v -0.256242 0.0325488 0.0647
v -0.256008 0.0365125 0.0647
v -0.257603 0.034 0.0797
v -0.260126 0.0372437 0.0797
v -0.253682 0.0338087 0.0797
v -0.260371 0.0305371 0.0797
v -0.257603 0.034 0.0647
v -0.249189 -3.3e-05 0.107661
v -0.249112 -0.000661 0.107223
v -0.249037 -0.0011 0.1067
v -0.249037 -0.0011 0.1067
v -0.249037 -0.0011 0.1067
v -0.249068 -0.002415 0.107216
v -0.249094 -0.001167 0.107244
v -0.249097 -0.000935 0.107202
v -0.249071 -0.002463 0.107233
v -0.258625 -0.007682 0.108713
v -0.250205 0.001982 0.105758
v -0.259236 -0.0011 0.1067
v -0.259209 7.9e-05 0.10634
v -0.259209 7.9e-05 0.10634
v -0.24907 -0.002463 0.107117
v -0.250566 0.004588 0.104961
v -0.258094 -0.004338 0.10769
v -0.258068 -0.004609 0.107773
v -0.257707 -0.007216 0.10857
v -0.258068 0.001982 0.105758
v -0.25894 -0.005628 0.108084
v -0.250205 -0.004609 0.107773
v -0.259174 -0.000898 0.1072
v -0.259161 -0.00065 0.107229
v -0.259236 -0.00058 0.107244
v -0.259233 -0.00033 0.107362
v -0.259111 -0.000182 0.107479
v -0.259079 -1.1e-05 0.107695
v -0.259226 2.8e-05 0.107771
v -0.259225 7.2e-05 0.10791
v -0.249044 -0.001602 0.107522
v -0.249043 -0.001569 0.10748
v -0.249049 -0.001837 0.107926
v -0.249049 -0.001844 0.107976
v -0.249049 8.9e-05 0.107935
v -0.249049 7.8e-05 0.107909
v -0.249043 -0.000191 0.10747
v -0.249043 -0.000191 0.10747
v -0.249046 -1.9e-05 0.107683
v -0.249037 -0.000675 0.10722
v -0.25823 -0.001314 0.106766
v -0.251107 0.00566 0.110353
v -0.250836 0.005125 0.107657
v -0.250906 0.004399 0.110502
v -0.25085 0.00393 0.110579
v -0.250788 -0.003063 0.112644
v -0.250762 -0.002868 0.112554
v -0.257437 0.005125 0.107657
v -0.257167 0.00566 0.110353
v -0.257358 0.004462 0.110493
v -0.257423 -0.003528 0.112859
v -0.257666 0.000121 0.111458
v -0.257639 -0.001117 0.111868
v -0.257617 -0.001639 0.112053
v -0.257485 0.003424 0.110661
v -0.257511 0.003212 0.110695
v -0.257665 0.000753 0.111266
v -0.248337 -0.001437 0.109027
v -0.248969 -0.001741 0.1077
v -0.249037 -0.001091 0.107224
v -0.24904 -0.001346 0.107318
v -0.251959 -0.006899 0.094878
v -0.251959 -0.006899 0.094878
v -0.251873 -0.006776 0.094878
v -0.252111 -0.006793 0.094693
v -0.252111 -0.006793 0.094693
v -0.252438 -0.006381 0.095858
v -0.252232 -0.006526 0.095925
v -0.253137 -0.006075 0.09513
v -0.252941 -0.006029 0.09463
v -0.253027 -0.006152 0.09463
v -0.251908 -0.006935 0.094264
v -0.255908 -0.006935 0.09513
v -0.255822 -0.006812 0.09513
v -0.255963 -0.006897 0.09488
v -0.255877 -0.006774 0.09488
v -0.256113 -0.006792 0.094697
v -0.256027 -0.006669 0.094697
v -0.256586 -0.006277 0.09488
v -0.256586 -0.006277 0.09488
v -0.256641 -0.006239 0.09513
v -0.255822 -0.006812 0.09543
v -0.256641 -0.006239 0.09543
v -0.256586 -0.006277 0.09568
v -0.256522 -0.006505 0.095863
v -0.256027 -0.006669 0.095863
v -0.255963 -0.006897 0.09568
v -0.255877 -0.006774 0.09568
v -0.255877 -0.006774 0.09568
v -0.257137 -0.006075 0.09513
v -0.257051 -0.005952 0.09513
v -0.257051 -0.005952 0.09513
v -0.256941 -0.006029 0.09463
v -0.256941 -0.006029 0.09463
v -0.256941 -0.006029 0.09463
v -0.256641 -0.006239 0.094264
v -0.257137 -0.006075 0.09713
v -0.255498 -0.007222 0.09713
v -0.255412 -0.007099 0.09713
v -0.253051 -0.005952 0.09713
v -0.260387 0.00703142 0.0973048
v -0.260387 0.00166827 0.0965285
v -0.260387 -0.000902 0.096097
v -0.260387 -0.00522175 0.0958665
v -0.260387 -0.007525 0.096152
v -0.260362 -0.007725 0.103655
v -0.260387 -0.00436044 0.0969061
v -0.260387 -0.004029 0.096153
v -0.260387 -0.007725 0.0988
v -0.260387 0.005975 0.0988
v -0.260387 0.005975 0.101492
v -0.260387 0.005975 0.1048
v -0.260387 0.00472625 0.096111
v -0.260387 -0.007978 0.096097
v -0.260387 -0.004029 0.096097
v -0.260387 -0.0084765 0.0961043
v -0.260387 0.00545806 0.095928
v -0.260337 0.00251489 0.103952
v -0.260337 0.000553 0.10479
v -0.260337 0.000553 0.104793
v -0.260337 0.003084 0.098898
v -0.260337 0.0027835 0.099049
v -0.260337 0.0026275 0.099898
v -0.260337 0.003055 0.098971
v -0.260337 -0.000759 0.101244
v -0.260337 -0.0004685 0.100953
v -0.260337 0.000853 0.101234
v -0.260337 0.000974 0.101234
v -0.260337 0.001265 0.10058
v -0.260337 0.001547 0.101234
v -0.260337 0.001676 0.101234
v -0.260337 0.003017 0.100665
v -0.260337 0.00241525 0.100325
v -0.260337 0.0026965 0.101223
v -0.260337 -0.00114231 0.101854
v -0.260337 0.00280961 0.101483
v -0.260337 0.00496311 0.101958
v -0.260337 -0.000923 0.10251
v -0.260387 -0.001127 0.102469
v -0.260337 -0.00109 0.102477
v -0.260337 -0.000281531 0.103074
v -0.260337 -0.001169 0.102477
v -0.260337 0.00092325 0.103425
v -0.260337 0.00577219 0.101992
v -0.260337 0.0016335 0.102621
v -0.260337 0.00102 0.102481
v -0.260387 0.005023 0.101419
v -0.260387 0.00498 0.101421
v -0.260337 0.004996 0.10142
v -0.260337 0.003119 0.102336
v -0.260387 0.003133 0.102338
v -0.260337 0.003055 0.102321
v -0.260337 0.002743 0.102246
v -0.260337 0.003114 0.102334
v -0.260337 0.00103858 0.101507
v -0.260337 0.00182625 0.100494
v -0.260337 0.002034 0.101238
v -0.260337 2e-05 0.101234
v -0.260337 0.000149 0.101234
v -0.260337 0.003092 0.098729
v -0.260337 -0.00166269 0.104446
v -0.260337 0.003055 0.101244
v -0.260337 0.0030845 0.101272
v -0.260337 0.003114 0.100288
v -0.260337 0.001699 0.103527
v -0.260337 0.005614 0.101931
v -0.260337 -0.00261323 0.103253
v -0.260337 -0.00526425 0.103625
v -0.260337 -0.007725 0.102336
v -0.260337 -0.007725 0.101452
v -0.260337 -0.007725 0.101452
v -0.260337 -0.005139 0.101452
v -0.260337 -0.00536677 0.101827
v -0.260337 -0.005139 0.102477
v -0.260337 -0.0053635 0.102899
v -0.260337 -0.007725 0.103394
v -0.260337 -0.0054495 0.102337
v -0.260337 -0.005078 0.102406
v -0.260337 -0.007725 0.102477
v -0.260337 0.001699 0.1013
v -0.260337 0.001699 0.101244
v -0.260337 0.000553 0.1013
v -0.260337 -0.0025605 0.101282
v -0.260337 -0.007725 0.101244
v -0.260337 -0.007024 0.1014
v -0.260337 -0.007725 0.10141
v -0.260337 -0.007725 0.10141
v -0.260337 -0.005139 0.10141
v -0.260337 -0.0049945 0.103313
v -0.260337 0.00294075 0.103381
v -0.260337 0.00502412 0.104189
v -0.260337 0.00437125 0.103477
v -0.260337 -0.00320025 0.100945
v -0.260337 -0.00119805 0.0998083
v -0.260337 -0.00641219 0.10064
v -0.260337 0.000553 0.1053
v -0.260337 -0.0015395 0.103527
v -0.260337 -0.001322 0.10141
v -0.260337 0.000553 0.10141
v -0.260337 0.000393375 0.102247
v -0.260337 0.003055 0.102336
v -0.260337 0.001699 0.10141
v -0.260337 0.003055 0.10141
v -0.260337 0.00267016 0.102767
v -0.260337 0.003114 0.10141
v -0.260337 0.003816 0.10141
v -0.260337 0.000553 0.102477
v -0.260337 -0.001322 0.102477
v -0.260337 0.000553 0.101244
v -0.260337 0.003055 0.100288
v -0.260337 0.00100644 0.0998195
v -0.260337 -0.007725 0.099544
v -0.260337 0.005975 0.0988
v -0.260337 0.005975 0.100288
v -0.260337 -0.00272591 0.102606
v -0.260337 -0.001757 0.10141
v -0.260337 -0.00206 0.10141
v -0.260337 -0.00239 0.10141
v -0.260337 -0.003275 0.10141
v -0.260337 -0.004367 0.10141
v -0.260337 -0.00485 0.10141
v -0.260337 0.005975 0.104163
v -0.260337 0.005975 0.103394
v -0.260337 0.005975 0.102044
v -0.260337 0.005559 0.1014
v -0.260337 0.004996 0.1014
v -0.260337 0.003816 0.1014
v -0.260337 0.003114 0.1014
v -0.260337 0.003055 0.1014
v -0.260337 0.001699 0.1014
v -0.260337 0.000553 0.1014
v -0.260337 -0.001322 0.1014
v -0.260337 -0.001757 0.1014
v -0.260337 -0.00206 0.1014
v -0.260337 -0.00239 0.1014
v -0.260337 -0.003275 0.1014
v -0.260337 -0.004367 0.1014
v -0.260337 -0.0049945 0.1014
v -0.258637 -0.007619 0.09705
v -0.24907 0.000713 0.0967
v -0.24907 0.000713 0.0967
v -0.24907 0.000713 0.0967
v -0.259204 0.000713 0.0967
v -0.261417 0.061997 0.140961
v -0.26084 0.061997 0.142015
v -0.250471 0.061997 0.150427
v -0.250471 -0.061997 0.150427
v -0.250471 -0.061997 0.150427
v -0.262136 -0.061997 0.139648
v -0.263665 -0.058997 0.1092
v -0.255175 -0.08619 0.036139
v -0.251975 -0.092006 0.0254
v -0.251975 -0.092006 0.0254
v -0.251975 -0.092006 0.0254
v -0.267265 0.057691 0.109568
v -0.267265 0.057691 0.109568
v -0.267265 0.057691 0.109568
v -0.266646 0.059541 0.11064
v -0.263846 0.067212 0.0254
v -0.265939 0.061579 0.1142
v -0.263843 0.067211 0.138528
v -0.263843 0.067211 0.138528
v -0.263843 0.067211 0.138528
v -0.265909 0.061664 0.1152
v -0.265909 0.061664 0.136472
v -0.265909 0.061664 0.136472
v -0.27607 -0.012557 0.075174
v -0.27607 -0.012557 0.075174
v -0.276075 -0.012486 0.074277
v -0.275986 -0.013745 0.0254
v -0.275986 -0.013745 0.0254
v -0.276128 -0.011675 0.071071
v -0.276151 -0.011313 0.070256
v -0.276254 -0.009481 0.067494
v -0.276284 -0.008869 0.066843
v -0.276392 -0.006222 0.06484
v -0.276418 -0.005421 0.064422
v -0.276418 -0.005421 0.064422
v -0.276084 0.012348 0.07337
v -0.276075 0.012485 0.074264
v -0.275986 0.013745 0.0254
v -0.276419 0.005395 0.06441
v -0.276419 0.005395 0.06441
v -0.276316 0.008184 0.066213
v -0.276483 -0.002259 0.063404
v -0.276483 -0.002259 0.063404
v -0.276492 -0.001359 0.063273
v -0.276492 -0.001359 0.063273
v -0.276492 0.001337 0.063271
v -0.275986 0.013745 0.1092
v -0.267938 0.055599 0.1092
v -0.276219 -0.010137 0.083089
v -0.276219 -0.010137 0.083089
v -0.276191 -0.010643 0.082348
v -0.275986 -0.013745 0.1092
v -0.275986 -0.013745 0.1092
v -0.275986 -0.013745 0.1092
v -0.276091 -0.012256 0.078466
v -0.276079 0.012427 0.077568
v -0.276163 0.011106 0.081551
v -0.27619 0.010659 0.082322
v -0.2763 0.008539 0.084872
v -0.27633 0.007859 0.085455
v -0.276429 0.005011 0.087163
v -0.27645 0.004166 0.087493
v -0.276497 0 0.1092
v -0.276495 0.000913 0.088167
v -0.276451 -0.004147 0.0875
v -0.27636 -0.007113 0.086005
v -0.276497 6e-06 0.0882
v -0.276497 0 0.0882
v -0.276468 -0.003288 0.087765
v -0.263843 -0.067211 0.138528
v -0.263843 -0.067211 0.138528
v -0.263843 -0.067211 0.138528
v -0.265909 -0.061664 0.136472
v -0.265909 -0.061664 0.136472
v -0.265909 -0.061664 0.1152
v -0.265909 -0.061664 0.1152
v -0.265909 -0.061664 0.1152
v -0.263846 -0.067212 0.0254
v -0.263846 -0.067212 0.0254
v -0.263846 -0.067212 0.0254
v -0.263846 -0.067212 0.0254
v -0.26602 -0.061351 0.113296
v -0.26602 -0.061351 0.113296
v -0.26602 -0.061351 0.113296
v -0.266332 -0.060458 0.111608
v -0.267415 -0.057231 0.109421
v -0.267938 -0.055599 0.1092
v -0.255248 -0.086051 0.033584
v -0.255457 -0.085653 0.032628
v -0.253816 -0.08872 0.145438
v -0.253816 -0.08872 0.145438
v -0.253816 -0.08872 0.145438
v -0.256775 -0.083082 0.040049
v -0.256775 -0.083082 0.040049
v -0.251968 -0.092003 0.146289
v -0.251968 -0.092003 0.146289
v -0.251968 -0.092003 0.146289
v -0.251968 -0.092003 0.146289
v -0.255958 -0.084688 0.039274
v -0.257661 -0.081299 0.040049
v -0.263767 -0.067413 0.138603
v -0.259086 -0.078321 0.142344
v -0.259086 -0.078321 0.142344
v -0.251613 -0.092633 0.146453
v -0.251613 -0.092633 0.146453
v -0.246072 -0.101604 0.148391
v -0.240257 -0.109934 0.149586
v -0.240257 -0.109934 0.149586
v -0.217809 -0.13485 0.149997
v -0.217809 -0.13485 0.149997
v -0.217809 -0.13485 0.149997
v -0.222732 -0.130336 0.149997
v -0.217937 -0.134988 0.0254
v -0.23421 -0.117671 0.149997
v -0.23651 -0.114729 0.149841
v -0.23651 -0.114729 0.149841
v -0.222732 0.130336 0.149997
v -0.217937 0.134988 0.0254
v -0.217937 0.134988 0.0254
v -0.23421 0.117671 0.149997
v -0.236558 0.114766 0.0254
v -0.246072 0.101604 0.148391
v -0.23651 0.114729 0.149841
v -0.251968 0.092003 0.146289
v -0.251613 0.092633 0.146453
v -0.251613 0.092633 0.146453
v -0.256778 0.083077 0.04005
v -0.256778 0.083077 0.04005
v -0.256778 0.083077 0.04005
v -0.257661 0.081297 0.04005
v -0.263767 0.067413 0.138603
v -0.263767 0.067413 0.138603
v -0.263767 0.067413 0.138603
v -0.259086 0.078321 0.142344
v -0.259086 0.078321 0.142344
v -0.196522 0.152226 0.149997
v -0.196522 0.152226 0.0254
v -0.210134 0.141887 0.149997
v -0.210134 0.141887 0.149997
v -0.217809 0.13485 0.149997
v -0.196522 -0.152226 0.149997
v -0.210134 -0.141887 0.149997
v -0.196522 -0.152226 0.066932
v -0.1378 -0.1675 0.149997
v -0.1378 -0.1675 0.149997
v -0.1378 -0.1675 0.149997
v -0.1378 -0.1675 0.108465
v -0.1378 -0.1675 0.108465
v -0.1378 -0.1675 0.108465
v -0.1378 -0.1675 0.108465
v 0.035 -0.1675 0.091659
v 0.033497 -0.1675 0.148658
v 0.035 0.1675 0.091659
v -0.0538 0.168998 0.0254
v -0.0538 0.1675 0.0284
v -0.194822 0.149758 0.0254
v -0.152901 0.166359 0.149997
v -0.15276 0.165431 0.153499
v -0.138563 0.167404 0.151134
v -0.090739 0.162263 0.156774
v -0.0203 0.163999 0.156062
v -0.0203 0.16078 0.156994
v -0.0203 0.16078 0.156994
v 0.0077 0.16078 0.156994
v 0 0.160497 0.157
v -0.090111 0.160497 0.157
v 0.028497 0.160497 0.157
v 0.0130521 0.104913 0.157
v 0.035 0.170497 0.147594
v -0.090937 0.169158 0.154997
v -0.090937 0.165497 0.158657
v -0.090937 0.164032 0.159352
v -0.090937 0.164032 0.159352
v -0.030503 0.160497 0.159997
v -0.030503 0.160497 0.159997
v -0.090733 0.162241 0.159844
v 0.028497 0.169015 0.154902
v 0.028497 0.167568 0.157068
v -0.0801213 -0.0103767 0.157
v -0.20128 0.136216 0.157
v -0.192709 0.142604 0.157
v -0.226497 0.111305 0.157
v -0.219236 0.060145 0.157
v -0.20451 0.022261 0.157
v -0.20451 0.054 0.157
v -0.20451 -0.022589 0.157
v -0.20451 -0.054 0.157
v -0.226497 -0.111305 0.157
v -0.0985 -0.160497 0.157
v -0.0950105 -0.0833037 0.157
v 0.028497 0.0575 0.157
v -0.149009 0.0950577 0.157
v 0 -0.160497 0.157
v 0.028497 -0.160497 0.157
v -0.219007 0.058997 0.156997
v -0.20451 -0.054 0.156997
v -0.20451 0.054 0.156997
v -0.262644 0.061894 0.111421
v -0.262752 0.061595 0.1107
v -0.261054 0.066122 0.0254
v -0.261054 0.066122 0.0254
v -0.261054 0.066122 0.13853
v -0.250826 0.087937 0.0434
v -0.250826 0.087937 0.0434
v -0.250826 0.087937 0.0434
v -0.249375 0.090515 0.0254
v -0.256657 0.076437 0.0434
v -0.261045 0.066144 0.138538
v -0.261045 0.066144 0.138538
v -0.261045 0.066144 0.138538
v -0.256411 0.076965 0.142316
v -0.256411 0.076965 0.142316
v -0.243737 0.099699 0.148343
v -0.249247 0.090738 0.146353
v -0.249373 0.090513 0.146294
v -0.251187 0.087282 0.145438
v -0.215889 0.1328 0.149997
v -0.215889 0.1328 0.0254
v -0.231898 0.115763 0.149997
v -0.234159 0.112867 0.149839
v -0.249247 -0.090738 0.146353
v -0.243737 -0.099699 0.148343
v -0.237939 -0.108028 0.149573
v -0.237939 -0.108028 0.149573
v -0.234159 -0.112867 0.149839
v -0.256411 -0.076965 0.142316
v -0.261054 -0.066122 0.0254
v -0.261054 -0.066122 0.13853
v -0.261045 -0.066144 0.138538
v -0.273136 0.0115 0.0757
v -0.273136 0.0115 0.0757
v -0.273161 0.011108 0.072723
v -0.272997 0.013522 0.0254
v -0.272997 0.013522 0.0254
v -0.273409 0.00575 0.065741
v -0.273476 0.002977 0.064592
v -0.273161 -0.011109 0.078674
v -0.272997 -0.013522 0.1092
v -0.272997 -0.013522 0.1092
v -0.272997 -0.013522 0.1092
v -0.268986 -0.040267 0.1092
v -0.273227 -0.009959 0.08145
v -0.273227 -0.009959 0.08145
v -0.273318 -0.00813 0.083833
v -0.273475 -0.002988 0.086805
v -0.2735 0 0.0872
v -0.2735 0 0.0872
v -0.272997 0.013522 0.1092
v -0.272997 0.013522 0.1092
v -0.273476 0.002974 0.086809
v -0.273161 0.011107 0.07868
v -0.263665 0.058997 0.1092
v -0.263143 0.060497 0.109602
v -0.194822 -0.149758 0.108465
v -0.194822 -0.149758 0.108465
v -0.194822 -0.149758 0.108465
v -0.194822 -0.149758 0.108465
v -0.194822 -0.149758 0.066932
v -0.205671 0.141671 0.149997
v -0.261446 0.063766 0.145755
v -0.257858 0.060997 0.148939
v -0.257858 0.060997 0.148939
v -0.246347 0.060997 0.155888
v -0.246347 0.060997 0.155888
v -0.246347 0.060997 0.155888
v -0.24968 0.083921 0.154298
v -0.24968 0.083921 0.154298
v -0.252389 0.060997 0.152771
v -0.252389 0.060997 0.152771
v -0.252389 0.060997 0.152771
v -0.25232 0.079752 0.152659
v -0.25232 0.079752 0.152659
v -0.25591 0.074084 0.150431
v -0.239938 0.060997 0.158157
v -0.240523 0.096107 0.15799
v -0.240523 0.096107 0.15799
v -0.240523 0.096107 0.15799
v -0.247075 0.087623 0.155566
v -0.226497 0.111305 0.159997
v -0.233648 0.103987 0.159483
v -0.239929 0.096787 0.158119
v -0.233322 0.103868 0.156502
v -0.233322 0.103868 0.156502
v -0.259428 0.063597 0.143535
v -0.254193 0.074001 0.147974
v -0.250409 0.08036 0.150326
v -0.24829 0.083921 0.151643
v -0.231174 0.115166 0.153499
v -0.231174 0.115166 0.153499
v -0.243435 0.098924 0.151309
v -0.243435 0.098924 0.151309
v -0.237458 0.107321 0.152823
v -0.235792 0.105819 0.155325
v -0.235792 0.105819 0.155325
v -0.261021 0.06542 0.140403
v -0.261021 0.06542 0.140403
v -0.255577 0.075157 0.14648
v -0.255577 0.075157 0.14648
v -0.260467 0.064547 0.142115
v -0.260467 0.064547 0.142115
v -0.260467 0.064547 0.142115
v -0.256345 0.076183 0.144521
v -0.251046 0.086477 0.147982
v -0.251046 0.086477 0.147982
v -0.249071 0.089933 0.149013
v -0.249071 0.089933 0.149013
v -0.249071 0.089933 0.149013
v -0.249071 0.089933 0.149013
v -0.242058 0.097556 0.153701
v -0.242058 0.097556 0.153701
v -0.247963 0.088704 0.151253
v -0.247963 0.088704 0.151253
v -0.247963 0.088704 0.151253
v -0.250031 0.085299 0.150156
v -0.250031 0.085299 0.150156
v -0.229198 0.113534 0.156062
v -0.229198 0.113534 0.156062
v -0.0203 -0.16078 0.156994
v 0.0077 -0.16078 0.156994
v 0.028497 -0.163131 0.156294
v 0.028497 -0.163999 0.156062
v -0.247075 -0.087623 0.155566
v -0.226497 -0.111305 0.159997
v -0.233648 -0.103987 0.159483
v -0.240523 -0.096107 0.15799
v -0.262767 -0.060997 0.144413
v -0.261446 -0.063766 0.145755
v -0.261446 -0.063766 0.145755
v -0.257858 -0.060997 0.148939
v -0.257858 -0.060997 0.148939
v -0.25591 -0.074084 0.150431
v -0.25232 -0.079752 0.152659
v -0.24968 -0.083921 0.154298
v 0.040133 -0.169413 0.146192
v 0.035 -0.170497 0.091659
v 0.035501 -0.170397 0.091167
v 0.038744 0.169968 0.146642
v 0.038744 0.169968 0.146642
v 0.03974 0.169637 0.14634
v 0.040133 0.169413 0.146192
v 0.040165 0.16947 0.086594
v 0.043465 0.167513 0.144934
v -0.133063 0.170497 0.149997
v -0.1378 -0.170497 0.149997
v -0.1378 -0.170497 0.108465
v -0.1378 -0.170497 0.108465
v -0.040757 -0.0118067 0.159997
v -0.168544 -0.0909645 0.159997
v -0.187 -0.0355 0.159997
v -0.18425 -0.034763 0.159997
v -0.219007 -0.054997 0.159997
v -0.219007 0.054997 0.159997
v 0.01 0.0905 0.159997
v -0.01 -0.0905 0.159997
v -0.00225625 -0.0109113 0.159997
v -0.181195 -0.149817 0.159997
v -0.170911 -0.154438 0.159997
v -0.21564 -0.123286 0.159997
v -0.219678 -0.0575 0.159997
v -0.219678 -0.0575 0.159997
v -0.219678 0.0575 0.159997
v -0.219678 0.0575 0.159997
v -0.21564 0.123286 0.159997
v -0.174771 0.0847367 0.159997
v -0.168859 -0.165726 0.108465
v -0.172567 -0.164483 0.110771
v -0.171869 -0.164729 0.114862
v -0.171869 -0.164729 0.114862
v -0.171817 -0.164747 0.114471
v -0.168567 -0.165818 0.118172
v -0.168567 -0.165818 0.118172
v -0.172018 -0.164677 0.115222
v -0.172018 -0.164677 0.113721
v -0.172567 -0.164483 0.115771
v -0.169265 -0.165598 0.119082
v -0.169317 -0.165582 0.119471
v -0.172567 -0.164483 0.12077
v -0.169265 -0.165598 0.124082
v -0.169317 -0.165582 0.124471
v -0.172567 -0.164483 0.130771
v -0.171869 -0.164729 0.134861
v -0.171869 -0.164729 0.134861
v -0.171817 -0.164747 0.134472
v -0.168567 -0.165818 0.138172
v -0.168567 -0.165818 0.138172
v -0.168567 -0.165818 0.138172
v -0.172018 -0.164677 0.135221
v -0.172258 -0.164592 0.135534
v -0.169116 -0.165646 0.138721
v -0.172567 -0.164483 0.13577
v -0.172018 -0.164677 0.133722
v -0.158474 -0.168411 0.140971
v -0.168567 -0.165818 0.143172
v -0.168567 -0.165818 0.143172
v -0.172018 -0.164677 0.140222
v -0.172018 -0.164677 0.140222
v -0.172258 -0.164593 0.140534
v -0.171869 -0.164729 0.139862
v -0.169116 -0.165646 0.145222
v -0.169116 -0.165646 0.145222
v -0.171869 -0.164729 0.144861
v -0.172018 -0.164677 0.145222
v -0.172567 -0.164483 0.145771
v -0.172258 -0.164592 0.145534
v -0.172259 -0.164592 0.143409
v -0.162535 -0.167498 0.149997
v -0.162535 -0.167498 0.149997
v -0.158474 -0.168411 0.145972
v -0.158444 -0.168247 0.149997
v -0.172258 -0.164593 0.113409
v -0.172258 -0.164593 0.123409
v -0.18149 -0.160824 0.133536
v -0.181779 -0.160688 0.129805
v -0.172258 -0.164593 0.138409
v -0.172567 -0.164483 0.143172
v -0.157067 -0.168688 0.113172
v -0.157067 -0.168688 0.113172
v -0.156757 -0.168746 0.110533
v -0.15349 -0.169301 0.113536
v -0.15349 -0.169301 0.110407
v -0.143868 -0.170319 0.109859
v -0.143817 -0.170322 0.109471
v -0.153779 -0.169256 0.114805
v -0.156757 -0.168746 0.11341
v -0.157067 -0.168688 0.118172
v -0.156757 -0.168746 0.115533
v -0.15349 -0.169301 0.115407
v -0.15349 -0.169301 0.118536
v -0.153779 -0.169256 0.119138
v -0.156368 -0.168818 0.119083
v -0.156518 -0.168791 0.118721
v -0.156757 -0.168746 0.11841
v -0.157067 -0.168688 0.123172
v -0.15349 -0.169301 0.123536
v -0.143817 -0.170322 0.124471
v -0.143868 -0.170319 0.119859
v -0.156757 -0.168746 0.12341
v -0.157067 -0.168688 0.128172
v -0.156757 -0.168746 0.125533
v -0.15349 -0.169301 0.125407
v -0.157067 -0.168688 0.133172
v -0.156757 -0.168746 0.130533
v -0.15349 -0.169301 0.130407
v -0.152968 -0.16938 0.14312
v -0.15349 -0.169301 0.143536
v -0.153779 -0.169256 0.144805
v -0.156757 -0.168746 0.145533
v -0.15349 -0.169301 0.145407
v -0.145317 -0.170224 0.145972
v -0.144567 -0.170276 0.145771
v -0.153779 -0.169256 0.139805
v -0.153779 -0.169256 0.139805
v -0.156757 -0.168746 0.140533
v -0.156368 -0.168818 0.139861
v -0.156317 -0.168827 0.139472
v -0.153779 -0.169256 0.139138
v -0.156518 -0.168791 0.138721
v -0.156757 -0.168746 0.13841
v -0.157067 -0.168688 0.14077
v -0.144567 -0.170276 0.14077
v -0.143868 -0.170319 0.144083
v -0.144018 -0.17031 0.143722
v -0.178315 -0.162238 0.066932
v -0.158474 -0.168411 0.066932
v -0.168567 -0.165818 0.108172
v -0.152968 -0.16938 0.10812
v -0.1534 -0.169315 0.108465
v 0.036795 0.018944 0.158128
v 0.0397 0.01302 0.156565
v 0.042607 0.160419 0.154107
v 0.041423 0.006599 0.155259
v 0.042607 -0.160419 0.154107
v 0.041503 -0.160497 0.155191
v 0.046924 -0.159166 0.147634
v 0.032685 0.024923 0.159554
v 0.033173 0.160497 0.159443
v 0.036108 0.160497 0.158358
v 0.03759 0.160497 0.157811
v 0.041503 0.160497 0.155191
v -0.264523 0.061249 0.141925
v -0.265822 0.061559 0.138078
v -0.265499 0.061471 0.139209
v -0.265499 0.061471 0.139209
v -0.263733 0.066377 0.141273
v -0.263733 0.066377 0.141273
v -0.263733 0.066377 0.141273
v -0.263733 0.066377 0.141273
v -0.264933 0.061317 0.141191
v -0.264933 0.061317 0.141191
v -0.265899 0.061617 0.137215
v -0.257891 0.075737 0.148297
v -0.25899 0.077204 0.145497
v -0.25899 0.077204 0.145497
v -0.25899 0.077204 0.145497
v -0.253615 0.08757 0.149071
v -0.251355 0.091486 0.150271
v -0.251355 0.091486 0.150271
v -0.251355 0.091486 0.150271
v -0.243656 0.09854 0.156061
v -0.243656 0.09854 0.156061
v -0.243656 0.09854 0.156061
v -0.245634 0.100499 0.152639
v -0.245634 0.100499 0.152639
v -0.245634 0.100499 0.152639
v -0.245634 0.100499 0.152639
v -0.245634 0.100499 0.152639
v -0.23718 0.106779 0.157807
v -0.23718 0.106779 0.157807
v -0.23718 0.106779 0.157807
v -0.23718 0.106779 0.157807
v -0.239567 0.108926 0.154233
v -0.239567 0.108926 0.154233
v -0.239567 0.108926 0.154233
v -0.239567 0.108926 0.154233
v -0.229398 0.113699 0.15899
v -0.229398 0.113699 0.15899
v -0.231765 0.115653 0.156827
v -0.233176 0.116818 0.154997
v -0.233176 0.116818 0.154997
v -0.233176 0.116818 0.154997
v -0.233433 0.117029 0.153758
v -0.220655 0.128271 0.157068
v -0.222192 0.1298 0.153824
v -0.222192 0.1298 0.153824
v -0.222192 0.1298 0.153824
v -0.208256 0.139639 0.157068
v -0.19486 0.149814 0.157068
v -0.209646 0.141303 0.153824
v -0.209646 0.141303 0.153824
v -0.19609 0.151599 0.153824
v -0.19609 0.151599 0.153824
v -0.149906 0.166837 0.157068
v -0.162353 0.166759 0.153824
v -0.1378 0.169736 0.153824
v -0.150166 0.168989 0.153824
v -0.133063 0.169158 0.154997
v 0.041008 0.164324 0.154613
v 0.039598 0.167568 0.152966
v 0.041799 0.16831 0.148438
v 0.040939 0.168736 0.148911
v 0.043278 0.166146 0.150317
v 0.042564 0.166543 0.150919
v 0.044024 0.163371 0.151783
v 0.043432 0.16364 0.152435
v 0.041008 -0.164324 0.154613
v 0.04482 -0.166027 0.146383
v 0.04607 -0.164541 0.145232
v 0.047897 -0.160894 0.142634
v 0.046903 -0.161159 0.147323
v 0.048105 -0.159129 0.143689
v 0.046675 -0.162925 0.146324
v 0.045707 -0.164154 0.147743
v 0.041799 -0.16831 0.148438
v 0.043278 -0.166146 0.150317
v 0.043278 -0.166146 0.150317
v 0.043278 -0.166146 0.150317
v 0.044024 -0.163371 0.151783
v 0.042564 -0.166543 0.150919
v 0.043432 -0.16364 0.152435
v -0.007264 -0.170495 0.150116
v -0.1378 -0.169811 0.153445
v -0.0064 -0.170492 0.150299
v -0.150166 -0.168989 0.153824
v -0.172266 -0.158017 0.159236
v -0.161835 -0.164654 0.157068
v -0.162353 -0.166759 0.153824
v -0.174183 -0.163078 0.153824
v -0.182971 -0.153206 0.159236
v -0.149906 -0.166837 0.157068
v -0.209646 -0.141303 0.153824
v -0.218354 -0.125984 0.159236
v -0.229398 -0.113699 0.15899
v -0.220655 -0.128271 0.157068
v -0.222192 -0.1298 0.153824
v -0.222192 -0.1298 0.153824
v -0.222192 -0.1298 0.153824
v -0.233176 -0.116818 0.154997
v -0.233176 -0.116818 0.154997
v -0.233176 -0.116818 0.154997
v -0.233433 -0.117029 0.153758
v -0.233433 -0.117029 0.153758
v -0.233433 -0.117029 0.153758
v -0.233433 -0.117029 0.153758
v -0.243656 -0.09854 0.156061
v -0.249758 -0.089722 0.153479
v -0.263733 -0.066377 0.141273
v -0.265899 -0.061617 0.137215
v -0.265899 -0.061617 0.137215
v -0.262937 -0.065127 0.143724
v -0.264523 -0.061249 0.141925
v -0.264708 -0.061276 0.141663
v -0.251355 -0.091486 0.150271
v -0.251355 -0.091486 0.150271
v -0.251355 -0.091486 0.150271
v -0.252166 -0.085889 0.152175
v -0.253615 -0.08757 0.149071
v -0.25899 -0.077204 0.145497
v -0.25899 -0.077204 0.145497
v -0.245634 -0.100499 0.152639
v -0.245634 -0.100499 0.152639
v -0.245634 -0.100499 0.152639
v -0.239567 -0.108926 0.154233
v -0.239567 -0.108926 0.154233
v -0.23718 -0.106779 0.157807
v -0.259428 -0.063597 0.143535
v -0.254193 -0.074001 0.147974
v -0.254193 -0.074001 0.147974
v -0.254193 -0.074001 0.147974
v -0.238913 -0.097033 0.155268
v -0.24829 -0.083921 0.151643
v -0.250409 -0.08036 0.150326
v -0.250409 -0.08036 0.150326
v 0.038221 -0.166994 0.146525
v 0.038688 -0.166831 0.14634
v 0.03551 -0.167399 0.091175
v 0.04494 0.160383 0.14192
v 0.03551 0.167399 0.091175
v 0.03899 0.166652 0.14619
v 0.038221 0.166994 0.146525
v 0.038221 0.166994 0.146525
v 0.038688 0.166831 0.14634
v 0.042867 0.163954 0.144092
v 0.042407 0.164407 0.144401
v 0.04543 0.158211 0.14068
v -0.186226 -0.155063 0.149997
v -0.177141 -0.15948 0.149997
v -0.177141 -0.15948 0.149997
v -0.177141 -0.15948 0.149997
v -0.180968 -0.157757 0.110823
v -0.181779 -0.157366 0.109138
v -0.169317 -0.16243 0.144471
v -0.169116 -0.162496 0.145222
v -0.169265 -0.162447 0.144082
v -0.172259 -0.161408 0.143408
v -0.172018 -0.161495 0.138721
v -0.172259 -0.161408 0.138409
v -0.172259 -0.161408 0.138409
v -0.169116 -0.162496 0.135221
v -0.172567 -0.161295 0.138172
v -0.172567 -0.161295 0.138172
v -0.169317 -0.16243 0.134472
v -0.171869 -0.161549 0.134082
v -0.171817 -0.161568 0.134472
v -0.168567 -0.162675 0.130771
v -0.172567 -0.161295 0.133172
v -0.172567 -0.161295 0.133172
v -0.168567 -0.162675 0.12577
v -0.172018 -0.161495 0.128722
v -0.172018 -0.161495 0.130221
v -0.172258 -0.161408 0.130534
v -0.172259 -0.161408 0.128409
v -0.172567 -0.161295 0.128172
v -0.172567 -0.161295 0.128172
v -0.169317 -0.16243 0.124471
v -0.171869 -0.161549 0.124082
v -0.171817 -0.161568 0.124471
v -0.168567 -0.162675 0.12077
v -0.168567 -0.162675 0.12077
v -0.172018 -0.161495 0.123721
v -0.172259 -0.161408 0.123409
v -0.169116 -0.162496 0.120221
v -0.172567 -0.161295 0.123172
v -0.172567 -0.161295 0.123172
v -0.169266 -0.162447 0.119861
v -0.168567 -0.162675 0.115771
v -0.172018 -0.161495 0.120221
v -0.172567 -0.161295 0.118172
v -0.172567 -0.161295 0.118172
v -0.169317 -0.16243 0.114471
v -0.172259 -0.161408 0.113408
v -0.172259 -0.161408 0.113408
v -0.172018 -0.161495 0.113721
v -0.168567 -0.162675 0.110771
v -0.168567 -0.162675 0.110771
v -0.168567 -0.162675 0.110771
v -0.168567 -0.162675 0.110771
v -0.171869 -0.161549 0.114082
v -0.171817 -0.161568 0.114471
v -0.171817 -0.161568 0.114471
v -0.171869 -0.161549 0.114862
v -0.172018 -0.161495 0.115222
v -0.18149 -0.157507 0.115407
v -0.181779 -0.157366 0.114805
v -0.181779 -0.157366 0.114138
v -0.18149 -0.157507 0.113536
v -0.18149 -0.157507 0.113536
v -0.172567 -0.161295 0.113172
v -0.169266 -0.162447 0.109861
v -0.153779 -0.166221 0.144138
v -0.153779 -0.166221 0.144138
v -0.156757 -0.165696 0.14341
v -0.156518 -0.165742 0.143722
v -0.156368 -0.16577 0.144083
v -0.153779 -0.166221 0.144805
v -0.156518 -0.165742 0.120221
v -0.153779 -0.166221 0.119805
v -0.153779 -0.166221 0.119138
v -0.156368 -0.16577 0.11986
v -0.156518 -0.165742 0.125221
v -0.153779 -0.166221 0.124805
v -0.156757 -0.165696 0.12341
v -0.156368 -0.16577 0.12486
v -0.153779 -0.166221 0.134138
v -0.156757 -0.165696 0.13341
v -0.15349 -0.166268 0.113536
v -0.157067 -0.165636 0.113172
v -0.152968 -0.166349 0.115823
v -0.15349 -0.166268 0.120407
v -0.157067 -0.165636 0.123172
v -0.152968 -0.166349 0.130823
v -0.15349 -0.166268 0.118536
v -0.152317 -0.166446 0.120972
v -0.152968 -0.166349 0.12312
v -0.145317 -0.167219 0.120972
v -0.144054 -0.167305 0.108741
v -0.143817 -0.16732 0.114471
v -0.143868 -0.167317 0.114859
v -0.144018 -0.167307 0.115222
v -0.144018 -0.167307 0.120221
v -0.144567 -0.167272 0.123172
v -0.144567 -0.167272 0.123172
v -0.144257 -0.167292 0.120532
v -0.144257 -0.167292 0.123411
v -0.143817 -0.16732 0.124471
v -0.143868 -0.167317 0.124084
v -0.144018 -0.167307 0.110221
v -0.144257 -0.167292 0.110532
v -0.152968 -0.166349 0.110823
v -0.144018 -0.167307 0.130221
v -0.144257 -0.167292 0.130532
v -0.144567 -0.167272 0.133172
v -0.143817 -0.16732 0.134472
v -0.144257 -0.167292 0.138411
v -0.143868 -0.167317 0.134859
v -0.143817 -0.16732 0.139472
v -0.143868 -0.167317 0.139084
v -0.145317 -0.167219 0.142972
v -0.152968 -0.166349 0.140823
v -0.144018 -0.167307 0.145222
v -0.144257 -0.167292 0.145532
v -0.144257 -0.167292 0.145532
v -0.144567 -0.167272 0.145771
v -0.157067 -0.165636 0.143172
v -0.152317 -0.166446 0.142972
v -0.169265 -0.162447 0.134081
v -0.169265 -0.162447 0.129081
v -0.169116 -0.162496 0.128722
v -0.169265 -0.162447 0.124081
v -0.169116 -0.162496 0.123721
v -0.169265 -0.162447 0.114082
v -0.156757 -0.165696 0.145533
v -0.156518 -0.165742 0.145222
v -0.168567 -0.162675 0.145771
v -0.173317 -0.161015 0.107971
v -0.177141 -0.15948 0.066932
v -0.177141 -0.15948 0.066932
v -0.177141 -0.15948 0.066932
v -0.172567 -0.161295 0.108172
v -0.18149 -0.157507 0.108536
v -0.180968 -0.157757 0.10812
v -0.168567 -0.162675 0.108172
v -0.167817 -0.162913 0.107971
v -0.144205 -0.167296 0.108465
v 0.036999 -0.160497 0.154722
v 0.039554 0.160497 0.152914
v 0.041378 0.160329 0.151096
v 0.036909 0.019 0.154773
v 0.033198 0.02432 0.156337
v 0.032898 -0.160497 0.156421
v -0.203475 0.138943 0.156062
v -0.205082 0.14094 0.153499
v -0.215248 0.132115 0.153499
v 0.036743 0.166967 0.14963
v 0.038879 0.163932 0.152126
v 0.039723 0.166103 0.148066
v 0.039723 0.166103 0.148066
v 0.039723 0.166103 0.148066
v 0.04082 0.164574 0.149436
v 0.045093 0.159837 0.142264
v 0.043538 0.162975 0.14489
v 0.044121 0.160607 0.146354
v 0.043555 0.161194 0.147477
v 0.041393 0.162575 0.150485
v 0.041393 0.162575 0.150485
v 0.041165 0.164386 0.149125
v 0.043321 0.162648 0.146669
v 0.040129 0.165901 0.147809
v 0.038879 -0.163932 0.152126
v 0.041393 -0.162575 0.150485
v 0.04082 -0.164574 0.149436
v 0.043555 -0.161194 0.147477
v 0.040129 -0.165901 0.147809
v 0.039723 -0.166103 0.148066
v 0.043321 -0.162648 0.146669
v 0.043961 -0.161844 0.145655
v 0.031992 -0.166562 0.153039
v 0.032655 -0.163999 0.155514
v 0.036529 -0.163999 0.15391
v 0.035248 -0.166562 0.15169
v -0.176774 -0.158616 0.153499
v -0.185774 -0.154241 0.153499
v -0.229198 -0.113534 0.156062
v -0.229198 -0.113534 0.156062
v -0.229198 -0.113534 0.156062
v -0.221616 -0.122141 0.156062
v -0.231174 -0.115166 0.153499
v -0.223484 -0.123897 0.153499
v -0.260467 -0.064547 0.142115
v -0.260467 -0.064547 0.142115
v -0.260467 -0.064547 0.142115
v -0.260467 -0.064547 0.142115
v -0.250031 -0.085299 0.150156
v -0.255577 -0.075157 0.14648
v -0.261021 -0.06542 0.140403
v -0.261021 -0.06542 0.140403
v -0.261021 -0.06542 0.140403
v -0.256345 -0.076183 0.144521
v -0.256345 -0.076183 0.144521
v -0.251046 -0.086477 0.147982
v -0.251046 -0.086477 0.147982
v -0.235792 -0.105819 0.155325
v -0.235792 -0.105819 0.155325
v -0.235792 -0.105819 0.155325
v -0.242058 -0.097556 0.153701
v -0.247963 -0.088704 0.151253
v -0.237458 -0.107321 0.152823
v -0.237458 -0.107321 0.152823
v -0.237458 -0.107321 0.152823
v -0.243435 -0.098924 0.151309
v -0.243435 -0.098924 0.151309
v -0.249071 -0.089933 0.149013
v -0.249071 -0.089933 0.149013
v -0.249071 -0.089933 0.149013
v -0.0538 0.167497 0.036294
v -0.0538 0.167497 0.149997
v -0.0538 0.166559 0.153497
v -0.0538 0.163484 0.122959
v -0.18475 0.026103 0.158997
v -0.183103 0.02775 0.158997
v -0.1915 0.03 0.158997
v -0.190897 0.02775 0.158997
v 0.00775 -0.081103 0.158997
v -0.18475 -0.033897 0.158997
v -0.1825 -0.03 0.158997
v -0.183103 -0.02775 0.158997
v 0.01225 0.081103 0.158997
v 0.013897 0.08275 0.158997
v -0.00775 0.081103 0.158997
v -0.01225 -0.081103 0.158997
v -0.013897 -0.08275 0.158997
v 0.007683 -0.080987 0.159497
v 0.005987 -0.082683 0.159497
v -0.014013 -0.082683 0.159497
v -0.0125 -0.08933 0.159863
v -0.01 -0.09 0.159863
v -0.191013 0.027683 0.159497
v -0.184683 0.025987 0.159497
v -0.182987 0.027683 0.159497
v -0.182366 0.03 0.159497
v -0.182987 0.032317 0.159497
v -0.1845 0.02567 0.159863
v -0.18267 0.0275 0.159863
v -0.18267 0.0325 0.159863
v -0.184683 -0.034013 0.159497
v -0.182987 -0.032317 0.159497
v -0.182987 -0.032317 0.159497
v -0.182987 -0.027683 0.159497
v -0.187 -0.035 0.159863
v -0.18267 -0.0325 0.159863
v -0.182 -0.03 0.159863
v 0.014013 0.082683 0.159497
v 0.0125 0.08933 0.159863
v 0.01 0.09 0.159863
v -0.007683 0.080987 0.159497
v -0.005987 0.082683 0.159497
v -0.0397925 -0.0042075 0.158997
v -0.036835 0.00125 0.158997
v -0.044145 0.00116625 0.158997
v -0.0415 0 0.158997
v -0.275549 0.010419 0.070644
v -0.275484 0.01138 0.073546
v -0.275706 0.00755 0.066921
v -0.275826 0.004215 0.064917
v -0.275804 0.004979 0.065248
v -0.275779 -0.005742 0.065646
v -0.275875 -0.001255 0.064192
v -0.275647 -0.008744 0.068108
v -0.275676 -0.008181 0.067505
v -0.275676 -0.008181 0.067505
v -0.27549 -0.011297 0.078257
v -0.276376 0.004037 0.08713
v -0.276356 0.004855 0.08681
v -0.276262 0.007612 0.085151
v -0.276128 0.010321 0.082113
v -0.276128 0.010321 0.082113
v -0.276103 0.010753 0.081366
v -0.276103 0.010753 0.081366
v -0.276034 0.011868 0.078362
v -0.276034 0.011868 0.078362
v -0.276023 0.012029 0.077509
v -0.276023 0.012029 0.077509
v -0.276019 0.012085 0.07431
v -0.276019 0.012085 0.07431
v -0.276028 0.011952 0.073444
v -0.276219 0.008566 0.067097
v -0.276219 0.008566 0.067097
v -0.276248 0.007927 0.066509
v -0.276248 0.007927 0.066509
v -0.276346 0.005228 0.064759
v -0.276417 0.001296 0.063652
v -0.276417 0.001296 0.063652
v -0.276408 -0.002189 0.06378
v -0.276408 -0.002189 0.06378
v -0.276345 -0.005252 0.06477
v -0.276345 -0.005252 0.06477
v -0.276345 -0.005252 0.06477
v -0.276321 -0.006029 0.065175
v -0.276218 -0.00859 0.06712
v -0.27607 -0.011302 0.071218
v -0.27607 -0.011302 0.071218
v -0.27607 -0.011302 0.071218
v -0.276019 -0.012086 0.074323
v -0.276019 -0.012086 0.074323
v -0.276019 -0.012086 0.074323
v -0.276015 -0.012154 0.075191
v -0.276015 -0.012154 0.075191
v -0.276015 -0.012154 0.075191
v -0.276034 -0.011864 0.078378
v -0.276129 -0.010306 0.082138
v -0.276156 -0.009816 0.082857
v -0.275837 -0.011307 0.079127
v -0.275822 -0.011526 0.078304
v -0.275803 -0.011807 0.075205
v -0.275858 -0.01098 0.071341
v -0.275858 -0.01098 0.071341
v -0.275879 -0.010642 0.070572
v -0.275975 -0.008923 0.067968
v -0.276004 -0.008348 0.067353
v -0.27613 -0.005105 0.065064
v -0.276191 -0.002128 0.0641
v -0.276191 -0.002128 0.0641
v -0.2762 -0.001281 0.063977
v -0.2762 0.00126 0.063974
v -0.2762 0.00126 0.063974
v -0.276151 0.004301 0.064716
v -0.276151 0.004301 0.064716
v -0.27613 0.005081 0.065053
v -0.276005 0.008325 0.06733
v -0.276005 0.008325 0.06733
v -0.275903 0.010233 0.069802
v -0.275879 0.010631 0.07055
v -0.275808 0.011739 0.074348
v -0.275822 0.011529 0.078289
v -0.27589 0.010448 0.081211
v -0.275915 0.010029 0.081938
v -0.275915 0.010029 0.081938
v -0.276019 0.008038 0.084345
v -0.276202 0.00086 0.087462
v -0.275878 0.000843 0.087245
v -0.27588 6e-06 0.087276
v -0.221007 0.032188 0.116517
v -0.221007 0.03163 0.116207
v -0.221007 -0.0329 0.118
v -0.221007 -0.032793 0.11737
v -0.221007 -0.031414 0.116146
v -0.221007 -0.031 0.1161
v -0.221007 0.031 0.1161
v -0.269959 -0.040488 0.1112
v -0.225007 -0.054997 0.1112
v -0.274497 0 0.1112
v -0.240227 0.063435 0.1092
v -0.219007 -0.031513 0.13494
v -0.219007 -0.03112 0.135092
v -0.219007 0.058997 0.1122
v -0.219007 0.031513 0.11726
v -0.219007 -0.058997 0.1122
v -0.26431 0.058454 0.113206
v -0.264753 0.057597 0.11216
v -0.265069 0.056965 0.11179
v -0.265364 0.056377 0.111446
v -0.223275 0.055997 0.111736
v -0.221543 0.054997 0.1132
v -0.222007 0.056729 0.1132
v -0.223007 -0.054997 0.111736
v -0.22456 -0.050227 0.111225
v -0.224137 -0.049261 0.111296
v -0.223007 -0.058461 0.157997
v -0.264914 -0.057279 0.111915
v -0.264442 -0.058201 0.112806
v -0.219409 -0.060497 0.1122
v -0.219409 -0.058997 0.1107
v -0.219409 0.058997 0.1107
v -0.21931 0.060125 0.1122
v -0.21931 0.060125 0.1122
v -0.26628 -0.056351 0.11125
v -0.26628 -0.056351 0.11125
v -0.267793 -0.055553 0.109965
v -0.267656 -0.05551 0.110181
v -0.267656 -0.05551 0.110181
v -0.266918 -0.056672 0.110844
v -0.266918 -0.056672 0.110844
v -0.266761 -0.055227 0.111048
v -0.266761 -0.055227 0.111048
v -0.266966 -0.055292 0.110904
v -0.266966 -0.055292 0.110904
v -0.267379 -0.055422 0.110614
v -0.265732 -0.057573 0.111889
v -0.266396 -0.058028 0.111557
v -0.265997 -0.059023 0.112594
v -0.265309 -0.058475 0.112826
v -0.265657 -0.059843 0.1152
v -0.265745 -0.059634 0.113838
v -0.266005 -0.060723 0.1152
v -0.266098 -0.060468 0.113601
v -0.270934 -0.040709 0.110932
v -0.271648 -0.040872 0.1102
v -0.274988 -0.013671 0.110932
v -0.275497 0 0.110932
v -0.266761 0.055227 0.111048
v -0.266966 0.055292 0.110904
v -0.267379 0.055422 0.110614
v -0.267656 0.05551 0.110181
v -0.266005 -0.060723 0.136472
v -0.265177 0.058749 0.113278
v -0.264969 0.05917 0.114549
v -0.265681 0.059786 0.114487
v -0.265681 0.059786 0.114487
v -0.26603 0.060654 0.114361
v -0.266005 0.060723 0.1152
v -0.265873 0.059325 0.113092
v -0.265873 0.059325 0.113092
v -0.266233 0.060095 0.112732
v -0.266636 0.058965 0.11131
v -0.266258 0.058376 0.111849
v -0.265587 0.057888 0.112152
v -0.265587 0.057888 0.112152
v -0.267184 0.057382 0.110338
v -0.267184 0.057382 0.110338
v -0.266787 0.057018 0.110974
v -0.266143 0.056662 0.111366
v -0.262657 -0.060232 0.144309
v -0.262657 -0.060232 0.144309
v -0.264652 -0.060429 0.141634
v -0.264652 -0.060429 0.141634
v -0.262552 -0.060016 0.144209
v -0.266005 0.060723 0.136472
v -0.266005 0.060723 0.136472
v -0.265973 0.060686 0.13722
v -0.265973 0.060686 0.13722
v -0.265973 0.060686 0.13722
v -0.265617 0.059822 0.137195
v -0.265617 0.059822 0.137195
v -0.265506 0.059798 0.13803
v -0.265869 0.060641 0.138085
v -0.26429 0.059685 0.141446
v -0.26429 0.059685 0.141446
v -0.26489 0.06046 0.141171
v -0.26489 0.06046 0.141171
v -0.264652 0.060429 0.141634
v -0.264652 0.060429 0.141634
v -0.264652 0.060429 0.141634
v -0.262657 0.060232 0.144309
v -0.262552 0.060016 0.144209
v -0.220007 -0.054997 0.159729
v -0.220007 -0.054997 0.159729
v -0.221311 -0.057131 0.158997
v -0.222873 -0.058693 0.158997
v -0.220677 -0.057497 0.159729
v -0.220007 0.054997 0.159729
v -0.220007 0.054997 0.159729
v -0.220677 0.057497 0.159729
v -0.225626 0.050001 0.1102
v -0.225106 0.04943 0.110255
v -0.225063 0.049329 0.110267
v -0.0568 0.165497 0.0344
v -0.0568 0.1655 0.0344
v -0.0568 0.167182 0.035664
v -0.0568 0.167497 0.149997
v -0.0568 0.165497 0.149997
v -0.0568 0.165693 0.152997
v -0.220007 -0.031509 0.134933
v -0.220007 -0.031298 0.135049
v -0.220007 -0.031298 0.135049
v -0.220007 -0.031117 0.13508
v -0.220007 0.031509 0.117267
v -0.220007 0.031298 0.117151
v -0.225834 -0.050304 0.1107
v -0.225317 -0.050394 0.111066
v -0.225651 -0.050621 0.111066
v -0.224916 -0.049933 0.111065
v -0.224916 -0.049933 0.111065
v -0.22516 -0.049709 0.110705
v -0.224519 -0.049114 0.111107
v -0.224519 -0.049114 0.111107
v -0.224713 0.048769 0.110772
v -0.225031 0.049523 0.110717
v -0.225543 0.050107 0.1107
v -0.220507 -0.031976 0.117658
v -0.220873 -0.031 0.1166
v -0.220507 -0.031225 0.116991
v -0.220873 -0.031741 0.116812
v -0.220507 -0.031547 0.117123
v -0.220873 -0.032321 0.117536
v -0.220507 -0.032034 0.118
v -0.220873 -0.0324 0.118
v -0.220873 0.031 0.1166
v -0.220873 0.031 0.1166
v -0.220507 0.031342 0.117024
v -0.220873 0.031875 0.116907
v -0.220873 0.031464 0.116679
v -0.220873 0.031464 0.116679
v -0.236113 -0.06106 0.1102
v -0.235862 -0.061997 0.1102
v -0.23936 -0.062935 0.1102
v -0.239612 -0.061997 0.1102
v -0.23936 -0.06106 0.1102
v -0.235862 0.061997 0.1102
v -0.236113 0.06106 0.1102
v -0.236113 0.06106 0.1102
v -0.238674 0.063621 0.1102
v -0.239794 0.063185 0.109334
v -0.239794 0.063185 0.109334
v -0.239794 0.063185 0.109334
v -0.240112 0.061997 0.109334
v -0.240112 0.061997 0.109334
v -0.236732 0.060257 0.1097
v -0.235997 0.060993 0.1097
v -0.235997 0.060993 0.1097
v -0.237737 0.064006 0.1097
v -0.238741 0.063737 0.1097
v -0.239477 0.063002 0.1097
v -0.239746 0.061997 0.1097
v -0.239746 0.061997 0.1097
v -0.240112 -0.061997 0.109334
v -0.239794 -0.063185 0.109334
v -0.238924 -0.064054 0.109334
v -0.235997 -0.063002 0.1097
v -0.235728 -0.061997 0.1097
v -0.235728 -0.061997 0.1097
v -0.235997 -0.060993 0.1097
v -0.239477 -0.060993 0.1097
v -0.239746 -0.061997 0.1097
v -0.239746 -0.061997 0.1097
v -0.239477 -0.063002 0.1097
v -0.239477 -0.063002 0.1097
v -0.238741 -0.063737 0.1097
v -0.23296 -0.066592 0.133136
v -0.23312 -0.067735 0.133579
v -0.233134 -0.066592 0.133573
v -0.24358 -0.066592 0.126794
v -0.244725 -0.066592 0.128439
v -0.244658 -0.067735 0.128303
v -0.24465 -0.066592 0.128307
v -0.243866 -0.064497 0.126518
v -0.243905 -0.064497 0.126565
v -0.091437 0.1675 0.0344
v -0.093937 0.167497 0.0344
v -0.132563 0.1675 0.0344
v -0.11355 0.162684 0.0344
v -0.130063 0.167497 0.0344
v -0.132563 0.167497 0.0344
v -0.248319 -0.011087 0.010344
v -0.248319 -0.011087 0.010344
v -0.247763 -0.011514 0.012232
v -0.248696 -0.001578 0.009882
v -0.248696 -0.001578 0.009882
v -0.248445 -0.001493 0.010189
v -0.245829 -0.00159 0.00633
v -0.245634 -0.001495 0.005824
v -0.245357 -0.00136 0.005106
v -0.24517 -0.001227 0.00462
v -0.24517 -0.001227 0.00462
v -0.24517 -0.001227 0.00462
v -0.247776 -0.000341 0.012706
v -0.248791 -0.010965 0.009788
v -0.248759 -0.013202 0.019155
v -0.247809 -0.011769 0.013302
v -0.239582 -0.013202 0.015079
v -0.240667 -0.012957 0.014501
v -0.250507 0.000587 0.023865
v -0.252522 -0.012424 0.027405
v -0.25245 0.000587 0.027306
v -0.248957 -0.013202 0.019813
v -0.248948 0.000587 0.019815
v -0.256653 -0.007023 0.006501
v -0.25678 -0.006435 0.006452
v -0.25573 -0.008696 0.006857
v -0.255192 -0.009268 0.007064
v -0.244831 -0.00113 0.003739
v -0.244763 -0.001167 0.003563
v -0.244608 -0.001253 0.00316
v -0.244577 -0.001295 0.003078
v -0.245059 -0.001158 0.00433
v -0.25234 -0.001879 0.005113
v -0.252596 -0.001859 0.005284
v -0.245378 -0.003293 0.005161
v -0.245378 -0.003293 0.005161
v -0.245378 -0.003293 0.005161
v -0.243754 -0.003584 0.000942
v -0.243921 -0.00281 0.001375
v -0.24398 -0.003293 0.001527
v -0.24398 -0.003293 0.001527
v -0.244143 -0.002112 0.001951
v -0.243602 -0.005572 0.000546
v -0.243702 -0.003978 0.000807
v -0.243604 -0.006152 0.000551
v -0.243593 -0.005296 0.000524
v -0.244033 -0.008693 0.001666
v -0.244387 -0.008457 0.002585
v -0.244387 -0.008457 0.002585
v -0.244191 -0.009154 0.002075
v -0.244191 -0.009154 0.002075
v -0.244971 -0.002687 0.004103
v -0.244971 -0.002687 0.004103
v -0.244971 -0.002687 0.004103
v -0.244679 -0.002574 0.003344
v -0.244396 -0.009579 0.002608
v -0.238965 0.000587 0.015382
v -0.254461 -0.001879 0.006498
v -0.255352 -0.006438 0.005293
v -0.254762 -0.008702 0.006092
v -0.253101 -0.005194 0.00374
v -0.253071 -0.006438 0.003792
v -0.250664 -0.005194 0.002495
v -0.243358 -0.013202 0.034813
v -0.248371 -0.013202 0.02589
v -0.24829 -0.013202 0.026485
v -0.247909 -0.013202 0.028098
v -0.231076 -0.013202 0.028257
v -0.233601 -0.013202 0.029236
v -0.247426 -0.013202 0.021622
v -0.247433 -0.013202 0.021633
v -0.24786 -0.013202 0.022559
v -0.24819 -0.013202 0.023641
v -0.24819 -0.013202 0.023641
v -0.24829 -0.013202 0.0243
v -0.248361 -0.013202 0.02476
v -0.247446 -0.013202 0.029131
v -0.24769 -0.013202 0.028587
v -0.232033 -0.013202 0.030976
v -0.232231 -0.013202 0.031633
v -0.232771 -0.013202 0.023778
v -0.233543 -0.013202 0.021658
v -0.233543 -0.013202 0.021658
v -0.233058 -0.013202 0.022768
v -0.233058 -0.013202 0.022768
v -0.232829 -0.013202 0.027242
v -0.23411 -0.013202 0.020764
v -0.23411 -0.013202 0.020764
v -0.234149 -0.013202 0.020703
v -0.241408 -0.013202 0.035709
v -0.260091 -0.010686 0.030523
v -0.257431 -0.001504 0.03647
v -0.257379 -0.001535 0.036335
v -0.261269 -0.001227 0.03007
v -0.223097 -0.001227 0.013118
v -0.224727 -0.001625 0.016884
v -0.224982 -0.001578 0.017193
v -0.219721 -0.001227 0.020719
v -0.224874 -0.010962 0.017078
v -0.247906 -0.012112 0.022682
v -0.247906 -0.012112 0.022682
v -0.248205 -0.012112 0.02371
v -0.24829 -0.012112 0.024299
v -0.248366 -0.012112 0.02596
v -0.247885 -0.012112 0.028164
v -0.24769 -0.012112 0.028587
v -0.247413 -0.012112 0.029193
v -0.247421 -0.012112 0.021625
v -0.234108 -0.012112 0.020763
v -0.234084 -0.012112 0.020793
v -0.234084 -0.012112 0.020793
v -0.233492 -0.012112 0.021756
v -0.233055 -0.012112 0.022768
v -0.233044 -0.012112 0.022794
v -0.233044 -0.012112 0.022794
v -0.232824 -0.012112 0.027244
v -0.232826 -0.012112 0.027256
v -0.233784 -0.012112 0.029516
v -0.233611 -0.012112 0.029252
v -0.246074 0.000587 0.033847
v -0.240323 -0.012957 0.036287
v -0.242024 0.000587 0.035406
v -0.242024 0.000587 0.035406
v -0.238484 -0.012424 0.037422
v -0.238583 0.000587 0.037349
v -0.238267 -0.012355 0.037574
v -0.238263 0.000556 0.037568
v -0.238263 0.000556 0.037568
v -0.237131 -0.011992 0.038375
v -0.236395 -0.011762 0.038972
v -0.236395 -0.011762 0.038972
v -0.236395 -0.011762 0.038972
v -0.236395 -0.011762 0.038972
v -0.235965 -0.000341 0.039304
v -0.236263 -0.000117 0.039056
v -0.236263 -0.000117 0.039056
v -0.23698 0.000271 0.038489
v -0.237764 0.000508 0.037911
v -0.235366 -0.010686 0.04499
v -0.232589 -0.012882 0.033124
v -0.232642 -0.012834 0.033347
v -0.232919 -0.012419 0.034962
v -0.233181 -0.011769 0.037486
v -0.233181 -0.011769 0.037486
v -0.232971 -0.012342 0.035261
v -0.232962 -0.012354 0.035213
v -0.232962 -0.012354 0.035213
v -0.232962 -0.012354 0.035213
v -0.234488 -0.010992 0.041838
v -0.234977 -0.011291 0.040382
v -0.235213 -0.011387 0.040015
v -0.234698 -0.010815 0.043255
v -0.234515 -0.010891 0.042559
v -0.234515 -0.010891 0.042559
v -0.234496 -0.010964 0.042043
v -0.233227 -0.011514 0.038557
v -0.233227 -0.011514 0.038557
v -0.233213 -0.011482 0.0387
v -0.233076 -0.011291 0.039537
v -0.232929 -0.011189 0.039984
v -0.232929 -0.011189 0.039984
v -0.232671 -0.011087 0.040444
v -0.232671 -0.011087 0.040444
v -0.230483 0.000587 0.026924
v -0.232042 0.000587 0.030973
v -0.232042 0.000587 0.030973
v -0.232042 0.000587 0.030973
v -0.233093 0.00041 0.036296
v -0.233214 -0.000341 0.038082
v -0.23317 0.000104 0.037227
v -0.232963 0.000571 0.035213
v -0.232963 0.000571 0.035213
v -0.232908 0.000587 0.034829
v -0.232908 0.000587 0.034829
v -0.262689 -0.002845 0.03525
v -0.26051 -0.01065 0.030362
v -0.261486 -0.010458 0.029986
v -0.262091 -0.010233 0.029754
v -0.263164 -0.009588 0.029974
v -0.26311 -0.009715 0.029361
v -0.264022 -0.008702 0.030147
v -0.263281 -0.009579 0.029295
v -0.264645 -0.007631 0.030273
v -0.264645 -0.007631 0.030273
v -0.264398 -0.008496 0.028865
v -0.264996 -0.006438 0.030344
v -0.265055 -0.005194 0.030356
v -0.265365 -0.005296 0.028493
v -0.265338 -0.006152 0.028503
v -0.264817 -0.003972 0.030308
v -0.265235 -0.004425 0.028543
v -0.263938 -0.002112 0.029042
v -0.264514 -0.00281 0.02882
v -0.264298 -0.002845 0.030203
v -0.263527 -0.001879 0.030048
v -0.262911 -0.001879 0.032436
v -0.261481 -0.002845 0.037612
v -0.261389 -0.001941 0.036266
v -0.260461 -0.001843 0.037712
v -0.259391 -0.001879 0.039361
v -0.258714 -0.001637 0.039802
v -0.259166 -0.002904 0.040978
v -0.25915 -0.002848 0.040934
v -0.258821 -0.00189 0.040081
v -0.259362 -0.003977 0.041486
v -0.260645 -0.005194 0.040287
v -0.259465 -0.005195 0.041752
v -0.260597 -0.006438 0.040251
v -0.260597 -0.006438 0.040251
v -0.25946 -0.006156 0.041739
v -0.25946 -0.006156 0.041739
v -0.25947 -0.005299 0.041767
v -0.260308 -0.007631 0.040038
v -0.259388 -0.007023 0.041552
v -0.259437 -0.006435 0.041679
v -0.259032 -0.008696 0.040629
v -0.259069 -0.008595 0.040724
v -0.261939 -0.003972 0.037879
v -0.262149 -0.005194 0.038
v -0.262149 -0.005194 0.038
v -0.262097 -0.006438 0.03797
v -0.262097 -0.006438 0.03797
v -0.261787 -0.007631 0.03779
v -0.261787 -0.007631 0.03779
v -0.264136 -0.003972 0.032932
v -0.264136 -0.003972 0.032932
v -0.264367 -0.005194 0.033005
v -0.264367 -0.005194 0.033005
v -0.263969 -0.007631 0.032878
v -0.263173 -0.003972 0.035465
v -0.263173 -0.003972 0.035465
v -0.263173 -0.003972 0.035465
v -0.263394 -0.005194 0.035564
v -0.263394 -0.005194 0.035564
v -0.263394 -0.005194 0.035564
v -0.263394 -0.005194 0.035564
v -0.26334 -0.006438 0.035539
v -0.26334 -0.006438 0.035539
v -0.259462 -0.005572 0.041744
v -0.259462 -0.005572 0.041744
v -0.259363 -0.004317 0.041487
v -0.259084 -0.003293 0.040764
v -0.259084 -0.003293 0.040764
v -0.257685 -0.003293 0.03713
v -0.259363 -0.006827 0.041487
v -0.259363 -0.006827 0.041487
v -0.258092 -0.002687 0.038188
v -0.258677 -0.008457 0.039706
v -0.257894 -0.001226 0.037673
v -0.257996 -0.001163 0.037936
v -0.260005 -0.004317 0.030556
v -0.260728 -0.003293 0.030278
v -0.264362 -0.003293 0.028879
v -0.265343 -0.005572 0.028501
v -0.260728 -0.007851 0.030278
v -0.261786 -0.002687 0.029871
v -0.261786 -0.008457 0.029871
v -0.261272 -0.001226 0.030068
v -0.259368 -0.00142 0.038334
v -0.260242 -0.001527 0.037232
v -0.221525 -0.005195 0.009036
v -0.221627 -0.004317 0.009301
v -0.221823 -0.002904 0.00981
v -0.221823 -0.002904 0.00981
v -0.221669 -0.00365 0.00941
v -0.221567 -0.004451 0.009145
v -0.222791 -0.010263 0.012325
v -0.223158 -0.010552 0.01328
v -0.222897 -0.008457 0.012601
v -0.221921 -0.008595 0.010064
v -0.222313 -0.008457 0.011082
v -0.221958 -0.008696 0.010159
v -0.222165 -0.009268 0.010697
v -0.22184 -0.002848 0.009854
v -0.222503 -0.001295 0.011576
v -0.222337 -0.00152 0.011145
v -0.222605 -0.002574 0.011841
v -0.222897 -0.002687 0.012601
v -0.223096 -0.001226 0.013115
v -0.21943 -0.001159 0.020831
v -0.221622 -0.00142 0.012456
v -0.218079 -0.001882 0.018336
v -0.218102 -0.001886 0.018255
v -0.22053 -0.001841 0.013079
v -0.221295 -0.001719 0.012162
v -0.215647 -0.005572 0.022287
v -0.215829 -0.00699 0.022217
v -0.215904 -0.006827 0.022188
v -0.219204 -0.002687 0.020918
v -0.216345 -0.007631 0.020515
v -0.215994 -0.006438 0.020444
v -0.217359 -0.002845 0.018018
v -0.220966 -0.002845 0.01096
v -0.220966 -0.002845 0.01096
v -0.220393 -0.006438 0.010537
v -0.220681 -0.007631 0.01075
v -0.220681 -0.007631 0.01075
v -0.221896 -0.009588 0.011648
v -0.221193 -0.008702 0.011128
v -0.218893 -0.006438 0.012818
v -0.218893 -0.006438 0.012818
v -0.219202 -0.007631 0.012998
v -0.219752 -0.008702 0.013318
v -0.216854 -0.003972 0.017857
v -0.217817 -0.003972 0.015323
v -0.217595 -0.005194 0.015225
v -0.217977 -0.007631 0.015394
v -0.218558 -0.008702 0.015652
v -0.246536 -0.012112 0.022053
v -0.246552 0.000587 0.022044
v -0.246362 -0.012112 0.021721
v -0.234015 -0.012112 0.02296
v -0.23372 -0.012112 0.023977
v -0.233608 -0.012112 0.026086
v -0.233742 -0.012112 0.026837
v -0.233794 -0.012112 0.027129
v -0.234138 -0.012112 0.028131
v -0.234517 -0.012112 0.028854
v -0.234517 -0.012112 0.028854
v -0.234629 -0.012112 0.029069
v -0.23507 -0.001025 0.040224
v -0.228219 -0.001227 0.042792
v -0.229207 -0.001455 0.042412
v -0.232992 -0.001232 0.039837
v -0.232992 -0.001232 0.039837
v -0.232294 -0.001578 0.040907
v -0.232545 -0.001493 0.040599
v -0.234533 -0.001666 0.042667
v -0.234549 -0.001667 0.042724
v -0.234549 -0.001667 0.042724
v -0.234655 -0.001674 0.043101
v -0.234481 -0.001593 0.041972
v -0.233177 -0.000948 0.039191
v -0.23701 -0.003293 0.049261
v -0.237346 -0.004425 0.050135
v -0.237289 -0.004317 0.049985
v -0.237024 -0.008496 0.049297
v -0.237197 -0.007771 0.049746
v -0.23701 -0.007851 0.049261
v -0.235611 -0.007851 0.045628
v -0.235611 -0.007851 0.045628
v -0.235333 -0.006827 0.044904
v -0.235527 -0.01065 0.045409
v -0.225798 -0.009268 0.043724
v -0.22526 -0.008696 0.043931
v -0.224145 -0.005572 0.044361
v -0.224402 -0.006827 0.044262
v -0.229483 -0.004317 0.042306
v -0.226183 -0.008457 0.043576
v -0.227701 -0.002687 0.042992
v -0.259065 -0.004317 0.028115
v -0.259789 -0.003293 0.027836
v -0.216844 -0.006827 0.024629
v -0.233611 0.000587 0.024677
v -0.233611 0.000587 0.024677
v -0.234504 0.000587 0.028861
v -0.234504 0.000587 0.028861
v -0.233726 0.000587 0.02684
v -0.233726 0.000587 0.02684
v -0.223205 -0.005572 0.041919
v -0.228543 -0.004317 0.039865
v -0.2288 -0.005572 0.039766
v -0.257498 0.001659 0.018954
v -0.257292 0.001625 0.01914
v -0.256969 0.001572 0.019432
v -0.258801 0.001502 0.016761
v -0.258714 0.00154 0.016919
v -0.257823 0.001673 0.018494
v -0.255854 0.000988 0.022101
v -0.255939 0.001025 0.022067
v -0.257291 0.01093 0.019141
v -0.257291 0.01093 0.019141
v -0.257913 0.010815 0.018366
v -0.257636 0.010866 0.018787
v -0.257636 0.010866 0.018787
v -0.252703 0.012422 0.02506
v -0.252996 0.012309 0.024744
v -0.25452 0.011761 0.023206
v -0.25452 0.011761 0.023206
v -0.253791 0.012004 0.02389
v -0.255682 0.011395 0.0222
v -0.261469 0.00433 0.011938
v -0.261493 0.004839 0.011894
v -0.261157 0.00355 0.012501
v -0.259607 0.008401 0.015304
v -0.261157 0.007594 0.012501
v -0.261447 0.006963 0.011977
v -0.261447 0.006963 0.011977
v -0.261539 0.006075 0.01181
v -0.260565 0.002743 0.013571
v -0.260727 0.001974 0.013279
v -0.260791 0.002078 0.013163
v -0.259015 0.00355 0.016374
v -0.26143 0.007043 0.012007
v -0.261269 0.007811 0.012298
v -0.261269 0.007811 0.012298
v -0.260565 0.008401 0.013571
v -0.261112 0.008283 0.012582
v -0.261112 0.008283 0.012582
v -0.259353 0.010546 0.015764
v -0.259249 0.010573 0.015952
v -0.261013 0.008581 0.012761
v -0.26068 0.009268 0.013364
v -0.260086 0.008569 0.014437
v -0.26063 0.009339 0.013454
v -0.263279 0.00142 0.023185
v -0.263732 0.00174 0.023042
v -0.263719 0.001719 0.0232
v -0.263225 0.001966 0.019097
v -0.265465 0.004839 0.025695
v -0.265524 0.006279 0.025728
v -0.26533 0.007134 0.025621
v -0.265463 0.004512 0.025694
v -0.264857 0.00355 0.025359
v -0.263994 0.009267 0.024882
v -0.265007 0.007917 0.025442
v -0.250228 0.013202 0.028305
v -0.250212 -0.000587 0.028295
v -0.250212 -0.000587 0.028295
v -0.250212 -0.000587 0.028295
v -0.252609 -0.000587 0.025153
v -0.252871 -0.000555 0.024866
v -0.252871 -0.000555 0.024866
v -0.253992 -0.000255 0.023689
v -0.253295 -0.000504 0.024401
v -0.253295 -0.000504 0.024401
v -0.248112 -0.000587 0.032092
v -0.247275 0.01288 0.034151
v -0.247176 0.012823 0.034404
v -0.248384 0.013202 0.031516
v -0.249415 0.013202 0.02958
v -0.249415 0.013202 0.02958
v -0.263873 0.009345 0.023964
v -0.263873 0.009345 0.023964
v -0.264747 0.008293 0.02391
v -0.264747 0.008293 0.02391
v -0.265311 0.007045 0.023875
v -0.265311 0.007045 0.023875
v -0.265526 0.005693 0.023862
v -0.265526 0.005693 0.023862
v -0.265526 0.005693 0.023862
v -0.265375 0.004332 0.023871
v -0.265375 0.004332 0.023871
v -0.263748 0.001966 0.021394
v -0.264561 0.003059 0.021254
v -0.26252 0.005693 0.013414
v -0.26252 0.005693 0.013414
v -0.262331 0.007045 0.013517
v -0.261834 0.008293 0.013788
v -0.265208 0.005693 0.021142
v -0.263576 0.009345 0.021424
v -0.232627 0.013202 0.019296
v -0.232891 0.013202 0.018716
v -0.232891 0.013202 0.018716
v -0.233176 0.013202 0.018091
v -0.242301 0.013202 0.03309
v -0.233096 0.013202 0.022687
v -0.230413 0.013202 0.023085
v -0.247875 0.013202 0.022642
v -0.247703 0.013202 0.022171
v -0.246786 0.013202 0.020663
v -0.246457 0.013202 0.020223
v -0.246457 0.013202 0.020223
v -0.233083 0.013202 0.028069
v -0.248289 0.013202 0.026706
v -0.248332 0.013202 0.024394
v -0.2328 0.013202 0.023701
v -0.248015 0.013202 0.027831
v -0.234921 0.011771 0.012437
v -0.235113 0.011514 0.01137
v -0.235113 0.011512 0.011359
v -0.235099 0.011291 0.010378
v -0.234389 0.012353 0.014645
v -0.234434 0.012315 0.014501
v -0.236811 0.010998 0.008328
v -0.236811 0.010998 0.008328
v -0.236825 0.011087 0.008847
v -0.237097 0.011291 0.009802
v -0.236984 0.011232 0.009564
v -0.236933 0.010894 0.007599
v -0.23689 0.01093 0.007856
v -0.23689 0.01093 0.007856
v -0.23689 0.01093 0.007856
v -0.23684 0.010973 0.008157
v -0.23684 0.010973 0.008157
v -0.236922 0.00129 0.009365
v -0.23689 0.001625 0.007857
v -0.23689 0.001625 0.007857
v -0.236961 0.001658 0.007537
v -0.236961 0.001658 0.007537
v -0.236826 0.001595 0.008142
v -0.236826 0.001595 0.008142
v -0.236826 0.001595 0.008142
v -0.238726 0.001227 0.004187
v -0.238505 0.001345 0.004586
v -0.236981 0.001667 0.007445
v -0.236981 0.001667 0.007445
v -0.235099 0.0011 0.010377
v -0.235124 0.001022 0.010558
v -0.235152 0.000932 0.010767
v -0.235034 0.000341 0.011838
v -0.264199 0.004839 0.027984
v -0.243795 0.001677 0.043893
v -0.246478 0.001572 0.04187
v -0.242284 0.001227 0.046625
v -0.244029 0.001667 0.043366
v -0.244029 0.001667 0.043366
v -0.24386 0.001674 0.043747
v -0.245887 0.001022 0.040253
v -0.245911 0.011291 0.040434
v -0.246189 0.011087 0.041388
v -0.245866 0.011344 0.040192
v -0.243449 0.010765 0.04452
v -0.24656 0.010972 0.041968
v -0.240851 0.012422 0.037603
v -0.241038 0.012355 0.037778
v -0.242705 0.011761 0.039421
v -0.243795 0.010815 0.043893
v -0.244077 0.010894 0.043212
v -0.244077 0.010894 0.043212
v -0.24412 0.01093 0.042955
v -0.246161 0.012112 0.019902
v -0.246795 0.012112 0.020657
v -0.246795 0.012112 0.020657
v -0.247882 0.012112 0.02264
v -0.248264 0.012112 0.023963
v -0.248362 0.012112 0.024849
v -0.248349 0.012112 0.026273
v -0.248195 0.012112 0.027103
v -0.248138 0.012112 0.027412
v -0.247761 0.012112 0.028508
v -0.242723 0.012112 0.032979
v -0.242081 0.012112 0.033117
v -0.233077 0.012112 0.028071
v -0.233075 0.012112 0.028067
v -0.233132 0.012112 0.022592
v -0.234869 -0.000113 0.012701
v -0.234393 -0.000573 0.014646
v -0.232898 -0.000587 0.018719
v -0.232898 -0.000587 0.018719
v -0.230798 -0.000587 0.022516
v -0.230798 -0.000587 0.022516
v -0.229773 0.012987 0.023973
v -0.228308 0.012422 0.025752
v -0.228401 -0.000587 0.025658
v -0.223943 0.010972 0.031461
v -0.223894 0.010963 0.031492
v -0.240758 -0.000587 0.03751
v -0.242864 0.000151 0.039566
v -0.242222 -0.000255 0.038893
v -0.238188 0.010677 0.005159
v -0.23855 0.010571 0.004505
v -0.239294 0.010117 0.003158
v -0.239185 0.010226 0.003356
v -0.240731 0.007044 0.00056
v -0.240542 0.007917 0.000904
v -0.240414 0.008283 0.001134
v -0.240793 0.004512 0.000448
v -0.240853 0.005403 0.000341
v -0.240027 0.001977 0.001835
v -0.228828 0.003059 0.003968
v -0.227556 0.003067 0.00473
v -0.227311 0.003522 0.004594
v -0.22786 0.008581 0.004898
v -0.228463 0.009268 0.005231
v -0.2276 0.007594 0.004754
v -0.22867 0.008401 0.005346
v -0.226993 0.006304 0.004418
v -0.240795 0.004839 0.000446
v -0.240459 0.007594 0.001054
v -0.240459 0.007594 0.001054
v -0.240795 0.006304 0.000446
v -0.238909 0.002743 0.003856
v -0.238909 0.002743 0.003856
v -0.238909 0.002743 0.003856
v -0.239867 0.002743 0.002124
v -0.238944 0.00114 0.003792
v -0.238753 0.001212 0.00414
v -0.239388 0.002574 0.00299
v -0.239388 0.002574 0.00299
v -0.239388 0.008569 0.00299
v -0.238909 0.008401 0.003856
v -0.239271 0.001149 0.003201
v -0.253973 0.00433 0.04637
v -0.254111 0.005196 0.046446
v -0.254111 0.005196 0.046446
v -0.254105 0.005693 0.046442
v -0.254101 0.006075 0.04644
v -0.253934 0.006963 0.046348
v -0.25329 0.002765 0.045991
v -0.253454 0.003067 0.046082
v -0.242157 0.001167 0.046855
v -0.242693 0.00355 0.045886
v -0.240247 0.004336 0.05031
v -0.240552 0.00355 0.049758
v -0.240552 0.00355 0.049758
v -0.240552 0.007594 0.049758
v -0.24029 0.007134 0.050231
v -0.242102 0.002743 0.046955
v -0.241029 0.009267 0.048895
v -0.240723 0.00865 0.049447
v -0.241143 0.008401 0.048688
v -0.240469 0.007917 0.049907
v -0.240363 0.003644 0.050099
v -0.240363 0.003644 0.050099
v -0.240526 0.003066 0.049803
v -0.242693 0.007594 0.045886
v -0.243029 0.006304 0.045278
v -0.243029 0.004839 0.045278
v -0.241622 0.008569 0.047822
v -0.241411 0.009816 0.048204
v -0.241716 0.010117 0.047654
v -0.247256 0.003059 0.048865
v -0.252182 0.003059 0.046843
v -0.252425 0.004332 0.047288
v -0.252497 0.005693 0.04742
v -0.252497 0.005693 0.04742
v -0.249775 0.003059 0.047989
v -0.249967 0.004332 0.048457
v -0.247074 -0.000587 0.027588
v -0.247062 0.012112 0.027585
v -0.247301 0.012112 0.026721
v -0.234771 0.012112 0.029281
v -0.234232 0.012112 0.028331
v -0.234766 0.012112 0.029276
v -0.234766 0.012112 0.029276
v -0.224041 0.001572 0.031379
v -0.215601 0.004336 0.025147
v -0.215812 0.003644 0.025264
v -0.216934 0.001977 0.025884
v -0.216934 0.001977 0.025884
v -0.217436 0.00152 0.026162
v -0.215635 0.004332 0.026941
v -0.216963 0.001966 0.026859
v -0.217315 0.001861 0.029067
v -0.217278 0.00174 0.02777
v -0.217355 0.001617 0.026836
v -0.217382 0.001573 0.026505
v -0.217382 0.001573 0.026505
v -0.217933 0.001966 0.032226
v -0.218685 0.001966 0.034362
v -0.218369 0.001939 0.033469
v -0.219068 0.003059 0.037083
v -0.219829 0.003067 0.038354
v -0.219693 0.003522 0.0386
v -0.219465 0.005196 0.039012
v -0.219469 0.005693 0.039006
v -0.219997 0.008581 0.038051
v -0.219997 0.008581 0.038051
v -0.219898 0.008283 0.03823
v -0.219898 0.008283 0.03823
v -0.219898 0.008283 0.03823
v -0.219176 0.008293 0.037024
v -0.219176 0.008293 0.037024
v -0.219741 0.007811 0.038513
v -0.221151 0.010245 0.035963
v -0.221018 0.010114 0.036203
v -0.218036 0.008293 0.034628
v -0.218847 0.009345 0.034296
v -0.216571 0.008293 0.029537
v -0.217434 0.009345 0.029388
v -0.218313 0.001942 0.033308
v -0.218313 0.001942 0.033308
v -0.217165 0.008293 0.032123
v -0.218006 0.009345 0.03188
v -0.219517 0.004839 0.038918
v -0.220445 0.008401 0.037241
v -0.221403 0.008401 0.035508
v -0.220924 0.002574 0.036374
v -0.220924 0.002574 0.036374
v -0.220787 0.001297 0.036622
v -0.221489 0.001179 0.035354
v -0.22131 0.001152 0.035677
v -0.221585 0.001226 0.03518
v -0.221038 0.001169 0.036168
v -0.220835 0.001248 0.036535
v -0.220835 0.001248 0.036535
v -0.225727 0.006304 0.006707
v -0.233854 -0.000587 0.02732
v -0.233854 -0.000587 0.02732
v -0.218738 0.00159 0.033136
v -0.261009 -0.026937 0.078012
v -0.260692 -0.027976 0.077219
v -0.260875 -0.027976 0.077402
v -0.260875 -0.026833 0.077523
v -0.260509 -0.026757 0.077165
v -0.261009 -0.026246 0.078212
v -0.260875 -0.026073 0.077742
v -0.260875 -0.026073 0.077742
v -0.261009 -0.023582 0.080517
v -0.260875 -0.023143 0.080278
v -0.261009 -0.023285 0.081172
v -0.260875 -0.022816 0.080999
v -0.261009 -0.023086 0.081863
v -0.260875 -0.022597 0.081759
v -0.260509 -0.025946 0.077399
v -0.249143 -0.022597 0.081759
v -0.249143 -0.022816 0.080999
v -0.249143 -0.023143 0.080278
v -0.249143 -0.024087 0.079013
v -0.249509 -0.023828 0.078755
v -0.249509 -0.023828 0.078755
v -0.249143 -0.024686 0.078496
v -0.249143 -0.024686 0.078496
v -0.249143 -0.024686 0.078496
v -0.249509 -0.024467 0.078202
v -0.249143 -0.025352 0.078069
v -0.249143 -0.026833 0.077523
v -0.2491 -0.027976 0.077564
v -0.249009 -0.025591 0.078508
v -0.249009 -0.02397 0.079911
v -0.249009 -0.023582 0.080517
v -0.249009 -0.023285 0.081172
v -0.249143 -0.027976 0.077402
v -0.2491 -0.038024 0.077564
v -0.249671 -0.038024 0.076993
v -0.249509 -0.038024 0.077036
v -0.249143 -0.041913 0.079013
v -0.249009 -0.04203 0.079911
v -0.249143 -0.04243 0.079612
v -0.249009 -0.042418 0.080517
v -0.249509 -0.041533 0.078202
v -0.249509 -0.042171 0.078755
v -0.250362 -0.035368 0.072004
v -0.249858 -0.033816 0.072004
v -0.249858 -0.033816 0.072004
v -0.260114 -0.032192 0.071004
v -0.260114 -0.032192 0.071004
v -0.260114 -0.033808 0.071004
v -0.259614 -0.035346 0.071004
v -0.258664 -0.036654 0.071004
v -0.25999 -0.0322 0.068404
v -0.25999 -0.0322 0.068404
v -0.260038 -0.0322 0.069404
v -0.260038 -0.0322 0.069404
v -0.250028 -0.0322 0.068404
v -0.250028 -0.0322 0.068404
v -0.250028 -0.0322 0.068404
v -0.250514 -0.03071 0.068404
v -0.250514 -0.03071 0.068404
v -0.250514 -0.03071 0.068404
v -0.251442 -0.029433 0.068404
v -0.24998 -0.0322 0.069404
v -0.259547 -0.030688 0.069404
v -0.260288 -0.0322 0.074604
v -0.260283 -0.032165 0.074604
v -0.251234 -0.029225 0.074604
v -0.250252 -0.030576 0.074604
v -0.249867 -0.030944 0.076788
v -0.249663 -0.030833 0.076964
v -0.249662 -0.030836 0.076965
v -0.249775 -0.030892 0.076892
v -0.250181 -0.03054 0.07646
v -0.250431 -0.030089 0.076426
v -0.250385 -0.03006 0.0766
v -0.249952 -0.029959 0.076904
v -0.250158 -0.029915 0.076857
v -0.250009 -0.029821 0.076903
v -0.249816 -0.030912 0.076866
v -0.250291 -0.03 0.076753
v -0.250576 -0.029445 0.076839
v -0.250718 -0.029559 0.076666
v -0.250776 -0.029606 0.076426
v -0.251471 -0.028554 0.076839
v -0.251997 -0.028183 0.076839
v -0.251961 -0.028126 0.076857
v -0.259588 -0.030089 0.076426
v -0.259633 -0.03006 0.0766
v -0.259242 -0.029606 0.076426
v -0.260366 -0.033848 0.076623
v -0.260339 -0.03401 0.076615
v -0.260366 -0.034021 0.076732
v -0.260366 -0.034021 0.076732
v -0.260303 -0.034228 0.076604
v -0.260091 -0.035013 0.076659
v -0.260544 -0.034144 0.077006
v -0.260478 -0.034053 0.076936
v -0.260203 -0.035088 0.076866
v -0.260159 -0.031272 0.076555
v -0.26035 -0.031992 0.076619
v -0.26035 -0.031992 0.076619
v -0.260367 -0.031983 0.076732
v -0.260367 -0.031983 0.076732
v -0.2605 -0.033 0.076851
v -0.260411 -0.031969 0.076841
v -0.260151 -0.035056 0.076788
v -0.260369 -0.032151 0.076624
v -0.260439 -0.032729 0.076646
v -0.260462 -0.033 0.076751
v -0.260433 -0.033 0.076644
v -0.260421 -0.033514 0.07664
v -0.260283 -0.033835 0.074604
v -0.249736 -0.033835 0.074604
v -0.250252 -0.035424 0.074604
v -0.250252 -0.035424 0.074604
v -0.249783 -0.033828 0.073604
v -0.250294 -0.035402 0.073604
v -0.250294 -0.035402 0.073604
v -0.25861 -0.036601 0.069404
v -0.250028 -0.0338 0.068404
v -0.259504 -0.03529 0.068404
v -0.2573 -0.037495 0.068404
v -0.2573 -0.037495 0.068404
v -0.255798 -0.037983 0.068404
v -0.252136 -0.029045 0.06644
v -0.252136 -0.029045 0.06644
v -0.2515 -0.029491 0.06668
v -0.251553 -0.029543 0.06644
v -0.251553 -0.029543 0.06644
v -0.250994 -0.030083 0.06668
v -0.250994 -0.030083 0.06668
v -0.250994 -0.030083 0.06668
v -0.251055 -0.030127 0.06644
v -0.250587 -0.030747 0.06668
v -0.250289 -0.031466 0.06668
v -0.250289 -0.031466 0.06668
v -0.25036 -0.031489 0.06644
v -0.250107 -0.032224 0.06668
v -0.250107 -0.032224 0.06668
v -0.250107 -0.032224 0.06668
v -0.250181 -0.032235 0.06644
v -0.250046 -0.033 0.06668
v -0.250121 -0.033 0.06644
v -0.250107 -0.033776 0.06668
v -0.250289 -0.034534 0.06668
v -0.250289 -0.034534 0.06668
v -0.25036 -0.034511 0.06644
v -0.25036 -0.034511 0.06644
v -0.250587 -0.035253 0.06668
v -0.250587 -0.035253 0.06668
v -0.250587 -0.035253 0.06668
v -0.250654 -0.035219 0.06644
v -0.250654 -0.035219 0.06644
v -0.250994 -0.035917 0.06668
v -0.252873 -0.028806 0.066267
v -0.252243 -0.029192 0.066267
v -0.250533 -0.034454 0.066267
v -0.257262 -0.037422 0.06668
v -0.257926 -0.037015 0.06668
v -0.258519 -0.036509 0.06668
v -0.259025 -0.035917 0.06668
v -0.259431 -0.035253 0.06668
v -0.259911 -0.033776 0.06668
v -0.259911 -0.033776 0.06668
v -0.259838 -0.033765 0.06644
v -0.259972 -0.033 0.06668
v -0.259972 -0.033 0.06668
v -0.259972 -0.033 0.06668
v -0.259898 -0.033 0.06644
v -0.259911 -0.032224 0.06668
v -0.259911 -0.032224 0.06668
v -0.259911 -0.032224 0.06668
v -0.259838 -0.032235 0.06644
v -0.259838 -0.032235 0.06644
v -0.259729 -0.031466 0.06668
v -0.259729 -0.031466 0.06668
v -0.259659 -0.031489 0.06644
v -0.259431 -0.030747 0.06668
v -0.249598 -0.032486 0.07664
v -0.249586 -0.033 0.076644
v -0.24958 -0.033271 0.076646
v -0.24965 -0.033849 0.076624
v -0.24986 -0.034728 0.076555
v -0.250431 -0.035911 0.076426
v -0.250776 -0.036394 0.076426
v -0.252552 -0.037824 0.076434
v -0.252796 -0.037954 0.076438
v -0.249475 -0.031856 0.077006
v -0.249464 -0.031927 0.077007
v -0.249541 -0.031946 0.076936
v -0.249541 -0.031946 0.076936
v -0.249541 -0.031946 0.076936
v -0.249541 -0.031946 0.076936
v -0.249563 -0.031283 0.076993
v -0.249459 -0.034069 0.077009
v -0.249459 -0.034069 0.077009
v -0.24954 -0.034049 0.076936
v -0.24946 -0.033 0.076941
v -0.24946 -0.033 0.076941
v -0.249519 -0.033 0.076851
v -0.249519 -0.033 0.076851
v -0.249608 -0.034031 0.076841
v -0.249609 -0.031965 0.076841
v -0.249557 -0.033 0.076751
v -0.249662 -0.035164 0.076965
v -0.249775 -0.035108 0.076892
v -0.249775 -0.035108 0.076892
v -0.249466 -0.034145 0.077009
v -0.24943 -0.032148 0.077012
v -0.24943 -0.032148 0.077012
v -0.249396 -0.032999 0.077014
v -0.249867 -0.035056 0.076788
v -0.249816 -0.035088 0.076866
v -0.249816 -0.035088 0.076866
v -0.249955 -0.035608 0.076867
v -0.250071 -0.035537 0.07676
v -0.249663 -0.035167 0.076964
v -0.249663 -0.035167 0.076964
v -0.252104 -0.037646 0.0766
v -0.249061 -0.035164 0.077611
v -0.249217 -0.035164 0.077329
v -0.249071 -0.035164 0.077556
v -0.249071 -0.035164 0.077556
v -0.24913 -0.031881 0.077371
v -0.249038 -0.0341 0.077609
v -0.249038 -0.0341 0.077609
v -0.24913 -0.034118 0.077371
v -0.249106 -0.032999 0.077368
v -0.249106 -0.032999 0.077368
v -0.249009 -0.032999 0.077812
v -0.249038 -0.031899 0.077609
v -0.249038 -0.031899 0.077609
v -0.249009 -0.031917 0.077857
v -0.249009 -0.031917 0.077857
v -0.249061 -0.030836 0.077611
v -0.249283 -0.031865 0.077161
v -0.24945 -0.030836 0.077101
v -0.249282 -0.034133 0.077161
v -0.249228 -0.032999 0.077172
v -0.256126 -0.026283 0.077138
v -0.255009 -0.026187 0.077161
v -0.255009 -0.025193 0.077572
v -0.261009 -0.030836 0.077902
v -0.260957 -0.030836 0.077611
v -0.260569 -0.030836 0.077101
v -0.260716 -0.030836 0.077195
v -0.260716 -0.030836 0.077195
v -0.260802 -0.030836 0.077329
v -0.260802 -0.030836 0.077329
v -0.260802 -0.035164 0.077329
v -0.260802 -0.035164 0.077329
v -0.260889 -0.034119 0.077371
v -0.260981 -0.0319 0.077609
v -0.260981 -0.0319 0.077609
v -0.260889 -0.031882 0.077371
v -0.260889 -0.031882 0.077371
v -0.260913 -0.033001 0.077368
v -0.260913 -0.033001 0.077368
v -0.260986 -0.033001 0.077583
v -0.260986 -0.033001 0.077583
v -0.261009 -0.033001 0.077812
v -0.260981 -0.034101 0.077609
v -0.260981 -0.034101 0.077609
v -0.260981 -0.034101 0.077609
v -0.260981 -0.034101 0.077609
v -0.260981 -0.034101 0.077609
v -0.261009 -0.034083 0.077857
v -0.261009 -0.034083 0.077857
v -0.260957 -0.035164 0.077611
v -0.260957 -0.035164 0.077611
v -0.261009 -0.035164 0.077902
v -0.260736 -0.034134 0.077161
v -0.260569 -0.035164 0.077101
v -0.260736 -0.031867 0.077161
v -0.260947 -0.035164 0.077556
v -0.260875 -0.042857 0.080278
v -0.260509 -0.043179 0.080103
v -0.260875 -0.04243 0.079612
f 6 4 3
f 7 2 5
f 9 1 8
f 12 10 11
f 17 18 26
f 26 18 31
f 17 27 24
f 24 27 28
f 24 28 17
f 18 17 31
f 33 32 34
f 13 32 33
f 33 34 13
f 35 30 36
f 36 30 29
f 37 15 14
f 39 16 38
f 40 19 22
f 41 21 20
f 42 23 25
f 47 46 43
f 45 49 50
f 44 51 48
f 58 56 52
f 57 59 54
f 53 60 55
f 72 64 74
f 61 75 62
f 63 73 65
f 76 71 69
f 77 70 78
f 70 68 78
f 79 67 66
f 87 82 81
f 88 80 89
f 86 90 91
f 85 92 93
f 84 94 95
f 96 97 83
f 102 98 99
f 100 101 103
f 108 104 109
f 105 112 110
f 106 111 107
f 128 115 129
f 130 114 113
f 131 116 132
f 127 133 135
f 126 134 125
f 124 136 123
f 122 137 138
f 121 139 119
f 141 117 120
f 142 118 140
f 143 144 149
f 145 146 151
f 150 147 148
f 155 153 152
f 154 157 156
f 163 158 159
f 162 164 161
f 160 165 166
f 167 168 171
f 172 169 170
f 181 177 176
f 182 175 174
f 179 173 183
f 180 184 178
f 199 186 185
f 201 191 190
f 200 189 202
f 203 188 187
f 197 204 205
f 198 206 196
f 195 207 208
f 194 209 193
f 210 192 211
f 221 217 222
f 217 216 222
f 223 215 224
f 225 214 213
f 226 212 227
f 218 220 219
f 229 239 238
f 230 237 236
f 231 235 232
f 233 234 228
f 247 242 241
f 248 240 249
f 250 243 251
f 252 253 245
f 254 255 244
f 256 257 246
f 258 259 260
f 265 264 263
f 266 262 261
f 281 268 267
f 282 272 283
f 284 271 286
f 285 270 269
f 287 288 277
f 276 289 275
f 274 290 291
f 292 293 273
f 294 279 295
f 296 278 280
f 298 299 297
f 305 302 303
f 304 301 300
f 306 308 307
f 311 309 310
f 316 312 317
f 318 313 314
f 322 315 323
f 324 319 325
f 326 320 321
f 341 328 329
f 342 330 343
f 344 331 332
f 345 333 346
f 347 327 334
f 348 335 336
f 349 337 350
f 351 338 339
f 352 340 353
f 364 354 355
f 365 356 357
f 373 362 363
f 379 367 381
f 380 366 368
f 383 369 371
f 382 370 384
f 385 374 375
f 386 376 377
f 387 378 388
f 372 358 359
f 389 360 361
f 391 390 392
f 395 394 393
f 400 405 401
f 402 406 408
f 407 409 396
f 410 398 397
f 399 411 412
f 403 413 404
f 414 422 420
f 432 417 435
f 442 416 415
f 450 451 419
f 430 456 429
f 428 458 459
f 427 461 426
f 424 464 425
f 423 467 421
f 472 431 418
f 457 433 434
f 460 436 437
f 462 438 440
f 463 439 441
f 465 443 444
f 466 445 446
f 455 473 475
f 453 478 480
f 454 479 452
f 449 483 484
f 448 487 488
f 468 447 474
f 476 470 477
f 481 469 482
f 485 471 486
f 491 490 492
f 498 493 494
f 499 495 496
f 500 497 501
f 504 489 505
f 511 506 508
f 512 507 513
f 502 503 519
f 520 509 521
f 522 510 523
f 524 515 525
f 526 514 516
f 527 517 518
f 544 528 529
f 545 530 546
f 547 531 548
f 550 532 533
f 554 540 541
f 555 542 557
f 558 543 560
f 563 549 564
f 567 551 553
f 568 556 569
f 570 559 561
f 571 562 572
f 573 565 566
f 552 534 574
f 575 535 576
f 577 536 537
f 578 538 539
f 581 579 583
f 582 580 584
f 591 595 596
f 597 599 585
f 586 598 600
f 601 587 602
f 594 605 606
f 592 609 593
f 588 611 613
f 614 590 589
f 604 619 603
f 607 620 622
f 608 621 610
f 612 623 624
f 616 627 615
f 617 629 626
f 630 618 631
f 635 662 663
f 625 666 633
f 634 665 668
f 632 670 672
f 628 681 682
f 660 636 661
f 664 638 637
f 667 640 669
f 671 639 673
f 674 641 675
f 676 642 643
f 677 644 678
f 679 645 680
f 659 687 656
f 657 686 689
f 658 690 654
f 655 688 691
f 646 692 693
f 653 695 651
f 652 694 696
f 648 697 698
f 649 699 650
f 647 701 702
f 700 683 684
f 703 685 704
f 713 712 714
f 707 715 717
f 718 719 721
f 725 728 723
f 726 729 727
f 733 709 732
f 733 720 709
f 733 732 720
f 734 737 736
f 736 742 734
f 734 742 737
f 744 722 724
f 754 731 730
f 756 705 706
f 762 763 757
f 758 764 759
f 760 711 710
f 766 708 716
f 745 767 747
f 748 769 771
f 768 779 770
f 770 779 781
f 772 783 773
f 774 787 775
f 776 788 777
f 778 789 780
f 782 790 784
f 786 785 791
f 792 796 793
f 794 802 795
f 797 803 804
f 798 807 800
f 799 809 801
f 805 815 806
f 808 817 810
f 811 818 820
f 812 823 814
f 813 824 825
f 816 826 819
f 821 827 822
f 735 761 765
f 739 752 755
f 753 740 750
f 749 738 751
f 746 743 741
f 831 828 830
f 830 829 831
f 831 829 828
f 834 832 833
f 835 836 837
f 840 841 842
f 843 844 846
f 858 860 862
f 863 861 866
f 868 864 865
f 867 869 870
f 872 871 873
f 875 874 876
f 850 851 877
f 880 881 882
f 879 883 884
f 878 849 848
f 886 885 887
f 892 890 893
f 900 845 899
f 901 898 896
f 902 897 894
f 904 839 905
f 906 903 908
f 909 910 907
f 912 838 911
f 915 913 916
f 918 920 917
f 922 921 925
f 927 923 924
f 928 930 926
f 932 931 854
f 855 929 933
f 934 919 914
f 935 895 936
f 937 891 938
f 939 889 941
f 940 888 942
f 943 859 944
f 945 857 856
f 948 946 947
f 950 951 949
f 954 953 952
f 957 955 956
f 852 967 853
f 965 847 966
f 960 969 963
f 962 970 958
f 959 971 973
f 961 972 968
f 964 975 974
f 982 978 981
f 984 979 980
f 983 977 976
f 1000 1001 999
f 1005 1002 1003
f 1009 1007 1010
f 1011 1008 1012
f 1018 1013 1014
f 1019 1015 1016
f 1017 1021 1023
f 1024 996 1022
f 993 995 994
f 1030 1029 1028
f 1032 1027 1026
f 1036 1037 1035
f 1040 992 1039
f 1042 1038 1045
f 1047 990 1048
f 1049 991 1041
f 1050 1043 1051
f 1052 1044 1046
f 986 989 988
f 1056 1055 1057
f 1059 1054 1053
f 1060 985 987
f 1066 1065 1064
f 1068 1063 1062
f 1071 1067 1069
f 1072 1070 1073
f 1076 1075 1074
f 1079 1078 1081
f 1082 1080 1083
f 1088 1085 1089
f 1090 1086 997
f 998 1087 1084
f 1092 1077 1093
f 1094 1061 1058
f 1095 1034 1033
f 1096 1031 1098
f 1097 1025 1099
f 1100 1020 1101
f 1102 1006 1104
f 1103 1004 1105
f 1106 1091 1107
f 1109 1108 1112
f 1111 1113 1110
f 1116 1114 1115
f 1119 1117 1118
f 1121 1124 1125
f 1122 1126 1123
f 1120 1127 1128
f 1134 1135 1136
f 1138 1141 1143
f 1149 1150 1151
f 1159 1158 1132
f 1162 1165 1167
f 1156 1161 1172
f 1133 1129 1160
f 1148 1130 1146
f 1147 1131 1157
f 1153 1166 1164
f 1170 1174 1163
f 1145 1169 1140
f 1139 1168 1155
f 1142 1182 1144
f 1181 1185 1179
f 1137 1188 1187
f 1189 1152 1154
f 1195 1197 1192
f 1196 1198 1199
f 1200 1201 1204
f 1203 1202 1206
f 1205 1207 1208
f 1209 1210 1211
f 1216 1218 1183
f 1184 1217 1219
f 1180 1220 1221
f 1186 1223 1222
f 1246 1245 1248
f 1249 1251 1250
f 1253 1254 1256
f 1258 1257 1259
f 1260 1261 1262
f 1271 1270 1272
f 1274 1275 1276
f 1277 1278 1279
f 1282 1280 1283
f 1286 1287 1288
f 1290 1289 1291
f 1295 1294 1296
f 1298 1300 1301
f 1304 1302 1305
f 1303 1306 1307
f 1309 1308 1310
f 1311 1312 1313
f 1314 1315 1316
f 1321 1318 1323
f 1320 1322 1324
f 1326 1327 1325
f 1329 1328 1330
f 1332 1333 1334
f 1335 1336 1337
f 1339 1340 1341
f 1342 1343 1344
f 1345 1347 1348
f 1353 1351 1354
f 1357 1356 1358
f 1360 1359 1361
f 1362 1363 1365
f 1366 1367 1368
f 1370 1369 1372
f 1371 1373 1374
f 1376 1378 1379
f 1380 1381 1382
f 1385 1386 1388
f 1390 1391 1392
f 1395 1396 1397
f 1338 1398 1399
f 1401 1400 1402
f 1405 1407 1408
f 1410 1409 1411
f 1239 1240 1413
f 1415 1414 1416
f 1236 1417 1238
f 1419 1420 1421
f 1427 1426 1428
f 1430 1434 1432
f 1433 1435 1437
f 1438 1440 1441
f 1442 1443 1444
f 1451 1450 1452
f 1458 1457 1460
f 1461 1459 1462
f 1463 1464 1466
f 1465 1467 1468
f 1471 1470 1472
f 1474 1473 1475
f 1482 1480 1483
f 1173 1178 1490
f 1489 1177 1491
f 1492 1176 1494
f 1495 1175 1171
f 1497 1498 1499
f 1503 1505 1506
f 1502 1508 1509
f 1510 1512 1513
f 1507 1514 1504
f 1516 1518 1511
f 1517 1515 1519
f 1520 1525 1521
f 1524 1527 1522
f 1523 1528 1526
f 1540 1542 1543
f 1266 1267 1550
f 1422 1423 1548
f 1501 1565 1566
f 1235 1234 1567
f 1232 1233 1568
f 1231 1230 1478
f 1477 1229 1476
f 1481 1227 1479
f 1487 1226 1485
f 1486 1228 1484
f 1224 1488 1225
f 1456 1570 1455
f 1574 1453 1454
f 1448 1449 1577
f 1580 1446 1447
f 1553 1418 1583
f 1404 1584 1586
f 1406 1587 1403
f 1241 1603 1605
f 1299 1609 1610
f 1613 1281 1284
f 1264 1615 1263
f 1243 1242 1620
f 1623 1571 1569
f 1572 1626 1573
f 1630 1576 1575
f 1578 1631 1633
f 1634 1635 1579
f 1645 1549 1581
f 1425 1547 1424
f 1646 1582 1648
f 1544 1539 1412
f 1538 1663 1585
f 1588 1670 1589
f 1389 1590 1387
f 1591 1677 1592
f 1384 1593 1383
f 1687 1692 1594
f 1595 1691 1596
f 1350 1597 1349
f 1598 1599 1346
f 1600 1700 1601
f 1602 1702 1552
f 1705 1706 1604
f 1711 1607 1606
f 1716 1608 1712
f 1726 1611 1727
f 1612 1533 1285
f 1728 1729 1614
f 1551 1616 1265
f 1732 1619 1737
f 1736 1618 1738
f 1739 1617 1731
f 1555 1753 1556
f 1554 1557 1529
f 1530 1558 1531
f 1752 1755 1559
f 1742 1741 1760
f 1766 1767 1685
f 1500 1768 1769
f 1624 1770 1622
f 1621 1771 1625
f 1772 1627 1774
f 1629 1773 1628
f 1632 1775 1776
f 1636 1777 1778
f 1637 1779 1780
f 1639 1781 1638
f 1640 1782 1642
f 1641 1783 1784
f 1643 1786 1644
f 1647 1787 1546
f 1649 1788 1652
f 1651 1789 1650
f 1654 1790 1653
f 1655 1791 1792
f 1656 1793 1657
f 1658 1796 1797
f 1660 1799 1659
f 1662 1802 1661
f 1545 1803 1804
f 1541 1805 1537
f 1664 1806 1807
f 1665 1808 1809
f 1666 1811 1667
f 1668 1812 1813
f 1669 1815 1816
f 1671 1819 1672
f 1673 1820 1676
f 1675 1821 1674
f 1679 1822 1678
f 1680 1825 1681
f 1683 1826 1827
f 1682 1828 1830
f 1684 1832 1834
f 1765 1686 1833
f 1689 1839 1688
f 1690 1840 1841
f 1842 1843 1694
f 1693 1844 1845
f 1696 1846 1695
f 1535 1848 1536
f 1850 1851 1697
f 1698 1852 1853
f 1699 1856 1857
f 1701 1858 1703
f 1704 1859 1860
f 1707 1861 1708
f 1709 1862 1863
f 1710 1867 1713
f 1715 1868 1714
f 1718 1869 1717
f 1720 1870 1719
f 1722 1871 1721
f 1534 1872 1873
f 1723 1874 1724
f 1725 1881 1882
f 1532 1883 1884
f 1763 1730 1887
f 1891 1740 1735
f 1734 1892 1893
f 1733 1894 1890
f 1743 1759 1895
f 1899 1564 1900
f 1903 1562 1905
f 1904 1563 1561
f 1906 1560 1907
f 1912 1757 1914
f 1913 1758 1915
f 1916 1756 1917
f 1918 1754 1919
f 1920 1751 1921
f 1922 1748 1923
f 1924 1749 1750
f 1926 1747 1927
f 1928 1744 1746
f 1929 1745 1898
f 1878 1877 1932
f 1933 1866 1935
f 1190 1191 1937
f 1493 1213 1212
f 1215 1214 1496
f 1938 1194 1193
f 1945 1795 1794
f 1800 1951 1801
f 1810 1954 1957
f 1818 1959 1960
f 1961 1824 1823
f 1829 1963 1831
f 1965 1838 1837
f 1972 1865 1864
f 1974 1876 1875
f 1879 1975 1880
f 1978 1886 1885
f 1981 1761 1889
f 1982 1888 1983
f 1984 1897 1896
f 1911 1988 1910
f 1909 1990 1908
f 1902 1992 1901
f 1939 1469 1940
f 1941 1942 1785
f 1943 1445 1944
f 1946 1947 1798
f 1439 1949 1948
f 1950 1436 1952
f 1429 1953 1431
f 1237 1956 1955
f 1814 1958 1817
f 1394 1393 1962
f 1835 1964 1836
f 1375 1966 1377
f 1847 1967 1849
f 1364 1969 1968
f 1854 1970 1855
f 1355 1352 1971
f 1331 1934 1936
f 1317 1973 1319
f 1297 1977 1976
f 1293 1292 1979
f 1764 1980 1762
f 1273 1931 1985
f 1268 1986 1269
f 1930 1987 1925
f 1255 1252 1989
f 1244 1991 1247
f 1996 1995 1999
f 2025 2026 2027
f 2009 1998 2011
f 2012 2029 2013
f 2021 2024 2023
f 2006 2030 2040
f 2041 2031 2046
f 2032 2052 2054
f 2007 2035 2033
f 1997 2034 2055
f 2004 2036 2015
f 2038 2060 2061
f 2002 2039 2000
f 2022 2062 2016
f 2017 2063 2064
f 2001 2020 2019
f 2003 2018 2065
f 2066 2014 2067
f 2068 2008 2010
f 2069 2005 2070
f 2078 2076 2080
f 2077 2079 2075
f 2074 2081 2073
f 2083 2082 2085
f 2084 2086 2087
f 2044 2098 2099
f 2028 2100 2097
f 2101 2043 2042
f 2102 2103 2051
f 2053 2104 2105
f 2045 2106 2107
f 2108 2109 1993
f 1994 2110 2111
f 2047 2112 2113
f 2048 2115 2049
f 2050 2114 2116
f 2124 2126 2128
f 2133 2134 2135
f 2136 2137 2139
f 2140 2141 2142
f 2145 2143 2146
f 2147 2149 2150
f 2152 2148 2155
f 2151 2154 2156
f 2165 2164 2166
f 2167 2168 2170
f 2171 2169 2172
f 2174 2173 2175
f 2177 2176 2179
f 2178 2180 2181
f 2185 2186 2188
f 2192 2191 2193
f 2196 2194 2197
f 2195 2198 2199
f 2203 2202 2204
f 2211 2212 2213
f 2214 2215 2216
f 2222 2221 2223
f 2229 2228 2230
f 2233 2232 2235
f 2238 2236 2239
f 2241 2240 2242
f 2243 2245 2244
f 2248 2251 2252
f 2256 2255 2257
f 2259 2258 2260
f 2263 2262 2267
f 2264 2268 2269
f 2132 2271 2272
f 2125 2275 2127
f 2279 2276 2280
f 2120 2281 2123
f 2282 2122 2284
f 2287 2286 2288
f 2289 2290 2291
f 2292 2293 2296
f 2298 2299 2303
f 2302 2300 2304
f 2305 2306 2307
f 2309 2310 2311
f 2313 2312 2315
f 2318 2320 2321
f 2327 2324 2329
f 2331 2330 2334
f 2332 2335 2338
f 2337 2333 2341
f 2342 2340 2344
f 2343 2345 2347
f 2351 2350 2352
f 2355 2357 2359
f 2358 2361 2363
f 2362 2360 2365
f 2366 2364 2367
f 2368 2370 2372
f 2374 2373 2375
f 2379 2380 2381
f 2383 2385 2386
f 2387 2384 2388
f 2390 2391 2392
f 2395 2394 2397
f 2396 2398 2399
f 2402 2400 2404
f 2401 2403 2406
f 2405 2117 2408
f 2413 2414 2412
f 2416 2410 2419
f 2415 2418 2421
f 2422 2417 2425
f 2420 2424 2427
f 2426 2423 2429
f 2428 2430 2431
f 2434 2436 2437
f 2438 2440 2443
f 2442 2441 2444
f 2449 2451 2450
f 2454 2455 2459
f 2457 2456 2460
f 2462 2461 2463
f 2465 2466 2467
f 2471 2468 2472
f 2475 2476 2477
f 2478 2479 2480
f 2484 2483 2485
f 2490 2493 2496
f 2497 2492 2499
f 2501 2498 2502
f 2504 2503 2505
f 2507 2506 2508
f 2509 2510 2511
f 2512 2513 2514
f 2515 2516 2517
f 2520 2518 2522
f 2519 2521 2523
f 2524 2525 2526
f 2529 2527 2530
f 2538 2537 2541
f 2542 2540 2545
f 2543 2544 2548
f 2547 2546 2549
f 2552 2550 2553
f 2056 2057 2557
f 2558 2037 2058
f 2569 2571 2572
f 2575 2576 2570
f 2574 2577 2573
f 2615 2616 2617
f 2314 2316 2591
f 2624 2317 2625
f 2627 2560 2559
f 2578 2581 2632
f 2582 2580 2633
f 2644 2564 2567
f 2645 2568 2566
f 2647 2650 2565
f 2563 2648 2651
f 2532 2096 2531
f 2535 2095 2534
f 2533 2094 2093
f 2536 2539 2071
f 2551 2091 2089
f 2554 2092 2090
f 2059 2088 2556
f 2491 2494 2655
f 2656 2495 2500
f 2657 2486 2488
f 2469 2473 2660
f 2448 2665 2447
f 2626 2445 2446
f 2118 2667 2407
f 2354 2356 2679
f 2689 2308 2686
f 2696 2283 2285
f 2623 2278 2277
f 2129 2699 2703
f 2130 2702 2131
f 2705 2274 2273
f 2234 2237 2707
f 2231 2709 2710
f 2207 2208 2715
f 2206 2716 2205
f 2184 2718 2183
f 2182 2719 2720
f 2723 2138 2725
f 2727 2654 2653
f 2728 2652 2729
f 2489 2658 2487
f 2733 2659 2735
f 2470 2661 2464
f 2618 2610 2614
f 2619 2613 2458
f 2611 2741 2612
f 2453 2662 2452
f 2743 2663 2746
f 2744 2608 2664
f 2609 2750 2666
f 2604 2599 2606
f 2605 2597 2601
f 2393 2600 2389
f 2668 2762 2669
f 2764 2670 2765
f 2771 2772 2672
f 2671 2773 2674
f 2371 2673 2369
f 2774 2775 2675
f 2676 2776 2678
f 2781 2677 2777
f 2680 2681 2353
f 2793 2682 2794
f 2791 2587 2684
f 2683 2586 2592
f 2589 2795 2590
f 2685 2796 2797
f 2800 2687 2803
f 2799 2805 2690
f 2688 2806 2691
f 2809 2692 2807
f 2808 2810 2693
f 2818 2695 2694
f 2119 2697 2121
f 2828 2701 2698
f 2827 2700 2829
f 2831 2832 2704
f 2706 2838 2708
f 2227 2711 2226
f 2844 2714 2713
f 2845 2712 2843
f 2849 2584 2717
f 2863 2866 2622
f 2721 2722 2163
f 2724 2879 2880
f 2888 2628 2891
f 2629 2630 2561
f 2631 2634 2579
f 2895 2896 2635
f 2861 2859 2899
f 2790 2792 2900
f 2738 2736 2902
f 2562 2905 2906
f 2726 2904 2907
f 2730 2908 2731
f 2734 2909 2732
f 2903 2737 2621
f 2739 2910 2911
f 2914 2915 2620
f 2740 2918 2919
f 2742 2920 2748
f 2747 2921 2745
f 2749 2922 2751
f 2752 2924 2926
f 2755 2930 2754
f 2753 2928 2931
f 2756 2932 2757
f 2758 2935 2938
f 2759 2939 2940
f 2760 2941 2761
f 2607 2942 2602
f 2603 2943 2598
f 2763 2944 2945
f 2767 2948 2766
f 2594 2955 2596
f 2595 2954 2957
f 2768 2961 2769
f 2962 2963 2770
f 2780 2964 2778
f 2779 2965 2966
f 2783 2967 2782
f 2593 2968 2971
f 2784 2975 2786
f 2785 2976 2977
f 2787 2978 2981
f 2789 2982 2788
f 2588 2901 2984
f 2798 2985 2804
f 2802 2986 2801
f 2813 2987 2989
f 2812 2988 2811
f 2992 2994 2815
f 2814 2995 2996
f 2817 2997 2816
f 2819 3001 3002
f 2820 3004 2826
f 2825 3003 3005
f 2824 3006 3009
f 2823 3008 2822
f 2821 3007 3010
f 2830 3011 3012
f 2833 3017 3018
f 2834 3020 2836
f 2835 3022 2837
f 2840 3023 2839
f 2841 3024 3025
f 2842 3026 3027
f 2847 3030 2846
f 2848 3041 3042
f 2850 3043 3044
f 2585 3045 3046
f 2853 3047 2852
f 2851 3048 3049
f 3050 3052 2854
f 2855 3051 3053
f 2856 3055 3057
f 2857 3058 2858
f 2860 2898 2862
f 3059 3060 2865
f 2864 3061 2867
f 3063 2871 2868
f 2870 3064 2869
f 2872 3062 3065
f 2873 3067 2583
f 2874 3068 2876
f 2875 3069 2877
f 2878 3070 3071
f 3072 2649 2646
f 3073 2643 3074
f 3075 2641 3076
f 3077 2642 2639
f 3078 2640 3079
f 3080 2638 3082
f 3081 2637 2636
f 3083 2897 3084
f 3085 2894 2893
f 3086 2889 2890
f 3087 2892 2887
f 3088 2885 3089
f 3090 2886 2884
f 3091 2882 3093
f 3092 2883 2881
f 2913 2912 3105
f 3106 2917 2916
f 2923 3107 2925
f 2927 3109 2929
f 3110 2937 2936
f 3114 2947 2946
f 2949 3115 2950
f 2951 3117 2952
f 3118 2956 2953
f 2958 3120 2959
f 2960 3121 3123
f 2969 3127 3129
f 2970 3131 2972
f 2973 3130 2974
f 2980 2979 3132
f 2983 3135 3136
f 2990 3139 2991
f 3100 2993 3140
f 2998 3145 3146
f 3149 3016 3015
f 3153 3029 3028
f 3032 3155 3033
f 3159 3035 3034
f 3040 3167 3168
f 3177 3066 3178
f 3185 3094 3095
f 2555 3103 2072
f 3102 2528 3104
f 2481 3108 2482
f 2933 3113 2934
f 2474 3111 3112
f 2439 2435 3116
f 2432 3119 2433
f 3122 2411 3124
f 3101 2409 3125
f 3126 2382 3128
f 2376 3137 3133
f 2377 3134 2378
f 2339 3098 2346
f 2348 3138 2349
f 3099 2336 3141
f 2325 3142 2328
f 2326 2323 3143
f 2319 3144 2322
f 2999 3147 3000
f 3013 3148 3014
f 2294 3151 2295
f 2297 3150 2301
f 3019 3152 3021
f 3154 3156 3031
f 2265 3158 2270
f 2266 2261 3157
f 3036 3160 3037
f 3161 2253 3162
f 3038 3165 3039
f 2246 3097 3166
f 2247 3163 2249
f 2250 3164 2254
f 2225 2224 3169
f 3173 2220 3171
f 2218 3174 3170
f 2217 3172 2219
f 3054 3175 3056
f 2209 3176 2210
f 3179 2201 3181
f 2200 3096 3180
f 2187 3183 2190
f 2189 3184 3182
f 2162 2161 3186
f 3187 2159 3189
f 2153 3190 2158
f 2157 3188 2160
f 3191 2144 3192
f 3211 3208 3212
f 3215 3219 3222
f 3225 3227 3228
f 3234 3236 3237
f 3217 3198 3223
f 3224 3196 3199
f 3226 3242 3229
f 3238 3239 3259
f 3262 3264 3265
f 3210 3243 3261
f 3241 3270 3244
f 3213 3246 3218
f 3197 3245 3275
f 3206 3252 3250
f 3231 3251 3249
f 3207 3278 3277
f 3253 3279 3280
f 3281 3258 3203
f 3205 3257 3256
f 3202 3255 3201
f 3200 3254 3233
f 3204 3235 3282
f 3283 3232 3284
f 3285 3209 3230
f 3286 3247 3287
f 3288 3248 3214
f 3289 3216 3220
f 3290 3221 3291
f 3292 3294 3298
f 3297 3293 3299
f 3295 3300 3303
f 3322 3323 3260
f 3240 3324 3325
f 3326 3263 3266
f 3268 3328 3269
f 3271 3329 3330
f 3267 3331 3327
f 3332 3193 3333
f 3334 3194 3272
f 3304 3274 3335
f 3195 3336 3337
f 3352 3356 3353
f 3354 3355 3357
f 3359 3358 3360
f 3364 3362 3366
f 3367 3365 3368
f 3374 3371 3375
f 3372 3376 3377
f 3379 3380 3381
f 3382 3383 3386
f 3385 3384 3387
f 3389 3388 3390
f 3392 3391 3393
f 3394 3395 3398
f 3397 3396 3399
f 3400 3401 3402
f 3405 3406 3407
f 3408 3411 3413
f 3412 3410 3415
f 3417 3416 3418
f 3421 3423 3425
f 3426 3427 3428
f 3431 3433 3434
f 3438 3436 3439
f 3444 3446 3447
f 3450 3449 3452
f 3453 3451 3456
f 3454 3455 3457
f 3458 3459 3460
f 3461 3462 3463
f 3464 3465 3466
f 3467 3469 3470
f 3471 3468 3472
f 3477 3478 3475
f 3479 3474 3481
f 3484 3483 3485
f 3487 3486 3490
f 3488 3489 3491
f 3492 3493 3495
f 3496 3494 3499
f 3501 3498 3505
f 3502 3504 3506
f 3513 3512 3516
f 3514 3515 3517
f 3523 3521 3525
f 3531 3528 3533
f 3534 3532 3535
f 3537 3536 3538
f 3545 3544 3546
f 3551 3552 3553
f 3556 3557 3558
f 3559 3561 3564
f 3565 3562 3566
f 3568 3567 3570
f 3569 3571 3573
f 3574 3572 3575
f 3579 3578 3580
f 3507 3585 3587
f 3508 3588 3509
f 3511 3510 3589
f 3594 3593 3595
f 3598 3597 3599
f 3602 3603 3604
f 3607 3606 3608
f 3609 3605 3610
f 3612 3611 3613
f 3616 3614 3617
f 3618 3620 3615
f 3624 3625 3623
f 3627 3626 3628
f 3629 3630 3632
f 3631 3635 3636
f 3638 3633 3641
f 3637 3640 3339
f 3338 3639 3642
f 3644 3340 3645
f 3646 3648 3647
f 3652 3651 3653
f 3654 3655 3656
f 3657 3658 3659
f 3662 3661 3665
f 3660 3666 3664
f 3663 3667 3670
f 3669 3668 3671
f 3673 3674 3676
f 3681 3682 3684
f 3685 3686 3687
f 3688 3690 3691
f 3692 3693 3695
f 3697 3696 3698
f 3701 3700 3702
f 3704 3703 3705
f 3712 3710 3715
f 3713 3714 3719
f 3717 3716 3721
f 3718 3720 3722
f 3724 3723 3725
f 3726 3727 3728
f 3731 3729 3733
f 3735 3732 3736
f 3742 3743 3746
f 3750 3749 3751
f 3752 3753 3755
f 3756 3754 3758
f 3273 3276 3766
f 3785 3786 3782
f 3784 3783 3787
f 3792 3793 3789
f 3790 3794 3788
f 3795 3797 3791
f 3798 3801 3799
f 3800 3802 3796
f 3807 3809 3810
f 3811 3778 3806
f 3811 3781 3778
f 3811 3806 3781
f 3817 3819 3820
f 3829 3832 3834
f 3847 3770 3769
f 3851 3772 3845
f 3846 3773 3771
f 3853 3775 3774
f 3856 3808 3852
f 3843 3803 3857
f 3871 3780 3870
f 3872 3777 3776
f 3873 3874 3779
f 3741 3318 3317
f 3320 3740 3744
f 3319 3745 3321
f 3748 3316 3747
f 3757 3315 3314
f 3760 3306 3307
f 3759 3308 3309
f 3761 3311 3310
f 3305 3763 3764
f 3762 3313 3312
f 3708 3880 3707
f 3884 3706 3883
f 3889 3677 3678
f 3888 3679 3680
f 3649 3650 3842
f 3342 3895 3619
f 3898 3576 3577
f 3560 3563 3901
f 3555 3903 3554
f 3529 3905 3906
f 3530 3907 3527
f 3912 3524 3911
f 3910 3522 3526
f 3520 3913 3519
f 3927 3476 3480
f 3348 3928 3933
f 3935 3349 3473
f 3443 3939 3442
f 3420 3942 3419
f 3414 3944 3409
f 3369 3370 3950
f 3952 3351 3350
f 3875 3954 3955
f 3956 3876 3957
f 3877 3959 3879
f 3711 3878 3709
f 3881 3961 3965
f 3966 3882 3967
f 3984 3885 3985
f 3886 3835 3837
f 3887 3838 3675
f 3839 3833 3672
f 3988 3890 3989
f 3987 3827 3891
f 3993 3892 3991
f 3825 3999 3893
f 3894 4001 4002
f 3896 4015 4016
f 3897 4017 3899
f 4019 3900 4020
f 4023 3904 3902
f 3908 4032 3909
f 3914 4035 3916
f 4034 4036 3915
f 3917 4037 3918
f 4045 3921 4047
f 4048 3922 3919
f 4046 4050 3923
f 3920 4049 3924
f 3344 3925 3345
f 3926 4052 4053
f 4054 3841 4056
f 3346 3931 3347
f 4059 3930 4061
f 4060 3929 4058
f 3932 4062 3934
f 3936 4072 3937
f 3448 3938 3445
f 3424 4087 3422
f 4090 3943 3940
f 4093 3941 4088
f 3815 4098 3945
f 3946 4100 4101
f 3840 4117 4119
f 3947 4121 4125
f 3948 4124 3949
f 3378 3951 3373
f 3953 4136 4137
f 3844 4142 3849
f 4148 3848 4143
f 3850 4151 3855
f 4155 3854 4150
f 3804 3858 3805
f 4163 4164 3958
f 4165 4166 3962
f 3960 4168 3963
f 3964 4167 3968
f 4169 4171 3970
f 3969 4170 4172
f 3971 4174 4176
f 3972 4178 4180
f 3973 4181 3975
f 4179 4182 3974
f 3976 4183 3977
f 3979 4184 3978
f 3980 4187 3981
f 3983 4188 3982
f 3836 4189 3830
f 3831 4190 4191
f 3990 4192 4193
f 3986 4194 3826
f 3828 4195 4196
f 3992 4197 4198
f 3995 4201 4202
f 3994 4203 4205
f 3996 4206 4208
f 3998 4213 3997
f 4000 4214 4215
f 4003 4216 4217
f 3821 4218 3823
f 3824 4219 4221
f 3822 4220 3818
f 4004 4222 4005
f 4006 4223 4224
f 4007 4227 4228
f 4008 4229 4009
f 4010 4235 4012
f 4011 4236 4013
f 4237 4238 4014
f 4021 4240 4018
f 4022 4241 4242
f 4024 4243 4244
f 4025 4245 4246
f 4026 4247 4028
f 4027 4248 4250
f 4031 4252 4029
f 4030 4253 4254
f 4033 4256 4257
f 4258 4259 4038
f 3816 4260 4039
f 4041 4263 4040
f 4043 4267 4269
f 4044 4268 4042
f 4051 4272 4273
f 4057 4274 4055
f 4063 4277 4064
f 4066 4282 4065
f 4067 4285 4068
f 4070 4286 4069
f 4287 4288 4071
f 4073 4289 4074
f 4075 4290 4076
f 4078 4291 4292
f 4077 4294 4082
f 4293 4295 4083
f 4085 4296 4297
f 4084 4298 4081
f 4080 4299 4079
f 4086 4300 4301
f 4095 4305 4306
f 4094 4308 4092
f 4091 4307 4089
f 4097 4309 4310
f 4096 4311 4312
f 3813 4313 3814
f 4099 4314 4315
f 4316 4318 4103
f 4104 4317 4319
f 4105 4320 4102
f 4111 4322 4324
f 4112 4323 4110
f 4109 4326 4106
f 4108 4325 4327
f 4107 4329 4113
f 4114 4328 4331
f 4116 4333 4115
f 4118 4337 4120
f 4123 4338 4339
f 4122 4340 4126
f 4341 4128 4127
f 4343 4344 3812
f 4345 4346 4129
f 4130 4350 4131
f 4352 3869 3867
f 4353 3868 3865
f 4354 3866 3864
f 4355 3863 3862
f 4356 3860 3861
f 4359 3859 4362
f 4360 4157 4365
f 4366 4154 4367
f 4368 4153 4156
f 4369 4152 4145
f 4370 4146 4371
f 4372 4147 4149
f 4373 4144 4374
f 4376 4141 4140
f 4375 4139 4377
f 4378 4138 4379
f 4381 4133 4134
f 4380 4135 4382
f 4388 4132 4351
f 3767 3296 3302
f 3768 3301 3765
f 4175 4404 4177
f 4407 4186 4185
f 4199 4408 4200
f 4399 4204 4411
f 4212 4211 4412
f 4413 4210 4415
f 4418 4226 4225
f 4234 4233 4424
f 4423 4232 4231
f 4397 4239 4427
f 4433 4249 4432
f 4160 4439 4162
f 4161 4441 4255
f 4261 4442 4262
f 4394 4264 4444
f 4265 4446 4266
f 4270 4448 4271
f 4275 4454 4276
f 4278 4455 4456
f 4279 4460 4461
f 4462 4284 4283
f 4463 4281 4280
f 4302 4464 4465
f 4466 4304 4303
f 4330 4471 4332
f 4159 4336 4474
f 4472 4335 4334
f 4484 4349 4348
f 4387 4485 4385
f 4389 4383 4486
f 4487 4384 4386
f 4357 4358 4490
f 4491 4361 4489
f 4488 4363 4364
f 3739 4401 4400
f 4402 4403 4173
f 3737 4405 3738
f 3730 4406 3734
f 4409 3699 4410
f 3694 3689 4398
f 4207 4416 4209
f 4414 3683 4417
f 4419 3643 4422
f 4420 4421 4230
f 4425 3634 4426
f 3341 4395 3622
f 3621 4396 4428
f 3600 4429 3601
f 3596 3592 4430
f 4431 3591 3590
f 4434 4435 4251
f 3583 4438 4437
f 3584 4436 3586
f 3581 4440 3582
f 3549 4392 4445
f 3548 4443 3550
f 4393 3547 4447
f 3543 3540 4449
f 4450 3541 4452
f 3539 4451 3542
f 4391 3518 4453
f 3503 3500 4457
f 4458 3497 4459
f 3343 4390 3482
f 3441 3440 4468
f 4467 4469 4321
f 3435 4470 3437
f 3432 4475 4473
f 3430 3429 4476
f 4477 4478 4158
f 4479 4480 4342
f 3403 4482 3404
f 4481 4483 4347
f 3361 4492 3363
f 4494 4496 4498
f 4505 4507 4508
f 4511 4512 4513
f 4518 4520 4523
f 4522 4524 4525
f 4515 4506 4526
f 4528 4527 4529
f 4536 4537 4539
f 4517 4541 4538
f 4540 4542 4535
f 4510 4516 4551
f 4533 4557 4559
f 4534 4560 4561
f 4499 4563 4495
f 4509 4543 4504
f 4566 4567 4569
f 4501 4547 4546
f 4502 4545 4500
f 4530 4572 4573
f 4503 4574 4571
f 4575 4514 4576
f 4577 4519 4521
f 4578 4581 4579
f 4583 4585 4586
f 4590 4591 4592
f 4603 4601 4604
f 4595 4605 4594
f 4607 4608 4609
f 4565 4611 4568
f 4570 4613 4612
f 4549 4624 4548
f 4532 4627 4531
f 4550 4629 4630
f 4628 4552 4631
f 4632 4553 4633
f 4610 4562 4635
f 4493 4636 4637
f 4497 4638 4554
f 4555 4639 4556
f 4558 4640 4634
f 4642 4643 4645
f 4651 4652 4654
f 4661 4662 4663
f 4667 4666 4668
f 4671 4669 4672
f 4670 4673 4675
f 4677 4679 4681
f 4680 4678 4682
f 4684 4683 4686
f 4688 4689 4690
f 4693 4692 4694
f 4698 4699 4700
f 4702 4701 4703
f 4705 4704 4707
f 4709 4708 4711
f 4710 4712 4713
f 4714 4715 4716
f 4719 4718 4720
f 4721 4722 4724
f 4723 4725 4726
f 4729 4730 4731
f 4739 4738 4740
f 4744 4743 4745
f 4748 4749 4751
f 4755 4753 4756
f 4759 4758 4760
f 4762 4763 4764
f 4768 4767 4770
f 4773 4775 4777
f 4780 4781 4782
f 4784 4786 4787
f 4790 4789 4792
f 4793 4791 4794
f 4802 4800 4803
f 4801 4804 4656
f 4655 4657 4653
f 4809 4810 4811
f 4813 4812 4814
f 4815 4816 4817
f 4818 4819 4820
f 4822 4821 4823
f 4826 4827 4828
f 4833 4832 4835
f 4836 4834 4838
f 4840 4839 4843
f 4846 4845 4847
f 4849 4848 4850
f 4852 4851 4854
f 4859 4857 4861
f 4858 4860 4862
f 4864 4863 4865
f 4867 4868 4870
f 4874 4872 4875
f 4876 4878 4881
f 4879 4877 4884
f 4880 4882 4885
f 4886 4883 4887
f 4888 4889 4891
f 4894 4895 4896
f 4898 4897 4899
f 4900 4901 4902
f 4903 4904 4905
f 4908 4909 4910
f 4913 4912 4916
f 4917 4914 4920
f 4922 4923 4924
f 4926 4925 4927
f 4928 4929 4930
f 4931 4933 4935
f 4937 4934 4940
f 4936 4941 4944
f 4945 4942 4946
f 4947 4949 4951
f 4950 4948 4952
f 4958 4960 4961
f 4963 4964 4965
f 4641 4969 4971
f 4973 4972 4974
f 4979 4982 4981
f 4984 4987 4988
f 4991 4989 4993
f 4995 4994 4996
f 5006 5005 5007
f 5009 5010 5012
f 5014 5015 5017
f 5016 5018 5019
f 5021 5022 5023
f 5026 5024 5027
f 5030 5029 5033
f 5034 5032 5035
f 5036 5037 5038
f 5039 5040 5041
f 5042 5043 5044
f 5047 5046 5049
f 5050 5048 5052
f 5053 5051 5054
f 5055 5057 5058
f 5064 5062 5065
f 5063 5066 5067
f 5069 5068 5070
f 5073 5072 5074
f 5075 5077 5080
f 5079 5078 5084
f 5087 5088 5091
f 5090 5089 5092
f 5105 4564 4544
f 5112 5111 5113
f 5116 5115 5117
f 5123 5122 5124
f 5126 5128 5125
f 5129 5127 5130
f 5131 5132 5133
f 5135 5136 5134
f 5167 5170 5172
f 4695 4696 5188
f 5189 4648 5191
f 4954 4955 5162
f 4975 4977 5193
f 4990 4992 5178
f 5140 5139 5195
f 5196 5110 5109
f 5199 5145 5144
f 5202 5142 5141
f 5205 5138 5137
f 5121 5218 5219
f 5221 4626 5220
f 5082 4623 4622
f 5083 4621 4619
f 5081 4620 5076
f 4625 5085 4616
f 5086 4618 4617
f 5094 4615 5093
f 5096 4614 5095
f 5031 5225 5226
f 5028 5227 5025
f 4976 4978 5194
f 4953 5234 4646
f 4943 5238 4939
f 4938 5240 4932
f 4893 5250 5251
f 4853 5256 5258
f 4842 4844 5262
f 4837 5263 5265
f 5272 5275 4647
f 5274 4805 4806
f 4798 4799 5278
f 4774 4776 5284
f 4772 5287 4771
f 4769 5288 4766
f 4752 5301 4750
f 4727 5303 5304
f 4717 5305 5306
f 5310 4685 4687
f 4674 4676 5313
f 4659 4658 5321
f 5320 4660 5322
f 5222 5323 5324
f 5223 5325 5326
f 5336 5224 5333
f 5346 5228 5345
f 5347 5230 5349
f 5348 5181 5229
f 5176 5350 5179
f 5231 5173 4986
f 4985 5174 4983
f 5175 5232 4980
f 5360 5233 5356
f 5367 5368 5235
f 5236 5369 5237
f 5160 5157 5161
f 5239 5372 5373
f 5375 5243 5377
f 5376 5241 5378
f 5242 5379 5244
f 5382 5246 5245
f 5383 5384 5247
f 5385 5248 5386
f 5389 5253 5390
f 5391 5249 5387
f 5388 5392 5252
f 4892 5254 4890
f 4856 5257 4855
f 5255 5400 5401
f 5406 5260 5259
f 5261 5264 4841
f 5266 5414 5268
f 5267 5269 4831
f 4830 5270 4829
f 5271 5417 5418
f 5273 5427 5192
f 5428 5430 5190
f 4649 5276 4650
f 5432 5277 5433
f 5434 5279 5280
f 5281 5441 5283
f 5442 5282 5443
f 5445 5291 5447
f 5448 5285 5450
f 5449 5286 5444
f 5289 5452 5294
f 5290 5293 4765
f 5454 5295 5456
f 5292 5297 4761
f 5460 5296 5457
f 4757 5298 4754
f 5461 5300 5299
f 5302 5467 4728
f 5488 5307 5489
f 5187 5490 5309
f 5186 5308 4691
f 5311 5491 5312
f 5497 5314 5317
f 5496 5316 5499
f 5315 5501 5318
f 5502 5319 5503
f 5515 5198 5197
f 5201 5521 5204
f 5200 5203 5143
f 5525 5526 5397
f 5529 5530 5118
f 5119 5531 5120
f 5114 5532 5533
f 5331 5535 5329
f 5536 5332 5328
f 5330 5534 5327
f 5335 5537 5334
f 5337 5538 5539
f 5338 5544 5185
f 5183 5550 5184
f 5339 5555 5557
f 5340 5556 5341
f 5342 5559 5561
f 5343 5563 5344
f 5180 5565 5182
f 5177 5566 5352
f 5351 5567 5354
f 5353 5569 5168
f 5169 5568 5570
f 5171 5571 5355
f 5358 5572 5574
f 5359 5573 5357
f 5361 5575 5362
f 5364 5578 5363
f 5365 5579 5366
f 5164 5580 5165
f 5166 5583 5163
f 5159 5588 5589
f 5158 5590 5370
f 5371 5591 5374
f 5380 5592 5593
f 5381 5594 5595
f 5154 5598 5155
f 5156 5599 5600
f 5153 5601 5602
f 5393 5607 5608
f 5395 5610 5394
f 5528 5398 5396
f 5152 5614 5399
f 5402 5615 5616
f 5403 5617 5409
f 5407 5618 5620
f 5408 5619 5404
f 5405 5622 5411
f 5410 5621 5623
f 5412 5624 5626
f 5625 5627 5413
f 5415 5628 5416
f 5420 5633 5419
f 5151 5635 5637
f 5636 5638 5421
f 5422 5640 5423
f 5424 5642 5643
f 5425 5646 5426
f 5429 5647 5649
f 5431 5648 5650
f 5436 5651 5435
f 5437 5656 5658
f 5438 5661 5440
f 5439 5666 5667
f 5669 5670 5446
f 5451 5671 5455
f 5453 5672 5673
f 5459 5674 5675
f 5458 5676 5677
f 5463 5678 5462
f 5150 5680 5682
f 5149 5681 5464
f 5466 5684 5687
f 5465 5688 5689
f 5468 5690 5691
f 5469 5692 5470
f 5471 5693 5473
f 5474 5694 5695
f 5472 5696 5147
f 5146 5697 5148
f 5475 5698 5699
f 5476 5700 5477
f 5480 5701 5702
f 5481 5703 5479
f 5478 5704 5705
f 5482 5707 5484
f 5483 5709 5485
f 5486 5712 5713
f 5524 5487 5715
f 5495 5719 5494
f 5493 5718 5720
f 5492 5721 5717
f 5500 5722 5498
f 5723 5724 5504
f 5725 5726 5506
f 5505 5727 5507
f 5730 5217 5215
f 5731 5216 5214
f 5732 5213 5212
f 5734 5211 5209
f 5737 5210 5206
f 5739 5207 5208
f 5740 5523 5741
f 5746 5522 5747
f 5749 5517 5519
f 5748 5518 5751
f 5750 5520 5752
f 5753 5513 5754
f 5755 5514 5516
f 5757 5512 5511
f 5759 5509 5761
f 5763 5510 5508
f 5107 5108 5774
f 5104 4597 5101
f 4596 4606 5100
f 4589 4593 5106
f 5102 4602 4600
f 5103 4599 4598
f 4588 5099 5097
f 5775 4580 4582
f 5778 5541 5540
f 5549 5547 5783
f 5782 5546 5545
f 5551 5786 5553
f 5789 5558 5554
f 5790 5562 5560
f 5798 5577 5576
f 5586 5582 5805
f 5807 5584 5581
f 5596 5811 5597
f 5605 5821 5606
f 5609 5822 5823
f 5527 5830 5832
f 5631 5835 5632
f 5839 5641 5639
f 5840 5645 5644
f 5844 5654 5842
f 5843 5653 5652
f 5662 5660 5846
f 5845 5659 5848
f 5663 5849 5664
f 5665 5850 5851
f 5679 5858 5859
f 5768 5686 5864
f 5863 5685 5683
f 5873 5716 5714
f 5880 5760 5762
f 5758 5881 5756
f 5883 5742 5743
f 5736 5884 5733
f 5729 5890 5728
f 5098 4584 4587
f 5776 5071 5777
f 5542 5779 5543
f 5061 5781 5780
f 5784 5059 5787
f 5548 5785 5552
f 5060 5056 5788
f 5045 5791 5792
f 5793 5794 5564
f 5795 5020 5796
f 5013 5799 5797
f 5011 5008 5800
f 5003 5801 5004
f 5000 5804 5803
f 5001 5802 5002
f 4999 4998 5806
f 5585 5809 5587
f 4997 5810 5808
f 4970 4968 5812
f 5603 5814 5604
f 4966 5813 4967
f 5815 4957 5816
f 4644 5819 5817
f 4962 5818 4959
f 5773 4956 5820
f 4919 5824 4921
f 4918 4915 5826
f 5825 5827 5612
f 5611 5828 5613
f 4911 5831 5829
f 4906 5833 4907
f 5629 5834 5630
f 5772 5837 5634
f 4871 5836 4873
f 4869 4866 5838
f 4824 5841 4825
f 5655 5847 5657
f 5852 4808 5770
f 5853 5771 5668
f 4807 5855 5854
f 4796 5856 4797
f 4795 5860 5857
f 4788 4785 5861
f 4783 5769 5862
f 4778 5865 4779
f 5866 4747 4746
f 5706 5867 5708
f 4741 5868 4742
f 5710 5869 5711
f 4737 5871 5870
f 4736 4734 5874
f 5872 4735 5876
f 4732 5875 4733
f 4706 5767 5877
f 5766 5878 5764
f 4697 5765 5879
f 5745 5882 5744
f 5738 5885 5735
f 4664 5889 5888
f 4665 5887 5886
f 5893 5892 5891
f 5899 5902 5900
f 5901 5903 5904
f 5907 5910 5908
f 5905 5909 5906
f 5912 5913 5911
f 5916 5914 5915
f 5917 5895 5894
f 5919 5918 5920
f 5920 5918 5917
f 5920 5917 5921
f 5921 5917 5894
f 5924 5896 5922
f 5898 5897 5923
f 5928 5930 5929
f 5928 5931 5930
f 5929 5931 5928
f 5932 5926 5925
f 5925 5927 5932
f 5932 5927 5926
f 5970 5933 5971
f 5972 5940 5934
f 5955 5956 5946
f 5945 5959 5960
f 5974 5975 5976
f 5977 5948 5943
f 5954 5978 5979
f 5980 5981 5982
f 5983 5951 5950
f 5949 5985 5986
f 5952 5987 5988
f 5973 5989 5984
f 5991 5939 5990
f 5995 5996 5998
f 6001 6002 6003
f 6005 6006 6007
f 6009 6008 6010
f 6019 6018 6020
f 6022 6024 6027
f 6029 6017 6030
f 6031 6014 6021
f 6016 6015 6023
f 6025 6013 6011
f 6026 6012 6028
f 6032 6000 5999
f 6004 5994 5997
f 6037 6039 6040
f 6046 6048 6037
f 6046 6037 6047
f 6047 6037 6040
f 6034 6045 6049
f 6036 6048 6046
f 6036 6046 6047
f 6036 6047 6035
f 6035 6047 6040
f 6035 6040 6039
f 6034 6033 6045
f 6033 6049 6045
f 6071 6070 6072
f 6081 6080 6079
f 6083 6084 6086
f 6094 6095 6096
f 6105 6104 6102
f 6106 6109 6107
f 6110 6109 6106
f 6110 6106 6107
f 6095 6094 6112
f 6112 6094 6113
f 6112 6113 6114
f 6115 6125 6127
f 6117 6127 6118
f 6117 6118 6120
f 6121 6099 6105
f 6129 6093 6073
f 6130 6087 6131
f 6134 6068 6135
f 6087 6134 6131
f 6133 6085 6136
f 6068 6138 6137
f 6068 6137 6135
f 6068 6069 6138
f 6136 6132 6077
f 6078 6139 6073
f 6069 6136 6124
f 6069 6124 6076
f 6076 6098 6069
f 6132 6139 6078
f 6139 6132 6073
f 6141 6091 6090
f 6090 6058 6057
f 6090 6057 6141
f 6053 6056 6142
f 6142 6055 6143
f 6128 6052 6051
f 6075 6050 6097
f 6093 6129 6099
f 6100 6099 6121
f 6100 6121 6105
f 6073 6099 6129
f 6123 6076 6124
f 6050 6122 6097
f 6097 6122 6075
f 6075 6122 6136
f 6099 6074 6140
f 6140 6074 6067
f 6140 6067 6099
f 6099 6067 6147
f 6099 6147 6105
f 6085 6133 6082
f 6082 6133 6136
f 6136 6122 6124
f 6124 6122 6123
f 6067 6130 6147
f 6147 6130 6148
f 6147 6148 6149
f 6147 6149 6150
f 6147 6150 6151
f 6147 6151 6105
f 6105 6151 6152
f 6105 6152 6153
f 6105 6153 6104
f 6104 6153 6120
f 6104 6120 6102
f 6102 6120 6118
f 6127 6125 6126
f 6126 6125 6115
f 6063 6062 6113
f 6113 6062 6141
f 6113 6141 6114
f 6114 6141 6057
f 6059 6143 6141
f 6059 6141 6060
f 6060 6141 6062
f 6060 6062 6061
f 6094 6066 6089
f 6094 6089 6113
f 6143 6065 6142
f 6113 6088 6143
f 6064 6094 6142
f 6142 6094 6096
f 6142 6096 6053
f 6053 6096 6092
f 6054 6092 6143
f 6098 6076 6157
f 6098 6157 6069
f 6069 6157 6158
f 6069 6158 6138
f 6138 6158 6159
f 6138 6159 6137
f 6137 6159 6160
f 6137 6160 6135
f 6135 6160 6161
f 6135 6161 6134
f 6134 6161 6162
f 6134 6162 6131
f 6131 6162 6163
f 6131 6163 6130
f 6130 6163 6164
f 6130 6164 6148
f 6148 6164 6165
f 6148 6165 6149
f 6149 6165 6166
f 6149 6166 6150
f 6150 6166 6167
f 6150 6167 6151
f 6151 6167 6168
f 6151 6168 6152
f 6152 6168 6169
f 6152 6169 6153
f 6153 6169 6170
f 6153 6170 6120
f 6120 6170 6117
f 6156 6043 6146
f 6146 6043 6042
f 6146 6042 6145
f 6043 6156 6155
f 6043 6155 6044
f 6044 6155 6154
f 6111 6041 6108
f 6108 6041 6038
f 6111 6101 6041
f 6041 6101 6103
f 6041 6103 6119
f 6119 6116 6041
f 6041 6116 6144
f 5947 5936 6172
f 5968 5967 6174
f 5966 5965 5941
f 5964 5938 5963
f 5993 5992 5937
f 5935 5969 6173
f 5944 5958 5957
f 5962 5961 6175
f 5942 6171 5953
f 6187 6190 6191
f 6202 6204 6205
f 6213 6214 6216
f 6203 6218 6220
f 6224 6226 6229
f 6222 6233 6234
f 6240 6241 6227
f 6239 6242 6238
f 6228 6243 6244
f 6245 6250 6256
f 6252 6259 6254
f 6253 6257 6260
f 6255 6261 6262
f 6184 6263 6264
f 6273 6268 6274
f 6247 6275 6276
f 6277 6269 6265
f 6271 6183 6186
f 6270 6185 6280
f 6295 6294 6296
f 6305 6193 6304
f 6302 6194 6307
f 6308 6309 6303
f 6314 6312 6293
f 6318 6285 6288
f 6334 6333 6332
f 6335 6336 6338
f 6339 6340 6337
f 6337 6340 6341
f 6339 6342 6340
f 6346 6348 6349
f 6350 6347 6351
f 6352 6345 6353
f 6354 6343 6365
f 6365 6367 6354
f 6367 6343 6354
f 6373 6374 6376
f 6384 6382 6379
f 6385 6378 6387
f 6381 6389 6390
f 6380 6391 6386
f 6405 6407 6408
f 6409 6410 6411
f 6402 6416 6182
f 6412 6417 6415
f 6414 6418 6419
f 6413 6420 6422
f 6423 6421 6425
f 6426 6406 6424
f 6427 6375 6428
f 6434 6393 6331
f 6439 6442 6443
f 6444 6441 6446
f 6445 6447 6436
f 6437 6448 6435
f 6449 6450 6438
f 6440 6451 6453
f 6178 6460 6461
f 6395 6394 6464
f 6473 6459 6476
f 6377 6383 6471
f 6466 6484 6483
f 6480 6485 6487
f 6481 6488 6478
f 6479 6490 6477
f 6470 6472 6474
f 6176 6475 6177
f 6486 6462 6489
f 6357 6458 6492
f 6491 6457 6468
f 6463 6469 6467
f 6388 6465 6482
f 6493 6368 6494
f 6494 6368 6369
f 6493 6364 6368
f 6501 6503 6504
f 6505 6502 6506
f 6510 6511 6509
f 6516 6515 6517
f 6522 6523 6530
f 6530 6539 6522
f 6522 6539 6523
f 6542 6544 6546
f 6543 6545 6547
f 6549 6550 6551
f 6552 6553 6554
f 6557 6558 6561
f 6556 6560 6562
f 6563 6564 6565
f 6559 6566 6555
f 6571 6569 6572
f 6570 6573 6568
f 6576 6575 6577
f 6574 6578 6579
f 6582 6583 6584
f 6548 6585 6541
f 6588 6587 6316
f 6521 6596 6597
f 6594 6599 6592
f 6595 6591 6593
f 6605 6606 6604
f 6603 6607 6600
f 6602 6601 6598
f 6609 6612 6608
f 6520 6610 6611
f 6615 6613 6614
f 6619 6620 6567
f 6618 6616 6617
f 6622 6621 6623
f 6519 6624 6625
f 6627 6629 6630
f 6631 6632 6633
f 6628 6626 6634
f 6635 6636 6637
f 6638 6640 6540
f 6639 6641 6642
f 6645 6644 6646
f 6651 6650 6652
f 6653 6643 6654
f 6656 6657 6661
f 6660 6658 6664
f 6195 6198 6665
f 6306 6662 6668
f 6310 6669 6670
f 6659 6666 6667
f 6673 6674 6680
f 6681 6675 6682
f 6677 6685 6688
f 6686 6297 6678
f 6679 6301 6671
f 6672 6300 6299
f 6455 6691 6683
f 6456 6676 6452
f 6684 6692 6687
f 6689 6693 6298
f 6454 6538 6690
f 6700 6696 6694
f 6699 6695 6697
f 6701 6702 6703
f 6703 6702 6705
f 6698 6315 6292
f 6313 6704 6706
f 6313 6706 6311
f 6708 6707 6710
f 6709 6711 6518
f 6714 6514 6513
f 6718 6716 6717
f 6712 6719 6713
f 6344 6715 6512
f 6647 6648 6720
f 6649 6724 6725
f 6723 6726 6722
f 6728 6721 6729
f 6730 6727 6732
f 6733 6731 6734
f 6737 6736 6735
f 6741 6742 6581
f 6740 6738 6744
f 6532 6531 6739
f 6739 6531 6743
f 6286 6317 6745
f 6746 6533 6498
f 6287 6284 6751
f 6748 6753 6749
f 6750 6754 6755
f 6759 6500 6497
f 6246 6762 6248
f 6761 6764 6766
f 6507 6770 6508
f 6772 6278 6266
f 6773 6267 6771
f 6767 6272 6279
f 6760 6768 6776
f 6774 6769 6281
f 6777 6775 6282
f 6756 6283 6290
f 6757 6291 6289
f 6758 6752 6778
f 6499 6779 6747
f 6180 6785 6786
f 6179 6787 6783
f 6326 6789 6790
f 6792 6793 6328
f 6806 6808 6801
f 6812 6813 6815
f 6817 6818 6819
f 6824 6825 6820
f 6823 6822 6826
f 6830 6831 6832
f 6837 6836 6839
f 6840 6841 6838
f 6846 6847 6849
f 6848 6852 6854
f 6853 6855 6850
f 6851 6856 6842
f 6429 6857 6858
f 6431 6859 6860
f 6430 6861 6804
f 6845 6863 6862
f 6867 6868 6865
f 6871 6873 6870
f 6875 6877 6874
f 6883 6884 6876
f 6882 6872 6886
f 6887 6888 6889
f 6879 6878 6885
f 6322 6892 6893
f 6894 6897 6896
f 6324 6895 6898
f 6899 6323 6900
f 6891 6901 6902
f 6904 6905 6906
f 6908 6907 6909
f 6910 6319 6911
f 6914 6915 6321
f 6320 6916 6917
f 6866 6864 6918
f 6913 6919 6912
f 6816 6920 6814
f 6821 6921 6922
f 6829 6923 6827
f 6828 6924 6833
f 6844 6925 6843
f 6869 6927 6926
f 6802 6928 6807
f 6903 6881 6880
f 6931 6929 6933
f 6805 6934 6432
f 6433 6935 6930
f 6932 6936 6937
f 6325 6938 6890
f 6366 6942 6943
f 6355 6945 6356
f 6392 6946 6947
f 6799 6954 6791
f 6797 6955 6798
f 6958 6941 6940
f 6959 6949 6953
f 6957 6961 6956
f 6960 6952 6962
f 6796 6951 6795
f 6794 6950 6948
f 6967 6788 6968
f 6965 6963 6964
f 6969 6966 6970
f 6939 6973 6944
f 6495 6972 6496
f 6971 6974 6327
f 6975 6803 6976
f 6976 6803 6800
f 6981 6977 6982
f 6982 6977 6980
f 6782 6983 6780
f 6781 6988 6986
f 6403 6991 6404
f 6401 6992 6995
f 6784 6997 6999
f 7000 7004 7006
f 6987 7007 6994
f 6985 6993 6989
f 6984 6990 6181
f 6400 6399 7002
f 7001 6398 6397
f 7005 6396 7008
f 6978 7003 6998
f 6979 6996 6363
f 7009 7010 7011
f 7011 7012 6330
f 7011 6330 7009
f 7009 6330 6329
f 7017 7026 7027
f 7024 7028 7025
f 7029 6529 7030
f 7013 7033 7014
f 7032 7036 7037
f 7034 7038 7035
f 7016 7015 7031
f 7018 7039 7040
f 7019 7042 7020
f 7041 7044 7045
f 7043 6524 6525
f 7021 7046 7022
f 7047 6528 7048
f 7023 7049 7050
f 6589 6810 6811
f 6580 6809 6590
f 6586 6834 6835
f 7054 7051 7053
f 7053 7052 7054
f 7054 7052 7051
f 7066 6237 6236
f 7067 6235 7068
f 7069 6232 7071
f 7074 6231 7075
f 7077 6212 6211
f 7083 6215 7084
f 7085 6221 6219
f 7087 6217 6210
f 7090 6209 6208
f 7093 6207 6206
f 7094 6201 7097
f 7099 6200 7100
f 7102 6199 6230
f 7104 6225 7105
f 7103 7108 7101
f 7098 7109 7096
f 7095 7110 7111
f 7092 7114 7091
f 7089 7115 7088
f 7086 7118 7120
f 7082 7123 7080
f 7081 7124 7125
f 7079 7127 7078
f 7076 7128 7073
f 7072 7129 7131
f 7070 7130 7132
f 7106 7065 7107
f 7112 7062 7063
f 7113 7064 7060
f 7116 7061 7117
f 7119 7058 7121
f 7122 7059 7057
f 7126 7055 7056
f 7133 7134 7135
f 6361 6362 6371
f 6361 6371 6359
f 6359 6371 6372
f 6359 6372 6360
f 7156 7157 7158
f 7160 7144 7159
f 7151 7165 7166
f 6358 6370 7169
f 7168 7149 7167
f 7170 7178 7180
f 7171 7179 7175
f 7176 7181 7174
f 7183 7184 7182
f 7185 7164 7163
f 7186 7187 7188
f 6251 7189 6258
f 7172 7173 7191
f 7145 7193 7192
f 7143 7190 7177
f 6192 7204 6196
f 7205 7200 7202
f 7207 7201 7203
f 7206 7209 7199
f 7155 7154 7211
f 7210 7153 7152
f 7213 6188 6223
f 7194 7215 7195
f 7196 7214 7197
f 7208 6189 7212
f 7198 6249 6763
f 6765 7216 7219
f 7218 7217 7220
f 7224 6197 7222
f 7225 7221 7226
f 7227 7228 7223
f 7233 7230 7235
f 7229 7232 6663
f 7237 6655 7236
f 7238 7234 7231
f 7241 7162 7242
f 6526 7240 6535
f 6534 7239 7243
f 6527 6537 7245
f 7244 6536 7246
f 7251 7250 7254
f 7252 7251 7253
f 7253 7251 7254
f 7253 7254 7255
f 7147 7256 7258
f 7148 7257 7259
f 7150 7260 7261
f 7263 7262 7264
f 7265 7161 7269
f 7266 7268 7267
f 7271 7249 7270
f 7247 7248 7272
f 7274 7141 7140
f 7275 7276 7277
f 7279 7273 7280
f 7138 7278 7139
f 7137 7284 7136
f 7281 7283 7286
f 7282 7285 7142
f 7146 7296 7300
f 7297 7306 7308
f 7298 7307 7299
f 7301 7294 7302
f 7303 7293 7292
f 7304 7295 7305
f 7309 7318 7319
f 7310 7321 7311
f 7312 7288 7314
f 7313 7287 7315
f 7316 7291 7290
f 7317 7289 7320
f 7323 7322 7324
f 7327 7326 7328
f 7325 7330 7329
f 7332 7331 7333
f 7334 7332 7335
f 7335 7332 7333
f 7335 7333 7336
f 7341 7337 7342
f 7340 7350 7338
f 7355 7356 7357
f 7358 7359 7351
f 7349 7339 7352
f 7343 7371 7344
f 7376 7375 7378
f 7377 7380 7374
f 7379 7381 7382
f 7383 7385 7387
f 7384 7392 7386
f 7391 7367 7366
f 7388 7365 7364
f 7389 7368 7346
f 7390 7347 7372
f 7373 7348 7345
f 7393 7353 7354
f 7395 7360 7361
f 7396 7363 7362
f 7394 7370 7369
f 7397 7399 7398
f 7408 7437 7409
f 7410 7436 7438
f 7411 7439 7412
f 7401 7440 7402
f 7403 7441 7414
f 7413 7442 7443
f 7406 7444 7407
f 7445 7425 7423
f 7447 7424 7419
f 7446 7418 7448
f 7449 7420 7451
f 7450 7421 7417
f 7452 7422 7453
f 7405 7454 7455
f 7457 7459 7426
f 7461 7460 7462
f 7463 7465 7466
f 7468 7470 7471
f 7472 7473 7469
f 7467 7474 7464
f 7456 7400 7458
f 7415 7503 7416
f 7505 7492 7480
f 7506 7479 7504
f 7508 7481 7483
f 7507 7482 7509
f 7510 7484 7478
f 7502 7477 7476
f 7501 7404 7500
f 7515 7518 7516
f 7520 7521 7517
f 7526 7527 7523
f 7531 7530 7532
f 7536 7540 7537
f 7545 7547 7542
f 7544 7557 7549
f 7549 7557 7560
f 7565 7522 7519
f 7533 7534 7511
f 7554 7566 7556
f 7555 7567 7569
f 7558 7573 7559
f 7568 7561 7570
f 7571 7562 7563
f 7572 7564 7574
f 7578 7541 7577
f 7543 7548 7575
f 7576 7546 7581
f 7582 7551 7550
f 7579 7539 7538
f 7428 7580 7429
f 7583 7585 7586
f 7553 7552 7584
f 7589 7529 7528
f 7590 7525 7524
f 7513 7514 7593
f 7591 7427 7512
f 7592 7594 7430
f 7596 7535 7595
f 7432 7435 7433
f 7598 7602 7597
f 7603 7604 7605
f 7606 7608 7607
f 7611 7612 7613
f 7614 7431 7615
f 7617 7620 7621
f 7625 7616 7434
f 7623 7626 7627
f 7628 7619 7618
f 7600 7610 7630
f 7599 7629 7601
f 7634 7609 7635
f 7631 7636 7633
f 7632 7637 7638
f 7639 7643 7644
f 7641 7640 7642
f 7645 7647 7646
f 7657 7487 7486
f 7662 7499 7663
f 7661 7498 7497
f 7660 7496 7495
f 7669 7494 7493
f 7668 7485 7491
f 7664 7489 7666
f 7665 7490 7667
f 7671 7670 7672
f 7673 7674 7675
f 7488 7676 7678
f 7677 7475 7679
f 7685 7681 7680
f 7686 7659 7658
f 7587 7687 7688
f 7587 7688 7588
f 7622 7689 7624
f 7656 7692 7654
f 7693 7653 7655
f 7690 7650 7694
f 7695 7651 7652
f 7649 7691 7648
f 7683 7696 7682
f 7684 7697 7698
f 7704 7709 7711
f 7699 7710 7707
f 7700 7708 7701
f 7718 7719 7720
f 7726 7727 7728
f 7722 7730 7731
f 7733 7732 7734
f 7721 7736 7737
f 7740 7739 7741
f 7703 7702 7729
f 7743 7742 7744
f 7705 7717 7706
f 7755 7712 7757
f 7758 7713 7716
f 7714 7760 7761
f 7715 7762 7759
f 7763 7765 7764
f 7754 7766 7768
f 7756 7767 7753
f 7751 7770 7771
f 7774 7748 7752
f 7747 7773 7775
f 7779 7749 7776
f 7781 7745 7780
f 7784 7723 7782
f 7783 7724 7725
f 7738 7735 7785
f 7786 7778 7777
f 7787 7772 7769
f 7815 7822 7814
f 7750 7838 7746
f 7845 7846 7848
f 7858 7799 7859
f 7860 7798 7797
f 7861 7796 7795
f 7862 7802 7863
f 7864 7801 7865
f 7866 7804 7867
f 7868 7792 7869
f 7870 7800 7871
f 7793 7872 7803
f 7837 7805 7873
f 7874 7810 7809
f 7877 7794 7879
f 7878 7880 7881
f 7791 7790 7875
f 7876 7789 7788
f 7884 7851 7852
f 7885 7886 7853
f 7898 7897 7899
f 7903 7900 7901
f 7834 7808 7835
f 7836 7807 7806
f 7832 7818 7816
f 7813 7812 7829
f 7827 7811 7821
f 7828 7820 7824
f 7823 7819 7826
f 7825 7817 7833
f 7906 7891 7908
f 7830 7831 7909
f 7905 7895 7894
f 7907 7893 7892
f 7913 7914 7911
f 7912 7896 7916
f 7918 7887 7888
f 7915 7919 7910
f 7917 7890 7889
f 7847 7840 7850
f 7936 7937 7938
f 7933 7939 7934
f 7935 7928 7841
f 7930 7941 7931
f 7932 7940 7942
f 7849 7943 7854
f 7854 7943 7944
f 7839 7945 7929
f 7946 7948 7947
f 7842 7857 7855
f 7843 7856 7844
f 7926 7950 7927
f 7920 7951 7922
f 7921 7953 7923
f 7952 7925 7924
f 7954 7949 7955
f 7957 7956 7958
f 7882 7963 7883
f 7969 7965 7964
f 7971 7972 7970
f 7967 7973 7974
f 7966 7975 7968
f 7980 7979 7981
f 7984 7986 7989
f 7990 7988 7991
f 7977 7998 7976
f 7994 8000 7995
f 8001 7996 7997
f 8002 7982 7983
f 7987 7985 8003
f 8004 7993 7992
f 8008 8009 8010
f 8006 8011 8012
f 8005 8013 8007
f 7902 8014 7904
f 8016 7959 7962
f 8015 7961 7960
f 8017 7999 7978
f 8021 8018 8023
f 8021 8023 8024
f 8027 8026 8028
f 8029 8030 8031
f 8022 8025 8032
f 8037 8036 8040
f 8038 8041 8042
f 8046 8043 8039
f 8047 8035 8048
f 8049 8034 8033
f 8045 8050 8044
f 8056 8055 8057
f 8058 8054 8059
f 8086 8087 8088
f 8089 8090 8091
f 8092 8093 8094
f 8097 8096 8098
f 8100 8101 8102
f 8103 8104 8105
f 8115 8117 8119
f 8120 8121 8118
f 8109 8110 8111
f 8113 8122 8114
f 8108 8125 8127
f 8141 8143 8145
f 8144 8147 8149
f 8153 8154 8157
f 8159 8158 8160
f 8164 8162 8166
f 8169 8167 8170
f 8171 8142 8172
f 8173 8163 8168
f 8181 8180 8182
f 8185 8186 8190
f 8189 8192 8193
f 8071 8064 8080
f 8069 8194 8191
f 8179 8065 8184
f 8183 8063 8187
f 8188 8070 8068
f 8066 8135 8067
f 8081 8126 8124
f 8082 8123 8116
f 8128 8107 8106
f 8137 8178 8177
f 8176 8175 8138
f 8139 8174 8140
f 8136 8165 8161
f 8073 8156 8152
f 8072 8151 8076
f 8074 8079 8155
f 8133 8060 8061
f 8134 8062 8132
f 8129 8199 8131
f 8130 8200 8201
f 8083 8099 8084
f 8077 8150 8148
f 8075 8146 8078
f 8217 8198 8197
f 8220 8196 8195
f 8224 8213 8212
f 8215 8219 8206
f 8207 8085 8095
f 8205 8226 8209
f 8208 8225 8227
f 8214 8218 8216
f 8223 8231 8229
f 8233 8222 8221
f 8232 8228 8230
f 8202 8235 8203
f 8052 8234 8053
f 8051 8237 8239
f 8241 8243 8244
f 8246 8248 8250
f 8249 8247 8251
f 8253 8204 8210
f 8254 8211 8255
f 8242 8236 8238
f 8252 8240 8245
f 8257 8256 8258
f 8019 8261 8263
f 8020 8262 8264
f 8269 8271 8274
f 8283 8279 8285
f 8284 8286 8287
f 8288 8112 8289
f 8268 8267 8278
f 8282 8266 8291
f 8259 8260 8270
f 8272 8265 8290
f 8273 8280 8276
f 8275 8281 8277
f 8293 8292 8294
