v -0.032047 0.07826 0.029084
v -0.032053 0.078214 0.028682
v -0.032047 0.078335 0.028704
v -0.032007 0.078698 0.028769
v -0.032024 0.078641 0.028357
v -0.032007 0.078762 0.028375
v -0.031856 0.07163 0.038197
v -0.031894 0.071972 0.037929
v -0.031856 0.072019 0.038037
v -0.031606 0.067116 0.039615
v -0.031664 0.067552 0.039498
v -0.031606 0.067556 0.039608
v -0.031545 0.080146 0.027235
v -0.031606 0.080049 0.026792
v -0.031545 0.080157 0.026793
v -0.031104 0.080494 0.024036
v -0.031186 0.080306 0.023604
v -0.031104 0.080397 0.023583
v -0.030931 0.080819 0.024927
v -0.031019 0.080665 0.024477
v -0.03084 0.08087 0.028681
v -0.030931 0.080847 0.028204
v -0.03084 0.080954 0.025386
v -0.030931 0.080819 0.024927
v -0.030931 0.080751 0.024463
v -0.030931 0.078496 0.018849
v -0.030931 0.078223 0.018467
v -0.03084 0.074303 0.038578
v -0.03084 0.075094 0.038063
v -0.03084 0.078429 0.034755
v -0.03084 0.078697 0.034367
v -0.03084 0.078951 0.033969
v -0.03084 0.080473 0.030525
v -0.03084 0.08087 0.028681
v -0.03084 0.08093 0.028213
v -0.03084 0.080974 0.027743
v -0.03084 0.080954 0.025386
v -0.03084 0.080902 0.024917
v -0.03084 0.080406 0.022612
v -0.03084 0.080406 0.022612
v -0.03084 0.077704 0.017678
v -0.03084 0.077704 0.017678
v -0.03084 0.074504 0.014909
v -0.030747 0.069479 0.04046
v -0.030747 0.073516 0.039111
v -0.030747 0.075899 0.037558
v -0.030747 0.07761 0.035918
v -0.030747 0.079704 0.032763
v -0.030747 0.079903 0.032332
v -0.030747 0.079903 0.032332
v -0.030747 0.080088 0.031894
v -0.030747 0.080088 0.031894
v -0.030747 0.080257 0.031451
v -0.030747 0.080412 0.031002
v -0.030747 0.081083 0.027275
v -0.030747 0.081095 0.026801
v -0.030747 0.081095 0.026801
v -0.030747 0.081071 0.025851
v -0.030747 0.081071 0.025851
v -0.030747 0.080336 0.022137
v -0.030747 0.080336 0.022137
v -0.030747 0.077766 0.017626
v -0.03065 0.06807 0.040707
v -0.03065 0.06807 0.040707
v -0.03065 0.073123 0.039391
v -0.03065 0.076669 0.036994
v -0.03065 0.077014 0.036664
v -0.03065 0.077014 0.036664
v -0.03065 0.077014 0.036664
v -0.03065 0.077347 0.036322
v -0.03065 0.077347 0.036322
v -0.03065 0.080069 0.02122
v -0.03065 0.080069 0.02122
v -0.03065 0.063806 0.040344
v -0.03065 0.064741 0.040537
v -0.03065 0.065213 0.04061
v -0.030551 0.067596 0.040805
v -0.030551 0.067596 0.040805
v -0.030551 0.071824 0.040006
v -0.030551 0.072274 0.039839
v -0.030551 0.072497 0.013614
v -0.030551 0.068315 0.012601
v -0.030551 0.068315 0.012601
v -0.030551 0.068315 0.012601
v -0.030551 0.060224 0.039019
v -0.030551 0.066637 0.040805
v -0.03045 0.067116 0.040885
v -0.03045 0.072524 0.013549
v -0.03045 0.072524 0.013549
v -0.03045 0.061047 0.039523
v -0.03045 0.066634 0.040876
v -0.030346 0.057964 0.015733
v -0.030346 0.054839 0.019407
v -0.030346 0.053117 0.023913
v -0.030346 0.053031 0.02439
v -0.030346 0.06146 0.039783
v -0.03024 0.061435 0.039842
v -0.030132 0.053853 0.021089
v -0.030132 0.053504 0.022002
v -0.030022 0.053801 0.021067
v -0.030022 0.053801 0.021067
v -0.030022 0.053618 0.021522
v -0.02991 0.053752 0.021046
v -0.02991 0.052613 0.026805
v -0.02991 0.053658 0.03209
v -0.029682 0.067116 0.04128
v -0.029682 0.067612 0.041272
v -0.029682 0.069584 0.04107
v -0.029682 0.071034 0.040745
v -0.029682 0.072444 0.040273
v -0.029682 0.074665 0.039177
v -0.029682 0.075085 0.038914
v -0.029682 0.075495 0.038636
v -0.029682 0.075896 0.038345
v -0.029682 0.076287 0.03804
v -0.029682 0.076668 0.037722
v -0.029682 0.077037 0.037391
v -0.029682 0.077741 0.036693
v -0.029682 0.078396 0.035949
v -0.029682 0.078704 0.035561
v -0.029682 0.078999 0.035162
v -0.029682 0.07928 0.034754
v -0.029682 0.079547 0.034336
v -0.029682 0.080038 0.033475
v -0.029682 0.080261 0.033032
v -0.029682 0.080469 0.032582
v -0.029682 0.080662 0.032125
v -0.029682 0.081146 0.030719
v -0.029682 0.081146 0.030719
v -0.029682 0.081387 0.029757
v -0.029682 0.081483 0.029271
v -0.029682 0.081483 0.029271
v -0.029682 0.081563 0.028782
v -0.029682 0.081626 0.02829
v -0.029682 0.081672 0.027796
v -0.029682 0.081702 0.027301
v -0.029682 0.081714 0.026806
v -0.029682 0.08171 0.02631
v -0.029682 0.081689 0.025815
v -0.029682 0.081212 0.022884
v -0.029682 0.081075 0.022407
v -0.029682 0.080922 0.021936
v -0.029682 0.080753 0.02147
v -0.029682 0.080753 0.02147
v -0.029682 0.080568 0.02101
v -0.029682 0.080367 0.020556
v -0.029682 0.080152 0.02011
v -0.029682 0.079921 0.019671
v -0.029682 0.079921 0.019671
v -0.029682 0.079416 0.018818
v -0.029682 0.078853 0.018001
v -0.029682 0.078552 0.017608
v -0.029682 0.07791 0.016852
v -0.029682 0.072674 0.013183
v -0.029682 0.061103 0.013379
v -0.029682 0.060655 0.013591
v -0.029682 0.057015 0.016142
v -0.029682 0.056663 0.016492
v -0.029682 0.055379 0.018001
v -0.029682 0.054557 0.01924
v -0.029682 0.053865 0.020556
v -0.029682 0.053665 0.02101
v -0.029682 0.052544 0.025815
v -0.029682 0.052523 0.02631
v -0.029682 0.052518 0.026806
v -0.029682 0.052958 0.03024
v -0.029682 0.064649 0.04107
v -0.029682 0.065139 0.041146
v -0.029447 0.07554 0.038701
v -0.029565 0.075921 0.038378
v -0.029447 0.075944 0.038408
v -0.034778 0.055937 0.026967
v -0.034778 0.056111 0.024698
v -0.034778 0.056111 0.024698
v -0.034778 0.056184 0.024326
v -0.034778 0.057218 0.021478
v -0.034778 0.0574 0.021145
v -0.034778 0.057798 0.020499
v -0.034778 0.058977 0.019013
v -0.034778 0.058977 0.019013
v -0.034778 0.059242 0.018741
v -0.034778 0.060698 0.017524
v -0.034778 0.065226 0.01566
v -0.034778 0.065602 0.015602
v -0.034778 0.073535 0.017524
v -0.034778 0.073535 0.017524
v -0.034778 0.073842 0.017748
v -0.034778 0.075993 0.01988
v -0.034778 0.076219 0.020186
v -0.034778 0.077493 0.022512
v -0.034778 0.077629 0.022867
v -0.034778 0.077629 0.022867
v -0.034778 0.078267 0.025828
v -0.034778 0.078289 0.026207
v -0.034778 0.078299 0.026587
v -0.034778 0.078296 0.026967
v -0.034778 0.078296 0.026967
v -0.034778 0.07828 0.027346
v -0.034778 0.07828 0.027346
v -0.034778 0.07828 0.027346
v -0.034778 0.078251 0.027725
v -0.034778 0.078087 0.028852
v -0.034778 0.078007 0.029223
v -0.034778 0.077914 0.029592
v -0.034778 0.077914 0.029592
v -0.034778 0.077914 0.029592
v -0.034778 0.077809 0.029957
v -0.034778 0.077809 0.029957
v -0.034778 0.077809 0.029957
v -0.034778 0.077692 0.030318
v -0.034778 0.077421 0.031027
v -0.034778 0.077267 0.031375
v -0.034778 0.077102 0.031717
v -0.034778 0.076925 0.032053
v -0.034778 0.076328 0.033023
v -0.034778 0.076328 0.033023
v -0.034778 0.076108 0.033332
v -0.034778 0.075384 0.034212
v -0.034778 0.075384 0.034212
v -0.034778 0.075124 0.034488
v -0.034778 0.074576 0.035014
v -0.034778 0.074288 0.035262
v -0.034778 0.072735 0.036351
v -0.034778 0.072404 0.036536
v -0.034778 0.072404 0.036536
v -0.034778 0.072066 0.03671
v -0.034778 0.072066 0.03671
v -0.034778 0.072066 0.03671
v -0.034778 0.071723 0.036872
v -0.034778 0.070662 0.037288
v -0.034778 0.0703 0.037402
v -0.034778 0.068819 0.037735
v -0.034778 0.068819 0.037735
v -0.034778 0.068443 0.037786
v -0.034778 0.068443 0.037786
v -0.034778 0.068065 0.037825
v -0.034778 0.057905 0.033023
v -0.034778 0.056966 0.031375
v -0.034778 0.056812 0.031027
v -0.034778 0.055982 0.027725
v -0.034778 0.055953 0.027346
v -0.034778 0.055953 0.027346
v -0.035115 0.075514 0.033823
v -0.035115 0.075752 0.033534
v -0.035115 0.075752 0.033534
v -0.035115 0.075979 0.033237
v -0.035115 0.076197 0.032932
v -0.035115 0.076197 0.032932
v -0.035115 0.077413 0.030618
v -0.035115 0.077852 0.029187
v -0.035115 0.07793 0.028821
v -0.035115 0.07793 0.028821
v -0.035115 0.078121 0.027337
v -0.035115 0.078136 0.026963
v -0.035115 0.078073 0.025468
v -0.035115 0.078025 0.025096
v -0.035115 0.078025 0.025096
v -0.035115 0.077893 0.024359
v -0.035115 0.077479 0.022921
v -0.035115 0.077345 0.022572
v -0.035115 0.0772 0.022227
v -0.035115 0.0772 0.022227
v -0.035115 0.076874 0.021553
v -0.035115 0.076503 0.020902
v -0.035115 0.075867 0.019977
v -0.035115 0.075392 0.019399
v -0.035115 0.074878 0.018854
v -0.035115 0.074608 0.018595
v -0.035115 0.071827 0.016715
v -0.035115 0.071486 0.016561
v -0.035105 0.059346 0.018846
v -0.035105 0.059085 0.019114
v -0.035105 0.060937 0.035825
v -0.035105 0.0647 0.037449
v -0.035105 0.066181 0.037677
v -0.035105 0.066554 0.037703
v -0.035105 0.066929 0.037715
v -0.035105 0.067678 0.037703
v -0.035105 0.068796 0.037588
v -0.035105 0.069533 0.037449
v -0.035105 0.070615 0.037148
v -0.035105 0.070615 0.037148
v -0.035105 0.070969 0.037023
v -0.035105 0.072661 0.036223
v -0.035105 0.073296 0.035825
v -0.035105 0.073296 0.035825
v -0.035105 0.073603 0.03561
v -0.035105 0.073603 0.03561
v -0.035105 0.073902 0.035384
v -0.035105 0.074477 0.034903
v -0.035105 0.074752 0.034649
v -0.035105 0.075018 0.034385
v -0.035105 0.075275 0.034112
v -0.035105 0.075275 0.034112
v -0.035105 0.075275 0.034112
v -0.035105 0.075523 0.033831
v -0.035105 0.075523 0.033831
v -0.035105 0.075523 0.033831
v -0.035105 0.075761 0.033541
v -0.035105 0.075761 0.033541
v -0.035105 0.075761 0.033541
v -0.035105 0.075989 0.033244
v -0.035105 0.075989 0.033244
v -0.035105 0.075989 0.033244
v -0.035105 0.075989 0.033244
v -0.035105 0.076206 0.032939
v -0.035105 0.076414 0.032626
v -0.035105 0.07661 0.032307
v -0.035105 0.076796 0.031982
v -0.035105 0.077284 0.03097
v -0.035105 0.077424 0.030622
v -0.035105 0.077424 0.030622
v -0.035105 0.077424 0.030622
v -0.035105 0.077552 0.03027
v -0.035105 0.077771 0.029553
v -0.035105 0.077863 0.02919
v -0.035105 0.077863 0.02919
v -0.035105 0.077942 0.028823
v -0.035105 0.078103 0.027711
v -0.035105 0.078132 0.027337
v -0.035105 0.078132 0.027337
v -0.035105 0.078132 0.027337
v -0.035105 0.078148 0.026963
v -0.035105 0.078148 0.026963
v -0.035105 0.078148 0.026963
v -0.035105 0.078148 0.026963
v -0.035105 0.078151 0.026588
v -0.035105 0.078119 0.025839
v -0.035105 0.078119 0.025839
v -0.035105 0.078084 0.025466
v -0.035105 0.078084 0.025466
v -0.035105 0.078084 0.025466
v -0.035105 0.078084 0.025466
v -0.035105 0.078037 0.025095
v -0.035105 0.078037 0.025095
v -0.035105 0.077977 0.024725
v -0.035105 0.077977 0.024725
v -0.035105 0.077977 0.024725
v -0.035105 0.077904 0.024357
v -0.035105 0.077904 0.024357
v -0.035105 0.077611 0.023272
v -0.035105 0.07749 0.022917
v -0.035105 0.07749 0.022917
v -0.035105 0.077356 0.022567
v -0.035105 0.077356 0.022567
v -0.035105 0.077356 0.022567
v -0.035105 0.07721 0.022222
v -0.035105 0.077053 0.021882
v -0.035105 0.076884 0.021547
v -0.035105 0.076884 0.021547
v -0.035105 0.076704 0.021218
v -0.035105 0.076704 0.021218
v -0.035105 0.076513 0.020896
v -0.035105 0.076099 0.020272
v -0.035105 0.075876 0.01997
v -0.035105 0.075876 0.01997
v -0.035105 0.075643 0.019677
v -0.035105 0.075643 0.019677
v -0.035105 0.075643 0.019677
v -0.035105 0.0754 0.019391
v -0.035105 0.0754 0.019391
v -0.035105 0.074886 0.018846
v -0.035105 0.074886 0.018846
v -0.035105 0.074886 0.018846
v -0.035105 0.074616 0.018586
v -0.035105 0.074616 0.018586
v -0.035105 0.074336 0.018336
v -0.035105 0.074049 0.018096
v -0.035105 0.074049 0.018096
v -0.035105 0.073753 0.017866
v -0.035105 0.071832 0.016705
v -0.035095 0.059339 0.018838
v -0.035095 0.060623 0.035619
v -0.035095 0.060931 0.035834
v -0.035095 0.064333 0.037372
v -0.035095 0.064698 0.03746
v -0.035095 0.06618 0.037688
v -0.035095 0.066554 0.037714
v -0.035095 0.066929 0.037727
v -0.035095 0.066929 0.037727
v -0.035095 0.067304 0.037727
v -0.035095 0.067304 0.037727
v -0.035095 0.067679 0.037714
v -0.035095 0.067679 0.037714
v -0.035095 0.068426 0.03765
v -0.035095 0.068426 0.03765
v -0.035095 0.068798 0.0376
v -0.035095 0.068798 0.0376
v -0.035095 0.069168 0.037536
v -0.035095 0.069168 0.037536
v -0.035095 0.069535 0.03746
v -0.035095 0.069535 0.03746
v -0.035095 0.0699 0.037372
v -0.035095 0.070261 0.037271
v -0.035095 0.070619 0.037158
v -0.035095 0.070619 0.037158
v -0.035095 0.070973 0.037033
v -0.035095 0.071322 0.036896
v -0.035095 0.071322 0.036896
v -0.035095 0.071666 0.036748
v -0.035095 0.072006 0.036587
v -0.035095 0.072339 0.036416
v -0.035095 0.072339 0.036416
v -0.035095 0.072667 0.036233
v -0.035095 0.072988 0.036039
v -0.035095 0.072988 0.036039
v -0.035095 0.073302 0.035834
v -0.035095 0.073302 0.035834
v -0.035095 0.073302 0.035834
v -0.035095 0.073609 0.035619
v -0.035095 0.073909 0.035393
v -0.035095 0.074201 0.035157
v -0.035095 0.074485 0.034912
v -0.035095 0.07476 0.034657
v -0.035095 0.075026 0.034393
v -0.035095 0.075026 0.034393
v -0.035095 0.075026 0.034393
v -0.035095 0.075283 0.03412
v -0.035095 0.075283 0.03412
v -0.035095 0.075283 0.03412
v -0.035095 0.075283 0.03412
v -0.035095 0.075283 0.03412
v -0.035095 0.075531 0.033838
v -0.035095 0.075531 0.033838
v -0.035095 0.075531 0.033838
v -0.035095 0.075769 0.033548
v -0.035095 0.075769 0.033548
v -0.035095 0.075769 0.033548
v -0.035095 0.075769 0.033548
v -0.035095 0.075998 0.03325
v -0.035095 0.075998 0.03325
v -0.035095 0.076216 0.032945
v -0.035095 0.076423 0.032632
v -0.035095 0.076423 0.032632
v -0.035095 0.07662 0.032313
v -0.035095 0.07662 0.032313
v -0.035095 0.07662 0.032313
v -0.035095 0.076805 0.031987
v -0.035095 0.076805 0.031987
v -0.035095 0.07698 0.031655
v -0.035095 0.07698 0.031655
v -0.035095 0.077143 0.031317
v -0.035095 0.077143 0.031317
v -0.035095 0.077295 0.030974
v -0.035095 0.077295 0.030974
v -0.035095 0.077435 0.030626
v -0.035095 0.077435 0.030626
v -0.035095 0.077679 0.029917
v -0.035095 0.077679 0.029917
v -0.035095 0.077782 0.029556
v -0.035095 0.077782 0.029556
v -0.035095 0.077782 0.029556
v -0.035095 0.077953 0.028825
v -0.035095 0.078019 0.028456
v -0.035095 0.078073 0.028085
v -0.035095 0.078115 0.027712
v -0.035095 0.078143 0.027338
v -0.035095 0.078143 0.027338
v -0.035095 0.078143 0.027338
v -0.035095 0.078159 0.026963
v -0.035095 0.078159 0.026963
v -0.035095 0.078159 0.026963
v -0.035095 0.078162 0.026588
v -0.035095 0.078162 0.026588
v -0.035095 0.078153 0.026213
v -0.035095 0.078153 0.026213
v -0.035095 0.078153 0.026213
v -0.035095 0.07813 0.025839
v -0.035095 0.07813 0.025839
v -0.035095 0.07813 0.025839
v -0.035095 0.07813 0.025839
v -0.035095 0.078095 0.025465
v -0.035095 0.078048 0.025093
v -0.035095 0.078048 0.025093
v -0.035095 0.077988 0.024723
v -0.035095 0.077988 0.024723
v -0.035095 0.077915 0.024355
v -0.035095 0.07783 0.023989
v -0.035095 0.077732 0.023627
v -0.035095 0.077622 0.023268
v -0.035095 0.0775 0.022914
v -0.035095 0.0775 0.022914
v -0.035095 0.077366 0.022563
v -0.035095 0.077366 0.022563
v -0.035095 0.076894 0.021542
v -0.035095 0.076714 0.021213
v -0.035095 0.076321 0.020574
v -0.035095 0.076108 0.020265
v -0.035095 0.075885 0.019964
v -0.035095 0.075885 0.019964
v -0.035095 0.075652 0.01967
v -0.035095 0.075652 0.01967
v -0.035095 0.075156 0.019106
v -0.035095 0.074894 0.018838
v -0.035095 0.074894 0.018838
v -0.035095 0.074894 0.018838
v -0.035095 0.074894 0.018838
v -0.035095 0.074623 0.018578
v -0.035095 0.074344 0.018328
v -0.035095 0.074056 0.018087
v -0.035095 0.07376 0.017857
v -0.035095 0.07376 0.017857
v -0.035095 0.073457 0.017636
v -0.035095 0.072504 0.017038
v -0.035095 0.072173 0.016861
v -0.035084 0.062562 0.036758
v -0.035084 0.06361 0.037168
v -0.035084 0.065063 0.037547
v -0.035084 0.065433 0.03761
v -0.035084 0.066179 0.037699
v -0.035084 0.066553 0.037725
v -0.035084 0.066929 0.037737
v -0.035084 0.067304 0.037737
v -0.035084 0.068054 0.037699
v -0.035084 0.068428 0.037661
v -0.035084 0.068428 0.037661
v -0.035084 0.0688 0.03761
v -0.035084 0.06917 0.037547
v -0.035084 0.069538 0.037471
v -0.035084 0.069538 0.037471
v -0.035084 0.069538 0.037471
v -0.035084 0.069538 0.037471
v -0.035084 0.069903 0.037382
v -0.035084 0.070622 0.037168
v -0.035084 0.070976 0.037043
v -0.035084 0.070976 0.037043
v -0.035084 0.070976 0.037043
v -0.035084 0.071326 0.036906
v -0.035084 0.071671 0.036758
v -0.035084 0.07201 0.036597
v -0.035084 0.072344 0.036425
v -0.035084 0.072344 0.036425
v -0.035084 0.072344 0.036425
v -0.035084 0.072672 0.036242
v -0.035084 0.072672 0.036242
v -0.035084 0.072672 0.036242
v -0.035084 0.072993 0.036048
v -0.035084 0.072993 0.036048
v -0.035084 0.072993 0.036048
v -0.035084 0.073308 0.035843
v -0.035084 0.073616 0.035627
v -0.035084 0.073916 0.035402
v -0.035084 0.073916 0.035402
v -0.035084 0.073916 0.035402
v -0.035084 0.074208 0.035166
v -0.035084 0.074492 0.03492
v -0.035084 0.074492 0.03492
v -0.035084 0.074492 0.03492
v -0.035084 0.074767 0.034665
v -0.035084 0.074767 0.034665
v -0.035084 0.074767 0.034665
v -0.035084 0.075034 0.0344
v -0.035084 0.075034 0.0344
v -0.035084 0.075291 0.034127
v -0.035084 0.075291 0.034127
v -0.035084 0.075291 0.034127
v -0.035084 0.07554 0.033845
v -0.035084 0.075778 0.033555
v -0.035084 0.075778 0.033555
v -0.035084 0.076006 0.033257
v -0.035084 0.076224 0.032951
v -0.035084 0.076224 0.032951
v -0.035084 0.076432 0.032638
v -0.035084 0.076432 0.032638
v -0.035084 0.076629 0.032319
v -0.035084 0.076629 0.032319
v -0.035084 0.076815 0.031992
v -0.035084 0.076815 0.031992
v -0.035084 0.076815 0.031992
v -0.035084 0.07699 0.03166
v -0.035084 0.07699 0.03166
v -0.035084 0.077153 0.031322
v -0.035084 0.077153 0.031322
v -0.035084 0.077305 0.030978
v -0.035084 0.077305 0.030978
v -0.035084 0.077445 0.03063
v -0.035084 0.077573 0.030277
v -0.035084 0.077689 0.02992
v -0.035084 0.077689 0.02992
v -0.035084 0.077689 0.02992
v -0.035084 0.077793 0.029559
v -0.035084 0.077793 0.029559
v -0.035084 0.077884 0.029195
v -0.035084 0.077963 0.028828
v -0.035084 0.077963 0.028828
v -0.035084 0.078084 0.028086
v -0.035084 0.078125 0.027713
v -0.035084 0.078154 0.027339
v -0.035084 0.078154 0.027339
v -0.035084 0.07817 0.026964
v -0.035084 0.07817 0.026964
v -0.035084 0.078173 0.026588
v -0.035084 0.078173 0.026588
v -0.035084 0.078173 0.026588
v -0.035084 0.078173 0.026588
v -0.035084 0.078164 0.026213
v -0.035084 0.078164 0.026213
v -0.035084 0.078164 0.026213
v -0.035084 0.078164 0.026213
v -0.035084 0.078141 0.025838
v -0.035084 0.078106 0.025464
v -0.035084 0.078059 0.025091
v -0.035084 0.078059 0.025091
v -0.035084 0.077998 0.024721
v -0.035084 0.077998 0.024721
v -0.035084 0.07784 0.023987
v -0.035084 0.07784 0.023987
v -0.035084 0.077742 0.023624
v -0.035084 0.077632 0.023265
v -0.035084 0.077632 0.023265
v -0.035084 0.07751 0.02291
v -0.035084 0.07751 0.02291
v -0.035084 0.07751 0.02291
v -0.035084 0.07751 0.02291
v -0.035084 0.077376 0.022559
v -0.035084 0.077376 0.022559
v -0.035084 0.076904 0.021537
v -0.035084 0.076723 0.021208
v -0.035084 0.076723 0.021208
v -0.035084 0.076532 0.020885
v -0.035084 0.07633 0.020568
v -0.035084 0.07633 0.020568
v -0.035084 0.076117 0.020259
v -0.035084 0.076117 0.020259
v -0.035084 0.075893 0.019957
v -0.035084 0.075893 0.019957
v -0.035084 0.075893 0.019957
v -0.035084 0.075164 0.019099
v -0.035084 0.074902 0.01883
v -0.035084 0.074351 0.01832
v -0.035084 0.074063 0.018079
v -0.035084 0.074063 0.018079
v -0.035084 0.073767 0.017848
v -0.035084 0.073767 0.017848
v -0.035084 0.072509 0.017029
v -0.035084 0.072509 0.017029
v -0.035084 0.072178 0.016851
v -0.035084 0.071841 0.016685
v -0.035072 0.060919 0.035852
v -0.035072 0.061234 0.036057
v -0.035072 0.061234 0.036057
v -0.035072 0.062218 0.036606
v -0.035072 0.062558 0.036767
v -0.035072 0.063253 0.037053
v -0.035072 0.063607 0.037178
v -0.035072 0.063607 0.037178
v -0.035072 0.063965 0.037292
v -0.035072 0.065061 0.037557
v -0.035072 0.065431 0.037621
v -0.035072 0.065804 0.037671
v -0.035072 0.065804 0.037671
v -0.035072 0.066178 0.03771
v -0.035072 0.067304 0.037748
v -0.035072 0.06768 0.037735
v -0.035072 0.06768 0.037735
v -0.035072 0.068055 0.03771
v -0.035072 0.068429 0.037671
v -0.035072 0.068801 0.037621
v -0.035072 0.069172 0.037557
v -0.035072 0.069172 0.037557
v -0.035072 0.06954 0.037481
v -0.035072 0.06954 0.037481
v -0.035072 0.06954 0.037481
v -0.035072 0.069905 0.037392
v -0.035072 0.070626 0.037178
v -0.035072 0.07098 0.037053
v -0.035072 0.072015 0.036606
v -0.035072 0.072349 0.036434
v -0.035072 0.072349 0.036434
v -0.035072 0.072677 0.036251
v -0.035072 0.072677 0.036251
v -0.035072 0.072999 0.036057
v -0.035072 0.073314 0.035852
v -0.035072 0.073314 0.035852
v -0.035072 0.073622 0.035636
v -0.035072 0.073622 0.035636
v -0.035072 0.073622 0.035636
v -0.035072 0.073622 0.035636
v -0.035072 0.073922 0.03541
v -0.035072 0.073922 0.03541
v -0.035072 0.074215 0.035174
v -0.035072 0.074215 0.035174
v -0.035072 0.074215 0.035174
v -0.035072 0.074215 0.035174
v -0.035072 0.074499 0.034928
v -0.035072 0.074499 0.034928
v -0.035072 0.074499 0.034928
v -0.035072 0.074499 0.034928
v -0.035072 0.074775 0.034672
v -0.035072 0.075041 0.034408
v -0.035072 0.075041 0.034408
v -0.035072 0.075299 0.034134
v -0.035072 0.075548 0.033852
v -0.035072 0.075786 0.033561
v -0.035072 0.076015 0.033263
v -0.035072 0.076015 0.033263
v -0.035072 0.076233 0.032957
v -0.035072 0.076233 0.032957
v -0.035072 0.076441 0.032644
v -0.035072 0.076441 0.032644
v -0.035072 0.076999 0.031665
v -0.035072 0.077162 0.031326
v -0.035072 0.077314 0.030982
v -0.035072 0.077314 0.030982
v -0.035072 0.077314 0.030982
v -0.035072 0.077314 0.030982
v -0.035072 0.077454 0.030634
v -0.035072 0.077454 0.030634
v -0.035072 0.077583 0.03028
v -0.035072 0.077583 0.03028
v -0.035072 0.077583 0.03028
v -0.035072 0.077699 0.029923
v -0.035072 0.077699 0.029923
v -0.035072 0.077699 0.029923
v -0.035072 0.077803 0.029562
v -0.035072 0.077803 0.029562
v -0.035072 0.077894 0.029197
v -0.035072 0.077894 0.029197
v -0.035072 0.077974 0.02883
v -0.035072 0.077974 0.02883
v -0.035072 0.077974 0.02883
v -0.035072 0.07804 0.02846
v -0.035072 0.07804 0.02846
v -0.035072 0.078094 0.028088
v -0.035072 0.078094 0.028088
v -0.035072 0.078094 0.028088
v -0.035072 0.078136 0.027714
v -0.035072 0.07818 0.026964
v -0.035072 0.078184 0.026588
v -0.035072 0.078184 0.026588
v -0.035072 0.078184 0.026588
v -0.035072 0.078174 0.026212
v -0.035072 0.078174 0.026212
v -0.035072 0.078174 0.026212
v -0.035072 0.078117 0.025463
v -0.035072 0.078069 0.02509
v -0.035072 0.077936 0.02435
v -0.035072 0.077936 0.02435
v -0.035072 0.07785 0.023984
v -0.035072 0.07785 0.023984
v -0.035072 0.07785 0.023984
v -0.035072 0.077752 0.023621
v -0.035072 0.077642 0.023262
v -0.035072 0.07752 0.022906
v -0.035072 0.07752 0.022906
v -0.035072 0.07752 0.022906
v -0.035072 0.077386 0.022555
v -0.035072 0.07724 0.022209
v -0.035072 0.076732 0.021202
v -0.035072 0.076732 0.021202
v -0.035072 0.076541 0.020879
v -0.035072 0.076338 0.020562
v -0.035072 0.076125 0.020253
v -0.035072 0.076125 0.020253
v -0.035072 0.075902 0.019951
v -0.035072 0.075902 0.019951
v -0.035072 0.075171 0.019092
v -0.035072 0.074909 0.018823
v -0.035072 0.074358 0.018312
v -0.035072 0.073157 0.017408
v -0.035072 0.072514 0.01702
v -0.035072 0.072514 0.01702
v -0.035072 0.072183 0.016842
v -0.035072 0.071846 0.016676
v -0.035072 0.070447 0.016127
v -0.035061 0.056581 0.023259
v -0.035061 0.056471 0.023618
v -0.035061 0.060913 0.03586
v -0.035061 0.060913 0.03586
v -0.035061 0.061228 0.036065
v -0.035061 0.063604 0.037188
v -0.035061 0.06543 0.03763
v -0.035061 0.066552 0.037745
v -0.035061 0.066928 0.037758
v -0.035061 0.067304 0.037758
v -0.035061 0.067304 0.037758
v -0.035061 0.06768 0.037745
v -0.035061 0.06768 0.037745
v -0.035061 0.068056 0.03772
v -0.035061 0.06843 0.037681
v -0.035061 0.068803 0.03763
v -0.035061 0.069174 0.037567
v -0.035061 0.069542 0.037491
v -0.035061 0.069542 0.037491
v -0.035061 0.069542 0.037491
v -0.035061 0.069908 0.037402
v -0.035061 0.070629 0.037188
v -0.035061 0.070984 0.037063
v -0.035061 0.071679 0.036776
v -0.035061 0.072019 0.036615
v -0.035061 0.072354 0.036443
v -0.035061 0.072682 0.03626
v -0.035061 0.073004 0.036065
v -0.035061 0.07332 0.03586
v -0.035061 0.07332 0.03586
v -0.035061 0.07332 0.03586
v -0.035061 0.07332 0.03586
v -0.035061 0.073628 0.035644
v -0.035061 0.073928 0.035418
v -0.035061 0.074221 0.035181
v -0.035061 0.074221 0.035181
v -0.035061 0.074221 0.035181
v -0.035061 0.074505 0.034935
v -0.035061 0.074505 0.034935
v -0.035061 0.074781 0.03468
v -0.035061 0.074781 0.03468
v -0.035061 0.074781 0.03468
v -0.035061 0.075049 0.034415
v -0.035061 0.075049 0.034415
v -0.035061 0.075049 0.034415
v -0.035061 0.075049 0.034415
v -0.035061 0.075307 0.034141
v -0.035061 0.075307 0.034141
v -0.035061 0.075555 0.033858
v -0.035061 0.075555 0.033858
v -0.035061 0.075555 0.033858
v -0.035061 0.075794 0.033568
v -0.035061 0.076241 0.032963
v -0.035061 0.076241 0.032963
v -0.035061 0.076449 0.032649
v -0.035061 0.076449 0.032649
v -0.035061 0.076647 0.032329
v -0.035061 0.076833 0.032002
v -0.035061 0.076833 0.032002
v -0.035061 0.076833 0.032002
v -0.035061 0.077008 0.031669
v -0.035061 0.077008 0.031669
v -0.035061 0.077008 0.031669
v -0.035061 0.077172 0.03133
v -0.035061 0.077172 0.03133
v -0.035061 0.077324 0.030986
v -0.035061 0.077324 0.030986
v -0.035061 0.077464 0.030637
v -0.035061 0.077464 0.030637
v -0.035061 0.077592 0.030284
v -0.035061 0.077592 0.030284
v -0.035061 0.077708 0.029926
v -0.035061 0.077708 0.029926
v -0.035061 0.077904 0.029199
v -0.035061 0.077904 0.029199
v -0.035061 0.077983 0.028832
v -0.035061 0.077983 0.028832
v -0.035061 0.07805 0.028461
v -0.035061 0.07805 0.028461
v -0.035061 0.078104 0.028089
v -0.035061 0.078104 0.028089
v -0.035061 0.078146 0.027715
v -0.035061 0.078146 0.027715
v -0.035061 0.078175 0.02734
v -0.035061 0.078175 0.02734
v -0.035061 0.07819 0.026964
v -0.035061 0.07819 0.026964
v -0.035061 0.078194 0.026588
v -0.035061 0.078194 0.026588
v -0.035061 0.078184 0.026212
v -0.035061 0.078184 0.026212
v -0.035061 0.078162 0.025836
v -0.035061 0.078127 0.025462
v -0.035061 0.078127 0.025462
v -0.035061 0.078018 0.024717
v -0.035061 0.078018 0.024717
v -0.035061 0.077945 0.024348
v -0.035061 0.077945 0.024348
v -0.035061 0.077945 0.024348
v -0.035061 0.07786 0.023982
v -0.035061 0.07786 0.023982
v -0.035061 0.07786 0.023982
v -0.035061 0.077762 0.023618
v -0.035061 0.077762 0.023618
v -0.035061 0.077652 0.023259
v -0.035061 0.077652 0.023259
v -0.035061 0.077652 0.023259
v -0.035061 0.07753 0.022903
v -0.035061 0.07753 0.022903
v -0.035061 0.07753 0.022903
v -0.035061 0.07753 0.022903
v -0.035061 0.077395 0.022552
v -0.035061 0.077395 0.022552
v -0.035061 0.077249 0.022205
v -0.035061 0.077249 0.022205
v -0.035061 0.076741 0.021197
v -0.035061 0.076741 0.021197
v -0.035061 0.076549 0.020874
v -0.035061 0.076347 0.020557
v -0.035061 0.076133 0.020247
v -0.035061 0.07591 0.019944
v -0.035061 0.075179 0.019085
v -0.035061 0.074364 0.018304
v -0.035061 0.074076 0.018063
v -0.035061 0.073475 0.017611
v -0.035061 0.073163 0.0174
v -0.035061 0.072844 0.0172
v -0.035061 0.072519 0.017011
v -0.035061 0.070807 0.016237
v -0.035061 0.07045 0.016118
v -0.035049 0.056572 0.023256
v -0.035049 0.063601 0.037197
v -0.035049 0.064323 0.037412
v -0.035049 0.064689 0.0375
v -0.035049 0.066176 0.037729
v -0.035049 0.066552 0.037755
v -0.035049 0.066552 0.037755
v -0.035049 0.067681 0.037755
v -0.035049 0.068057 0.037729
v -0.035049 0.068431 0.037691
v -0.035049 0.068804 0.03764
v -0.035049 0.069175 0.037576
v -0.035049 0.069544 0.0375
v -0.035049 0.070273 0.03731
v -0.035049 0.071683 0.036785
v -0.035049 0.072024 0.036624
v -0.035049 0.072358 0.036452
v -0.035049 0.072358 0.036452
v -0.035049 0.072687 0.036268
v -0.035049 0.073009 0.036073
v -0.035049 0.073009 0.036073
v -0.035049 0.073325 0.035868
v -0.035049 0.073325 0.035868
v -0.035049 0.074227 0.035189
v -0.035049 0.074512 0.034942
v -0.035049 0.074788 0.034687
v -0.035049 0.074788 0.034687
v -0.035049 0.075056 0.034421
v -0.035049 0.075056 0.034421
v -0.035049 0.075314 0.034147
v -0.035049 0.075314 0.034147
v -0.035049 0.075314 0.034147
v -0.035049 0.075314 0.034147
v -0.035049 0.075314 0.034147
v -0.035049 0.075563 0.033865
v -0.035049 0.075563 0.033865
v -0.035049 0.075563 0.033865
v -0.035049 0.075563 0.033865
v -0.035049 0.075802 0.033574
v -0.035049 0.076249 0.032968
v -0.035049 0.076249 0.032968
v -0.035049 0.076458 0.032655
v -0.035049 0.076458 0.032655
v -0.035049 0.076458 0.032655
v -0.035049 0.076458 0.032655
v -0.035049 0.076655 0.032334
v -0.035049 0.076655 0.032334
v -0.035049 0.076655 0.032334
v -0.035049 0.076841 0.032007
v -0.035049 0.076841 0.032007
v -0.035049 0.076841 0.032007
v -0.035049 0.076841 0.032007
v -0.035049 0.077017 0.031673
v -0.035049 0.077017 0.031673
v -0.035049 0.077017 0.031673
v -0.035049 0.077017 0.031673
v -0.035049 0.077017 0.031673
v -0.035049 0.07718 0.031334
v -0.035049 0.07718 0.031334
v -0.035049 0.07718 0.031334
v -0.035049 0.077333 0.03099
v -0.035049 0.077601 0.030287
v -0.035049 0.077718 0.029928
v -0.035049 0.077914 0.029202
v -0.035049 0.077914 0.029202
v -0.035049 0.077993 0.028833
v -0.035049 0.077993 0.028833
v -0.035049 0.07806 0.028463
v -0.035049 0.078114 0.02809
v -0.035049 0.078114 0.02809
v -0.035049 0.078114 0.02809
v -0.035049 0.078155 0.027716
v -0.035049 0.078155 0.027716
v -0.035049 0.078155 0.027716
v -0.035049 0.078155 0.027716
v -0.035049 0.078184 0.02734
v -0.035049 0.078184 0.02734
v -0.035049 0.0782 0.026964
v -0.035049 0.0782 0.026964
v -0.035049 0.078203 0.026588
v -0.035049 0.078203 0.026588
v -0.035049 0.078203 0.026588
v -0.035049 0.078194 0.026211
v -0.035049 0.078194 0.026211
v -0.035049 0.078171 0.025835
v -0.035049 0.078171 0.025835
v -0.035049 0.078136 0.025461
v -0.035049 0.078136 0.025461
v -0.035049 0.078088 0.025087
v -0.035049 0.078088 0.025087
v -0.035049 0.078028 0.024715
v -0.035049 0.078028 0.024715
v -0.035049 0.077955 0.024346
v -0.035049 0.077869 0.023979
v -0.035049 0.077771 0.023616
v -0.035049 0.077661 0.023256
v -0.035049 0.077661 0.023256
v -0.035049 0.077661 0.023256
v -0.035049 0.077539 0.0229
v -0.035049 0.077539 0.0229
v -0.035049 0.077539 0.0229
v -0.035049 0.077404 0.022548
v -0.035049 0.077404 0.022548
v -0.035049 0.077258 0.022201
v -0.035049 0.07693 0.021523
v -0.035049 0.07675 0.021193
v -0.035049 0.07675 0.021193
v -0.035049 0.07675 0.021193
v -0.035049 0.076558 0.020869
v -0.035049 0.076558 0.020869
v -0.035049 0.076558 0.020869
v -0.035049 0.076558 0.020869
v -0.035049 0.076355 0.020552
v -0.035049 0.076355 0.020552
v -0.035049 0.076355 0.020552
v -0.035049 0.074651 0.018548
v -0.035049 0.074371 0.018297
v -0.035049 0.074371 0.018297
v -0.035049 0.074082 0.018056
v -0.035049 0.072524 0.017002
v -0.035049 0.072192 0.016824
v -0.035037 0.063242 0.03708
v -0.035037 0.063598 0.037206
v -0.035037 0.06432 0.03742
v -0.035037 0.06432 0.03742
v -0.035037 0.064687 0.037509
v -0.035037 0.064687 0.037509
v -0.035037 0.065056 0.037585
v -0.035037 0.0658 0.0377
v -0.035037 0.066175 0.037739
v -0.035037 0.066175 0.037739
v -0.035037 0.066928 0.037777
v -0.035037 0.067681 0.037764
v -0.035037 0.067681 0.037764
v -0.035037 0.068057 0.037739
v -0.035037 0.068057 0.037739
v -0.035037 0.068432 0.0377
v -0.035037 0.068432 0.0377
v -0.035037 0.068806 0.037649
v -0.035037 0.068806 0.037649
v -0.035037 0.069177 0.037585
v -0.035037 0.069912 0.03742
v -0.035037 0.070275 0.037319
v -0.035037 0.070635 0.037206
v -0.035037 0.07099 0.03708
v -0.035037 0.07099 0.03708
v -0.035037 0.071341 0.036943
v -0.035037 0.072028 0.036632
v -0.035037 0.072363 0.03646
v -0.035037 0.072363 0.03646
v -0.035037 0.072692 0.036276
v -0.035037 0.073014 0.036081
v -0.035037 0.073014 0.036081
v -0.035037 0.07394 0.035433
v -0.035037 0.075062 0.034428
v -0.035037 0.075321 0.034154
v -0.035037 0.075321 0.034154
v -0.035037 0.075321 0.034154
v -0.035037 0.07557 0.033871
v -0.035037 0.07557 0.033871
v -0.035037 0.07557 0.033871
v -0.035037 0.075809 0.033579
v -0.035037 0.075809 0.033579
v -0.035037 0.076038 0.03328
v -0.035037 0.076257 0.032974
v -0.035037 0.076257 0.032974
v -0.035037 0.076257 0.032974
v -0.035037 0.076465 0.03266
v -0.035037 0.076465 0.03266
v -0.035037 0.076465 0.03266
v -0.035037 0.076465 0.03266
v -0.035037 0.076465 0.03266
v -0.035037 0.076663 0.032339
v -0.035037 0.076663 0.032339
v -0.035037 0.076663 0.032339
v -0.035037 0.076663 0.032339
v -0.035037 0.076849 0.032011
v -0.035037 0.076849 0.032011
v -0.035037 0.076849 0.032011
v -0.035037 0.076849 0.032011
v -0.035037 0.077025 0.031678
v -0.035037 0.077025 0.031678
v -0.035037 0.077025 0.031678
v -0.035037 0.077025 0.031678
v -0.035037 0.077025 0.031678
v -0.035037 0.077189 0.031338
v -0.035037 0.077189 0.031338
v -0.035037 0.077189 0.031338
v -0.035037 0.077189 0.031338
v -0.035037 0.077189 0.031338
v -0.035037 0.077341 0.030994
v -0.035037 0.077341 0.030994
v -0.035037 0.077482 0.030644
v -0.035037 0.077482 0.030644
v -0.035037 0.077482 0.030644
v -0.035037 0.07761 0.03029
v -0.035037 0.07761 0.03029
v -0.035037 0.07761 0.03029
v -0.035037 0.07761 0.03029
v -0.035037 0.077727 0.029931
v -0.035037 0.077727 0.029931
v -0.035037 0.077831 0.029569
v -0.035037 0.077831 0.029569
v -0.035037 0.077923 0.029204
v -0.035037 0.077923 0.029204
v -0.035037 0.077923 0.029204
v -0.035037 0.078002 0.028835
v -0.035037 0.078069 0.028464
v -0.035037 0.078123 0.028091
v -0.035037 0.078123 0.028091
v -0.035037 0.078165 0.027717
v -0.035037 0.078193 0.027341
v -0.035037 0.078209 0.026965
v -0.035037 0.078209 0.026965
v -0.035037 0.078209 0.026965
v -0.035037 0.078213 0.026588
v -0.035037 0.078213 0.026588
v -0.035037 0.078203 0.026211
v -0.035037 0.078203 0.026211
v -0.035037 0.078181 0.025835
v -0.035037 0.078145 0.02546
v -0.035037 0.078098 0.025086
v -0.035037 0.078037 0.024714
v -0.035037 0.078037 0.024714
v -0.035037 0.078037 0.024714
v -0.035037 0.077964 0.024344
v -0.035037 0.07778 0.023613
v -0.035037 0.07767 0.023253
v -0.035037 0.07767 0.023253
v -0.035037 0.077547 0.022896
v -0.035037 0.077547 0.022896
v -0.035037 0.077413 0.022544
v -0.035037 0.077413 0.022544
v -0.035037 0.077266 0.022197
v -0.035037 0.077108 0.021855
v -0.035037 0.077108 0.021855
v -0.035037 0.076939 0.021519
v -0.035037 0.076939 0.021519
v -0.035037 0.076939 0.021519
v -0.035037 0.076758 0.021188
v -0.035037 0.076758 0.021188
v -0.035037 0.076565 0.020864
v -0.035037 0.076565 0.020864
v -0.035037 0.076565 0.020864
v -0.035037 0.076362 0.020546
v -0.035037 0.074088 0.018048
v -0.035037 0.072528 0.016994
v -0.035037 0.072528 0.016994
v -0.035024 0.059297 0.018796
v -0.035024 0.059034 0.019066
v -0.035024 0.058077 0.020231
v -0.035024 0.057863 0.020541
v -0.035024 0.056346 0.023975
v -0.035024 0.05626 0.024342
v -0.035024 0.056126 0.025084
v -0.035024 0.056079 0.025459
v -0.035024 0.064318 0.037429
v -0.035024 0.064685 0.037518
v -0.035024 0.065426 0.037658
v -0.035024 0.065799 0.037709
v -0.035024 0.065799 0.037709
v -0.035024 0.066175 0.037747
v -0.035024 0.066551 0.037773
v -0.035024 0.066928 0.037786
v -0.035024 0.067305 0.037786
v -0.035024 0.067682 0.037773
v -0.035024 0.067682 0.037773
v -0.035024 0.068433 0.037709
v -0.035024 0.068433 0.037709
v -0.035024 0.068807 0.037658
v -0.035024 0.069179 0.037594
v -0.035024 0.070638 0.037214
v -0.035024 0.070993 0.037089
v -0.035024 0.071344 0.036951
v -0.035024 0.071691 0.036801
v -0.035024 0.072032 0.03664
v -0.035024 0.072696 0.036284
v -0.035024 0.072696 0.036284
v -0.035024 0.073019 0.036089
v -0.035024 0.073019 0.036089
v -0.035024 0.073019 0.036089
v -0.035024 0.073019 0.036089
v -0.035024 0.073335 0.035883
v -0.035024 0.073644 0.035666
v -0.035024 0.073945 0.03544
v -0.035024 0.074801 0.034699
v -0.035024 0.075068 0.034434
v -0.035024 0.075327 0.034159
v -0.035024 0.075327 0.034159
v -0.035024 0.075327 0.034159
v -0.035024 0.075576 0.033876
v -0.035024 0.075576 0.033876
v -0.035024 0.075576 0.033876
v -0.035024 0.075576 0.033876
v -0.035024 0.075816 0.033585
v -0.035024 0.075816 0.033585
v -0.035024 0.075816 0.033585
v -0.035024 0.076045 0.033286
v -0.035024 0.076264 0.032979
v -0.035024 0.076473 0.032664
v -0.035024 0.07667 0.032343
v -0.035024 0.07667 0.032343
v -0.035024 0.076857 0.032015
v -0.035024 0.076857 0.032015
v -0.035024 0.077033 0.031682
v -0.035024 0.077033 0.031682
v -0.035024 0.077033 0.031682
v -0.035024 0.077033 0.031682
v -0.035024 0.077033 0.031682
v -0.035024 0.077197 0.031342
v -0.035024 0.077197 0.031342
v -0.035024 0.077197 0.031342
v -0.035024 0.077349 0.030997
v -0.035024 0.07749 0.030647
v -0.035024 0.07749 0.030647
v -0.035024 0.07749 0.030647
v -0.035024 0.07749 0.030647
v -0.035024 0.077618 0.030293
v -0.035024 0.077618 0.030293
v -0.035024 0.077735 0.029934
v -0.035024 0.077839 0.029571
v -0.035024 0.077931 0.029206
v -0.035024 0.078011 0.028837
v -0.035024 0.078078 0.028466
v -0.035024 0.078078 0.028466
v -0.035024 0.078132 0.028092
v -0.035024 0.078202 0.027342
v -0.035024 0.078202 0.027342
v -0.035024 0.078218 0.026965
v -0.035024 0.078218 0.026965
v -0.035024 0.078218 0.026965
v -0.035024 0.078221 0.026588
v -0.035024 0.078106 0.025084
v -0.035024 0.078106 0.025084
v -0.035024 0.078106 0.025084
v -0.035024 0.078106 0.025084
v -0.035024 0.078046 0.024712
v -0.035024 0.078046 0.024712
v -0.035024 0.077973 0.024342
v -0.035024 0.077887 0.023975
v -0.035024 0.077789 0.023611
v -0.035024 0.077789 0.023611
v -0.035024 0.077789 0.023611
v -0.035024 0.077678 0.02325
v -0.035024 0.077678 0.02325
v -0.035024 0.077556 0.022893
v -0.035024 0.077556 0.022893
v -0.035024 0.077421 0.022541
v -0.035024 0.077421 0.022541
v -0.035024 0.077274 0.022194
v -0.035024 0.077116 0.021851
v -0.035024 0.077116 0.021851
v -0.035024 0.077116 0.021851
v -0.035024 0.077116 0.021851
v -0.035024 0.076946 0.021515
v -0.035024 0.076946 0.021515
v -0.035024 0.076573 0.020859
v -0.035024 0.076156 0.020231
v -0.035024 0.075932 0.019928
v -0.035024 0.075932 0.019928
v -0.035024 0.075453 0.019345
v -0.035024 0.075199 0.019066
v -0.035024 0.074382 0.018283
v -0.035024 0.074093 0.018041
v -0.035024 0.073491 0.017588
v -0.035024 0.073178 0.017377
v -0.035024 0.072859 0.017176
v -0.035024 0.072532 0.016987
v -0.035024 0.072532 0.016987
v -0.035024 0.0722 0.016808
v -0.035011 0.06105 0.01737
v -0.035011 0.060737 0.017581
v -0.035011 0.059291 0.01879
v -0.035011 0.05807 0.020226
v -0.035011 0.05746 0.02118
v -0.035011 0.057279 0.021511
v -0.035011 0.056547 0.023248
v -0.035011 0.056436 0.023608
v -0.035011 0.056338 0.023973
v -0.035011 0.056252 0.02434
v -0.035011 0.056118 0.025083
v -0.035011 0.056118 0.025083
v -0.035011 0.05607 0.025458
v -0.035011 0.05607 0.025458
v -0.035011 0.064316 0.037437
v -0.035011 0.06655 0.037781
v -0.035011 0.068059 0.037756
v -0.035011 0.068434 0.037717
v -0.035011 0.068434 0.037717
v -0.035011 0.07028 0.037336
v -0.035011 0.07064 0.037222
v -0.035011 0.07064 0.037222
v -0.035011 0.070996 0.037097
v -0.035011 0.071348 0.036959
v -0.035011 0.071348 0.036959
v -0.035011 0.071694 0.036809
v -0.035011 0.071694 0.036809
v -0.035011 0.071694 0.036809
v -0.035011 0.072035 0.036648
v -0.035011 0.072035 0.036648
v -0.035011 0.072371 0.036475
v -0.035011 0.072701 0.036291
v -0.035011 0.072701 0.036291
v -0.035011 0.073024 0.036096
v -0.035011 0.073024 0.036096
v -0.035011 0.073024 0.036096
v -0.035011 0.073649 0.035673
v -0.035011 0.07453 0.034962
v -0.035011 0.074806 0.034706
v -0.035011 0.074806 0.034706
v -0.035011 0.075074 0.03444
v -0.035011 0.075074 0.03444
v -0.035011 0.075333 0.034165
v -0.035011 0.075333 0.034165
v -0.035011 0.075583 0.033882
v -0.035011 0.075583 0.033882
v -0.035011 0.075822 0.03359
v -0.035011 0.076052 0.033291
v -0.035011 0.076271 0.032983
v -0.035011 0.076271 0.032983
v -0.035011 0.07648 0.032669
v -0.035011 0.07648 0.032669
v -0.035011 0.07648 0.032669
v -0.035011 0.076678 0.032347
v -0.035011 0.076678 0.032347
v -0.035011 0.076865 0.032019
v -0.035011 0.076865 0.032019
v -0.035011 0.076865 0.032019
v -0.035011 0.07704 0.031685
v -0.035011 0.07704 0.031685
v -0.035011 0.07704 0.031685
v -0.035011 0.077498 0.03065
v -0.035011 0.077626 0.030295
v -0.035011 0.077743 0.029936
v -0.035011 0.077743 0.029936
v -0.035011 0.077743 0.029936
v -0.035011 0.077847 0.029574
v -0.035011 0.077847 0.029574
v -0.035011 0.077847 0.029574
v -0.035011 0.077939 0.029208
v -0.035011 0.077939 0.029208
v -0.035011 0.077939 0.029208
v -0.035011 0.078019 0.028839
v -0.035011 0.078019 0.028839
v -0.035011 0.078019 0.028839
v -0.035011 0.078086 0.028467
v -0.035011 0.078086 0.028467
v -0.035011 0.07814 0.028094
v -0.035011 0.078182 0.027718
v -0.035011 0.078211 0.027342
v -0.035011 0.078211 0.027342
v -0.035011 0.078227 0.026965
v -0.035011 0.078227 0.026965
v -0.035011 0.07823 0.026588
v -0.035011 0.07822 0.02621
v -0.035011 0.07822 0.02621
v -0.035011 0.078198 0.025833
v -0.035011 0.078163 0.025458
v -0.035011 0.078115 0.025083
v -0.035011 0.078115 0.025083
v -0.035011 0.078054 0.024711
v -0.035011 0.077981 0.02434
v -0.035011 0.077981 0.02434
v -0.035011 0.077981 0.02434
v -0.035011 0.077895 0.023973
v -0.035011 0.077895 0.023973
v -0.035011 0.077797 0.023608
v -0.035011 0.077797 0.023608
v -0.035011 0.077797 0.023608
v -0.035011 0.077797 0.023608
v -0.035011 0.077686 0.023248
v -0.035011 0.077429 0.022538
v -0.035011 0.077124 0.021848
v -0.035011 0.077124 0.021848
v -0.035011 0.076954 0.021511
v -0.035011 0.076954 0.021511
v -0.035011 0.076773 0.02118
v -0.035011 0.076773 0.02118
v -0.035011 0.076773 0.02118
v -0.035011 0.07658 0.020855
v -0.035011 0.07658 0.020855
v -0.035011 0.076377 0.020537
v -0.035011 0.076163 0.020226
v -0.035011 0.076163 0.020226
v -0.035011 0.075938 0.019922
v -0.035011 0.075459 0.019339
v -0.035011 0.073495 0.017581
v -0.035011 0.073495 0.017581
v -0.035011 0.072537 0.016979
v -0.034998 0.061046 0.017363
v -0.034998 0.057453 0.021176
v -0.034998 0.056539 0.023245
v -0.034998 0.05633 0.023971
v -0.034998 0.056244 0.024339
v -0.034998 0.05611 0.025082
v -0.034998 0.05611 0.025082
v -0.034998 0.056062 0.025457
v -0.034998 0.056027 0.025833
v -0.034998 0.056005 0.02621
v -0.034998 0.06395 0.037343
v -0.034998 0.064314 0.037445
v -0.034998 0.064314 0.037445
v -0.034998 0.064681 0.037534
v -0.034998 0.065423 0.037674
v -0.034998 0.066173 0.037764
v -0.034998 0.06655 0.037789
v -0.034998 0.06806 0.037764
v -0.034998 0.068435 0.037725
v -0.034998 0.069552 0.037534
v -0.034998 0.069919 0.037445
v -0.034998 0.070283 0.037343
v -0.034998 0.070283 0.037343
v -0.034998 0.070643 0.03723
v -0.034998 0.070999 0.037104
v -0.034998 0.071351 0.036966
v -0.034998 0.071351 0.036966
v -0.034998 0.071697 0.036816
v -0.034998 0.071697 0.036816
v -0.034998 0.072039 0.036655
v -0.034998 0.072704 0.036298
v -0.034998 0.073028 0.036103
v -0.034998 0.073028 0.036103
v -0.034998 0.073344 0.035896
v -0.034998 0.073344 0.035896
v -0.034998 0.073654 0.03568
v -0.034998 0.073654 0.03568
v -0.034998 0.074249 0.035215
v -0.034998 0.074535 0.034968
v -0.034998 0.074535 0.034968
v -0.034998 0.074812 0.034711
v -0.034998 0.074812 0.034711
v -0.034998 0.07508 0.034445
v -0.034998 0.07508 0.034445
v -0.034998 0.07508 0.034445
v -0.034998 0.075589 0.033887
v -0.034998 0.075589 0.033887
v -0.034998 0.075829 0.033595
v -0.034998 0.075829 0.033595
v -0.034998 0.075829 0.033595
v -0.034998 0.076058 0.033295
v -0.034998 0.076058 0.033295
v -0.034998 0.076278 0.032988
v -0.034998 0.076278 0.032988
v -0.034998 0.076487 0.032673
v -0.034998 0.076487 0.032673
v -0.034998 0.076487 0.032673
v -0.034998 0.076685 0.032351
v -0.034998 0.076685 0.032351
v -0.034998 0.076872 0.032023
v -0.034998 0.076872 0.032023
v -0.034998 0.076872 0.032023
v -0.034998 0.076872 0.032023
v -0.034998 0.076872 0.032023
v -0.034998 0.077047 0.031689
v -0.034998 0.077634 0.030298
v -0.034998 0.077634 0.030298
v -0.034998 0.077751 0.029939
v -0.034998 0.077751 0.029939
v -0.034998 0.077855 0.029576
v -0.034998 0.077855 0.029576
v -0.034998 0.077855 0.029576
v -0.034998 0.077947 0.029209
v -0.034998 0.077947 0.029209
v -0.034998 0.078027 0.02884
v -0.034998 0.078027 0.02884
v -0.034998 0.078094 0.028468
v -0.034998 0.078094 0.028468
v -0.034998 0.078094 0.028468
v -0.034998 0.078148 0.028095
v -0.034998 0.078148 0.028095
v -0.034998 0.078148 0.028095
v -0.034998 0.07819 0.027719
v -0.034998 0.07819 0.027719
v -0.034998 0.07819 0.027719
v -0.034998 0.078219 0.027343
v -0.034998 0.078235 0.026965
v -0.034998 0.078238 0.026587
v -0.034998 0.078238 0.026587
v -0.034998 0.078228 0.02621
v -0.034998 0.078228 0.02621
v -0.034998 0.078206 0.025833
v -0.034998 0.078206 0.025833
v -0.034998 0.07817 0.025457
v -0.034998 0.078062 0.024709
v -0.034998 0.078062 0.024709
v -0.034998 0.077988 0.024339
v -0.034998 0.077903 0.023971
v -0.034998 0.077903 0.023971
v -0.034998 0.077804 0.023606
v -0.034998 0.077804 0.023606
v -0.034998 0.077694 0.023245
v -0.034998 0.077571 0.022888
v -0.034998 0.077436 0.022535
v -0.034998 0.077289 0.022187
v -0.034998 0.077131 0.021844
v -0.034998 0.077131 0.021844
v -0.034998 0.077131 0.021844
v -0.034998 0.076961 0.021507
v -0.034998 0.076961 0.021507
v -0.034998 0.076779 0.021176
v -0.034998 0.076779 0.021176
v -0.034998 0.076587 0.020851
v -0.034998 0.076383 0.020532
v -0.034998 0.076383 0.020532
v -0.034998 0.074947 0.018784
v -0.034998 0.074674 0.018523
v -0.034998 0.074103 0.018029
v -0.034998 0.073805 0.017797
v -0.034998 0.073805 0.017797
v -0.034998 0.0735 0.017574
v -0.034998 0.07254 0.016972
v -0.034985 0.060729 0.017568
v -0.034985 0.060423 0.01779
v -0.034985 0.060125 0.018023
v -0.034985 0.058282 0.019913
v -0.034985 0.058057 0.020217
v -0.034985 0.058057 0.020217
v -0.034985 0.057843 0.020528
v -0.034985 0.057265 0.021503
v -0.034985 0.05602 0.025832
v -0.034985 0.062879 0.036973
v -0.034985 0.063231 0.037111
v -0.034985 0.063231 0.037111
v -0.034985 0.063948 0.037351
v -0.034985 0.064312 0.037452
v -0.034985 0.06505 0.037618
v -0.034985 0.065422 0.037681
v -0.034985 0.066173 0.037771
v -0.034985 0.06655 0.037797
v -0.034985 0.06806 0.037771
v -0.034985 0.068436 0.037733
v -0.034985 0.068436 0.037733
v -0.034985 0.069553 0.037541
v -0.034985 0.069921 0.037452
v -0.034985 0.071002 0.037111
v -0.034985 0.071354 0.036973
v -0.034985 0.071354 0.036973
v -0.034985 0.071354 0.036973
v -0.034985 0.071701 0.036823
v -0.034985 0.071701 0.036823
v -0.034985 0.072042 0.036662
v -0.034985 0.072378 0.036489
v -0.034985 0.072378 0.036489
v -0.034985 0.072708 0.036304
v -0.034985 0.073032 0.036109
v -0.034985 0.073032 0.036109
v -0.034985 0.073032 0.036109
v -0.034985 0.073348 0.035903
v -0.034985 0.073348 0.035903
v -0.034985 0.073348 0.035903
v -0.034985 0.073658 0.035686
v -0.034985 0.073658 0.035686
v -0.034985 0.073658 0.035686
v -0.034985 0.073658 0.035686
v -0.034985 0.07396 0.035458
v -0.034985 0.07396 0.035458
v -0.034985 0.074254 0.035221
v -0.034985 0.074254 0.035221
v -0.034985 0.07454 0.034974
v -0.034985 0.074817 0.034717
v -0.034985 0.074817 0.034717
v -0.034985 0.075086 0.034451
v -0.034985 0.075086 0.034451
v -0.034985 0.075345 0.034176
v -0.034985 0.075345 0.034176
v -0.034985 0.075594 0.033892
v -0.034985 0.075594 0.033892
v -0.034985 0.075594 0.033892
v -0.034985 0.075834 0.0336
v -0.034985 0.075834 0.0336
v -0.034985 0.076064 0.0333
v -0.034985 0.076284 0.032992
v -0.034985 0.076284 0.032992
v -0.034985 0.076284 0.032992
v -0.034985 0.076284 0.032992
v -0.034985 0.076493 0.032677
v -0.034985 0.076493 0.032677
v -0.034985 0.076493 0.032677
v -0.034985 0.076493 0.032677
v -0.034985 0.076691 0.032355
v -0.034985 0.076691 0.032355
v -0.034985 0.076691 0.032355
v -0.034985 0.076691 0.032355
v -0.034985 0.076878 0.032027
v -0.034985 0.076878 0.032027
v -0.034985 0.077054 0.031692
v -0.034985 0.077218 0.031352
v -0.034985 0.077218 0.031352
v -0.034985 0.077512 0.030656
v -0.034985 0.077641 0.0303
v -0.034985 0.077641 0.0303
v -0.034985 0.077758 0.029941
v -0.034985 0.077758 0.029941
v -0.034985 0.077862 0.029578
v -0.034985 0.077954 0.029211
v -0.034985 0.078034 0.028842
v -0.034985 0.078034 0.028842
v -0.034985 0.078101 0.02847
v -0.034985 0.078101 0.02847
v -0.034985 0.078156 0.028096
v -0.034985 0.078156 0.028096
v -0.034985 0.078197 0.02772
v -0.034985 0.078197 0.02772
v -0.034985 0.078197 0.02772
v -0.034985 0.078226 0.027343
v -0.034985 0.078226 0.027343
v -0.034985 0.078226 0.027343
v -0.034985 0.078242 0.026965
v -0.034985 0.078242 0.026965
v -0.034985 0.078236 0.02621
v -0.034985 0.078236 0.02621
v -0.034985 0.078236 0.02621
v -0.034985 0.078213 0.025832
v -0.034985 0.078213 0.025832
v -0.034985 0.078213 0.025832
v -0.034985 0.078178 0.025456
v -0.034985 0.077996 0.024337
v -0.034985 0.077996 0.024337
v -0.034985 0.07791 0.023969
v -0.034985 0.07791 0.023969
v -0.034985 0.07791 0.023969
v -0.034985 0.07791 0.023969
v -0.034985 0.077812 0.023604
v -0.034985 0.077812 0.023604
v -0.034985 0.077701 0.023243
v -0.034985 0.077578 0.022885
v -0.034985 0.077443 0.022532
v -0.034985 0.077443 0.022532
v -0.034985 0.077443 0.022532
v -0.034985 0.077296 0.022184
v -0.034985 0.077296 0.022184
v -0.034985 0.077296 0.022184
v -0.034985 0.077138 0.021841
v -0.034985 0.077138 0.021841
v -0.034985 0.076593 0.020847
v -0.034985 0.076593 0.020847
v -0.034985 0.076593 0.020847
v -0.034985 0.07639 0.020528
v -0.034985 0.07639 0.020528
v -0.034985 0.075216 0.01905
v -0.034985 0.074952 0.018779
v -0.034985 0.074108 0.018023
v -0.034985 0.074108 0.018023
v -0.034985 0.073504 0.017568
v -0.034985 0.073191 0.017357
v -0.034985 0.073191 0.017357
v -0.034985 0.072871 0.017156
v -0.034985 0.072544 0.016966
v -0.034971 0.061038 0.017351
v -0.034971 0.061038 0.017351
v -0.034971 0.060725 0.017563
v -0.034971 0.060725 0.017563
v -0.034971 0.060419 0.017785
v -0.034971 0.058277 0.019909
v -0.034971 0.058277 0.019909
v -0.034971 0.058052 0.020213
v -0.034971 0.058052 0.020213
v -0.034971 0.058052 0.020213
v -0.034971 0.057837 0.020524
v -0.034971 0.057837 0.020524
v -0.034971 0.057441 0.021168
v -0.034971 0.057441 0.021168
v -0.034971 0.057259 0.0215
v -0.034971 0.057259 0.0215
v -0.034971 0.057259 0.0215
v -0.034971 0.056316 0.023967
v -0.034971 0.05623 0.024336
v -0.034971 0.056096 0.02508
v -0.034971 0.062877 0.03698
v -0.034971 0.062877 0.03698
v -0.034971 0.063229 0.037118
v -0.034971 0.063229 0.037118
v -0.034971 0.063585 0.037244
v -0.034971 0.063585 0.037244
v -0.034971 0.063946 0.037357
v -0.034971 0.06431 0.037459
v -0.034971 0.066172 0.037778
v -0.034971 0.066172 0.037778
v -0.034971 0.066549 0.037804
v -0.034971 0.068061 0.037778
v -0.034971 0.068061 0.037778
v -0.034971 0.068061 0.037778
v -0.034971 0.068437 0.03774
v -0.034971 0.068437 0.03774
v -0.034971 0.068812 0.037688
v -0.034971 0.069185 0.037624
v -0.034971 0.069555 0.037548
v -0.034971 0.069922 0.037459
v -0.034971 0.070287 0.037357
v -0.034971 0.070647 0.037244
v -0.034971 0.070647 0.037244
v -0.034971 0.071004 0.037118
v -0.034971 0.071004 0.037118
v -0.034971 0.071004 0.037118
v -0.034971 0.071356 0.03698
v -0.034971 0.071356 0.03698
v -0.034971 0.071356 0.03698
v -0.034971 0.071356 0.03698
v -0.034971 0.071703 0.03683
v -0.034971 0.071703 0.03683
v -0.034971 0.071703 0.03683
v -0.034971 0.072045 0.036668
v -0.034971 0.072045 0.036668
v -0.034971 0.072382 0.036495
v -0.034971 0.072712 0.03631
v -0.034971 0.072712 0.03631
v -0.034971 0.072712 0.03631
v -0.034971 0.073036 0.036115
v -0.034971 0.073036 0.036115
v -0.034971 0.073036 0.036115
v -0.034971 0.073352 0.035908
v -0.034971 0.073352 0.035908
v -0.034971 0.073352 0.035908
v -0.034971 0.073352 0.035908
v -0.034971 0.073662 0.035691
v -0.034971 0.073662 0.035691
v -0.034971 0.073662 0.035691
v -0.034971 0.073662 0.035691
v -0.034971 0.073964 0.035464
v -0.034971 0.073964 0.035464
v -0.034971 0.073964 0.035464
v -0.034971 0.073964 0.035464
v -0.034971 0.074259 0.035226
v -0.034971 0.074259 0.035226
v -0.034971 0.074545 0.034979
v -0.034971 0.074545 0.034979
v -0.034971 0.074545 0.034979
v -0.034971 0.074822 0.034722
v -0.034971 0.075091 0.034456
v -0.034971 0.075091 0.034456
v -0.034971 0.07535 0.03418
v -0.034971 0.07535 0.03418
v -0.034971 0.07535 0.03418
v -0.034971 0.0756 0.033896
v -0.034971 0.0756 0.033896
v -0.034971 0.07607 0.033304
v -0.034971 0.07607 0.033304
v -0.034971 0.07629 0.032996
v -0.034971 0.07629 0.032996
v -0.034971 0.07629 0.032996
v -0.034971 0.076499 0.032681
v -0.034971 0.076499 0.032681
v -0.034971 0.076499 0.032681
v -0.034971 0.076697 0.032359
v -0.034971 0.076697 0.032359
v -0.034971 0.076697 0.032359
v -0.034971 0.076884 0.03203
v -0.034971 0.07706 0.031695
v -0.034971 0.07706 0.031695
v -0.034971 0.077225 0.031355
v -0.034971 0.077378 0.031009
v -0.034971 0.077519 0.030658
v -0.034971 0.077519 0.030658
v -0.034971 0.077519 0.030658
v -0.034971 0.077519 0.030658
v -0.034971 0.077519 0.030658
v -0.034971 0.077648 0.030303
v -0.034971 0.077648 0.030303
v -0.034971 0.077648 0.030303
v -0.034971 0.077648 0.030303
v -0.034971 0.077765 0.029943
v -0.034971 0.077765 0.029943
v -0.034971 0.077869 0.029579
v -0.034971 0.077869 0.029579
v -0.034971 0.077961 0.029213
v -0.034971 0.078108 0.028471
v -0.034971 0.078162 0.028096
v -0.034971 0.078204 0.027721
v -0.034971 0.078204 0.027721
v -0.034971 0.078233 0.027343
v -0.034971 0.078249 0.026966
v -0.034971 0.078243 0.026209
v -0.034971 0.078243 0.026209
v -0.034971 0.078185 0.025455
v -0.034971 0.078137 0.02508
v -0.034971 0.078076 0.024707
v -0.034971 0.078003 0.024336
v -0.034971 0.078003 0.024336
v -0.034971 0.078003 0.024336
v -0.034971 0.077917 0.023967
v -0.034971 0.077708 0.023241
v -0.034971 0.077585 0.022883
v -0.034971 0.077585 0.022883
v -0.034971 0.07745 0.02253
v -0.034971 0.077303 0.022181
v -0.034971 0.076792 0.021168
v -0.034971 0.076792 0.021168
v -0.034971 0.076599 0.020843
v -0.034971 0.076599 0.020843
v -0.034971 0.076599 0.020843
v -0.034971 0.076599 0.020843
v -0.034971 0.076396 0.020524
v -0.034971 0.076396 0.020524
v -0.034971 0.076181 0.020213
v -0.034971 0.075956 0.019909
v -0.034971 0.075721 0.019613
v -0.034971 0.075476 0.019324
v -0.034971 0.075476 0.019324
v -0.034971 0.075221 0.019045
v -0.034971 0.075221 0.019045
v -0.034971 0.074403 0.01826
v -0.034971 0.074112 0.018017
v -0.034971 0.073508 0.017563
v -0.034971 0.073508 0.017563
v -0.034971 0.073195 0.017351
v -0.034971 0.071875 0.016614
v -0.034957 0.061034 0.017345
v -0.034957 0.058752 0.01932
v -0.034957 0.058507 0.019608
v -0.034957 0.058046 0.020209
v -0.034957 0.057435 0.021165
v -0.034957 0.057435 0.021165
v -0.034957 0.057253 0.021497
v -0.034957 0.056408 0.0236
v -0.034957 0.05631 0.023966
v -0.034957 0.05615 0.024706
v -0.034957 0.056089 0.025079
v -0.034957 0.063226 0.037124
v -0.034957 0.063944 0.037364
v -0.034957 0.064309 0.037465
v -0.034957 0.066171 0.037785
v -0.034957 0.066171 0.037785
v -0.034957 0.066171 0.037785
v -0.034957 0.066549 0.03781
v -0.034957 0.066549 0.03781
v -0.034957 0.067684 0.03781
v -0.034957 0.068061 0.037785
v -0.034957 0.068061 0.037785
v -0.034957 0.068061 0.037785
v -0.034957 0.068061 0.037785
v -0.034957 0.068438 0.037746
v -0.034957 0.068813 0.037695
v -0.034957 0.069556 0.037554
v -0.034957 0.070289 0.037364
v -0.034957 0.070289 0.037364
v -0.034957 0.070289 0.037364
v -0.034957 0.07065 0.03725
v -0.034957 0.07065 0.03725
v -0.034957 0.07065 0.03725
v -0.034957 0.071006 0.037124
v -0.034957 0.071006 0.037124
v -0.034957 0.071359 0.036986
v -0.034957 0.071359 0.036986
v -0.034957 0.071359 0.036986
v -0.034957 0.071706 0.036836
v -0.034957 0.071706 0.036836
v -0.034957 0.072048 0.036674
v -0.034957 0.072048 0.036674
v -0.034957 0.072385 0.036501
v -0.034957 0.072385 0.036501
v -0.034957 0.072385 0.036501
v -0.034957 0.072715 0.036316
v -0.034957 0.072715 0.036316
v -0.034957 0.072715 0.036316
v -0.034957 0.073039 0.03612
v -0.034957 0.073039 0.03612
v -0.034957 0.073039 0.03612
v -0.034957 0.073356 0.035914
v -0.034957 0.073356 0.035914
v -0.034957 0.073356 0.035914
v -0.034957 0.073666 0.035697
v -0.034957 0.073666 0.035697
v -0.034957 0.073666 0.035697
v -0.034957 0.073666 0.035697
v -0.034957 0.073666 0.035697
v -0.034957 0.073968 0.035469
v -0.034957 0.073968 0.035469
v -0.034957 0.073968 0.035469
v -0.034957 0.074263 0.035231
v -0.034957 0.074549 0.034984
v -0.034957 0.074549 0.034984
v -0.034957 0.074549 0.034984
v -0.034957 0.075095 0.03446
v -0.034957 0.075095 0.03446
v -0.034957 0.075095 0.03446
v -0.034957 0.075355 0.034185
v -0.034957 0.075355 0.034185
v -0.034957 0.075355 0.034185
v -0.034957 0.075355 0.034185
v -0.034957 0.075355 0.034185
v -0.034957 0.075605 0.033901
v -0.034957 0.075605 0.033901
v -0.034957 0.075845 0.033608
v -0.034957 0.076075 0.033308
v -0.034957 0.076075 0.033308
v -0.034957 0.076295 0.033
v -0.034957 0.076504 0.032684
v -0.034957 0.076504 0.032684
v -0.034957 0.076703 0.032362
v -0.034957 0.076703 0.032362
v -0.034957 0.07689 0.032033
v -0.034957 0.07689 0.032033
v -0.034957 0.077066 0.031698
v -0.034957 0.077231 0.031358
v -0.034957 0.077231 0.031358
v -0.034957 0.077384 0.031012
v -0.034957 0.077384 0.031012
v -0.034957 0.077525 0.03066
v -0.034957 0.077525 0.03066
v -0.034957 0.077525 0.03066
v -0.034957 0.077525 0.03066
v -0.034957 0.077654 0.030305
v -0.034957 0.077771 0.029945
v -0.034957 0.077771 0.029945
v -0.034957 0.077771 0.029945
v -0.034957 0.077875 0.029581
v -0.034957 0.077875 0.029581
v -0.034957 0.077875 0.029581
v -0.034957 0.077968 0.029214
v -0.034957 0.077968 0.029214
v -0.034957 0.078047 0.028844
v -0.034957 0.078047 0.028844
v -0.034957 0.078115 0.028472
v -0.034957 0.078115 0.028472
v -0.034957 0.078169 0.028097
v -0.034957 0.078211 0.027721
v -0.034957 0.07824 0.027344
v -0.034957 0.07824 0.027344
v -0.034957 0.07824 0.027344
v -0.034957 0.078256 0.026966
v -0.034957 0.078256 0.026966
v -0.034957 0.078256 0.026966
v -0.034957 0.078256 0.026966
v -0.034957 0.078259 0.026587
v -0.034957 0.078259 0.026587
v -0.034957 0.078249 0.026209
v -0.034957 0.078249 0.026209
v -0.034957 0.078191 0.025454
v -0.034957 0.078143 0.025079
v -0.034957 0.078083 0.024706
v -0.034957 0.078083 0.024706
v -0.034957 0.077825 0.0236
v -0.034957 0.077825 0.0236
v -0.034957 0.077714 0.023239
v -0.034957 0.077714 0.023239
v -0.034957 0.077714 0.023239
v -0.034957 0.077591 0.022881
v -0.034957 0.077456 0.022527
v -0.034957 0.077309 0.022179
v -0.034957 0.076798 0.021165
v -0.034957 0.076605 0.02084
v -0.034957 0.076605 0.02084
v -0.034957 0.076401 0.020521
v -0.034957 0.076401 0.020521
v -0.034957 0.076186 0.020209
v -0.034957 0.076186 0.020209
v -0.034957 0.075961 0.019905
v -0.034957 0.075961 0.019905
v -0.034957 0.075481 0.01932
v -0.034957 0.074962 0.018769
v -0.034957 0.074689 0.018507
v -0.034957 0.073512 0.017557
v -0.034957 0.073198 0.017345
v -0.034957 0.072878 0.017144
v -0.034957 0.072217 0.016775
v -0.034957 0.071878 0.016608
v -0.034943 0.061031 0.01734
v -0.034943 0.060717 0.017552
v -0.034943 0.059002 0.019036
v -0.034943 0.058747 0.019316
v -0.034943 0.058747 0.019316
v -0.034943 0.058747 0.019316
v -0.034943 0.058502 0.019605
v -0.034943 0.056771 0.022525
v -0.034943 0.056636 0.022879
v -0.034943 0.056513 0.023237
v -0.034943 0.056513 0.023237
v -0.034943 0.056513 0.023237
v -0.034943 0.056402 0.023599
v -0.034943 0.056304 0.023964
v -0.034943 0.056035 0.025454
v -0.034943 0.055977 0.026209
v -0.034943 0.055968 0.026587
v -0.034943 0.055968 0.026587
v -0.034943 0.055971 0.026966
v -0.034943 0.056843 0.031014
v -0.034943 0.062872 0.036991
v -0.034943 0.063224 0.037129
v -0.034943 0.065794 0.037752
v -0.034943 0.065794 0.037752
v -0.034943 0.066171 0.037791
v -0.034943 0.066171 0.037791
v -0.034943 0.066171 0.037791
v -0.034943 0.066171 0.037791
v -0.034943 0.066171 0.037791
v -0.034943 0.066549 0.037816
v -0.034943 0.067684 0.037816
v -0.034943 0.067684 0.037816
v -0.034943 0.068062 0.037791
v -0.034943 0.068062 0.037791
v -0.034943 0.068062 0.037791
v -0.034943 0.068439 0.037752
v -0.034943 0.069187 0.037637
v -0.034943 0.069187 0.037637
v -0.034943 0.069558 0.03756
v -0.034943 0.069558 0.03756
v -0.034943 0.069926 0.037471
v -0.034943 0.07029 0.037369
v -0.034943 0.07029 0.037369
v -0.034943 0.070652 0.037256
v -0.034943 0.070652 0.037256
v -0.034943 0.071009 0.037129
v -0.034943 0.071009 0.037129
v -0.034943 0.071709 0.036841
v -0.034943 0.072051 0.036679
v -0.034943 0.072051 0.036679
v -0.034943 0.072051 0.036679
v -0.034943 0.072388 0.036506
v -0.034943 0.072718 0.036321
v -0.034943 0.073042 0.036126
v -0.034943 0.07336 0.035919
v -0.034943 0.07336 0.035919
v -0.034943 0.07367 0.035702
v -0.034943 0.07367 0.035702
v -0.034943 0.074267 0.035236
v -0.034943 0.074553 0.034988
v -0.034943 0.074831 0.034731
v -0.034943 0.0751 0.034464
v -0.034943 0.0751 0.034464
v -0.034943 0.0751 0.034464
v -0.034943 0.0751 0.034464
v -0.034943 0.075359 0.034189
v -0.034943 0.075359 0.034189
v -0.034943 0.075609 0.033905
v -0.034943 0.07585 0.033612
v -0.034943 0.07608 0.033311
v -0.034943 0.0763 0.033003
v -0.034943 0.0763 0.033003
v -0.034943 0.076509 0.032688
v -0.034943 0.076509 0.032688
v -0.034943 0.076708 0.032365
v -0.034943 0.076708 0.032365
v -0.034943 0.076895 0.032036
v -0.034943 0.077072 0.031701
v -0.034943 0.077072 0.031701
v -0.034943 0.077072 0.031701
v -0.034943 0.077072 0.031701
v -0.034943 0.077236 0.03136
v -0.034943 0.077236 0.03136
v -0.034943 0.077236 0.03136
v -0.034943 0.077389 0.031014
v -0.034943 0.077389 0.031014
v -0.034943 0.077531 0.030663
v -0.034943 0.07766 0.030307
v -0.034943 0.077777 0.029947
v -0.034943 0.077777 0.029947
v -0.034943 0.077974 0.029216
v -0.034943 0.078053 0.028845
v -0.034943 0.078121 0.028473
v -0.034943 0.078217 0.027722
v -0.034943 0.078246 0.027344
v -0.034943 0.078246 0.027344
v -0.034943 0.078262 0.026966
v -0.034943 0.078262 0.026966
v -0.034943 0.078262 0.026966
v -0.034943 0.078265 0.026587
v -0.034943 0.078265 0.026587
v -0.034943 0.078255 0.026209
v -0.034943 0.078255 0.026209
v -0.034943 0.078233 0.025831
v -0.034943 0.078233 0.025831
v -0.034943 0.078197 0.025454
v -0.034943 0.078149 0.025078
v -0.034943 0.077831 0.023599
v -0.034943 0.077831 0.023599
v -0.034943 0.07772 0.023237
v -0.034943 0.07772 0.023237
v -0.034943 0.07772 0.023237
v -0.034943 0.077597 0.022879
v -0.034943 0.077461 0.022525
v -0.034943 0.077461 0.022525
v -0.034943 0.07661 0.020836
v -0.034943 0.076406 0.020517
v -0.034943 0.076191 0.020205
v -0.034943 0.075966 0.019901
v -0.034943 0.075231 0.019036
v -0.034943 0.074966 0.018765
v -0.034943 0.074966 0.018765
v -0.034943 0.074966 0.018765
v -0.034943 0.074693 0.018503
v -0.034943 0.074693 0.018503
v -0.034943 0.073822 0.017775
v -0.034943 0.073822 0.017775
v -0.034943 0.073515 0.017552
v -0.034943 0.073515 0.017552
v -0.034943 0.073202 0.01734
v -0.034929 0.061028 0.017335
v -0.034929 0.058998 0.019032
v -0.034929 0.058743 0.019312
v -0.034929 0.058743 0.019312
v -0.034929 0.058497 0.019601
v -0.034929 0.057618 0.020833
v -0.034929 0.057425 0.021159
v -0.034929 0.057243 0.021492
v -0.034929 0.057072 0.02183
v -0.034929 0.056913 0.022174
v -0.034929 0.056766 0.022523
v -0.034929 0.056631 0.022877
v -0.034929 0.056631 0.022877
v -0.034929 0.056631 0.022877
v -0.034929 0.056508 0.023235
v -0.034929 0.056508 0.023235
v -0.034929 0.056508 0.023235
v -0.034929 0.056397 0.023597
v -0.034929 0.056397 0.023597
v -0.034929 0.056298 0.023963
v -0.034929 0.056212 0.024332
v -0.034929 0.056139 0.024704
v -0.034929 0.056078 0.025077
v -0.034929 0.056078 0.025077
v -0.034929 0.05603 0.025453
v -0.034929 0.055972 0.026208
v -0.034929 0.055962 0.026587
v -0.034929 0.05601 0.027722
v -0.034929 0.056107 0.028474
v -0.034929 0.056174 0.028846
v -0.034929 0.056174 0.028846
v -0.034929 0.056254 0.029217
v -0.034929 0.056697 0.030665
v -0.034929 0.056838 0.031016
v -0.034929 0.06287 0.036996
v -0.034929 0.064306 0.037477
v -0.034929 0.064674 0.037566
v -0.034929 0.065794 0.037758
v -0.034929 0.065794 0.037758
v -0.034929 0.06617 0.037796
v -0.034929 0.066927 0.037835
v -0.034929 0.067684 0.037822
v -0.034929 0.068062 0.037796
v -0.034929 0.068439 0.037758
v -0.034929 0.068815 0.037706
v -0.034929 0.069188 0.037642
v -0.034929 0.069188 0.037642
v -0.034929 0.069188 0.037642
v -0.034929 0.069559 0.037566
v -0.034929 0.069559 0.037566
v -0.034929 0.070292 0.037375
v -0.034929 0.070653 0.037261
v -0.034929 0.070653 0.037261
v -0.034929 0.070653 0.037261
v -0.034929 0.07101 0.037135
v -0.034929 0.071711 0.036846
v -0.034929 0.072053 0.036684
v -0.034929 0.07239 0.036511
v -0.034929 0.072721 0.036326
v -0.034929 0.074835 0.034735
v -0.034929 0.075104 0.034468
v -0.034929 0.075104 0.034468
v -0.034929 0.075363 0.034193
v -0.034929 0.075614 0.033908
v -0.034929 0.075614 0.033908
v -0.034929 0.075854 0.033615
v -0.034929 0.076085 0.033315
v -0.034929 0.076305 0.033006
v -0.034929 0.076713 0.032368
v -0.034929 0.0769 0.032039
v -0.034929 0.0769 0.032039
v -0.034929 0.077077 0.031704
v -0.034929 0.077077 0.031704
v -0.034929 0.077077 0.031704
v -0.034929 0.077077 0.031704
v -0.034929 0.077241 0.031363
v -0.034929 0.077241 0.031363
v -0.034929 0.077241 0.031363
v -0.034929 0.077394 0.031016
v -0.034929 0.077394 0.031016
v -0.034929 0.077394 0.031016
v -0.034929 0.077394 0.031016
v -0.034929 0.077536 0.030665
v -0.034929 0.077536 0.030665
v -0.034929 0.077665 0.030308
v -0.034929 0.077665 0.030308
v -0.034929 0.077782 0.029948
v -0.034929 0.077782 0.029948
v -0.034929 0.077887 0.029584
v -0.034929 0.077887 0.029584
v -0.034929 0.077979 0.029217
v -0.034929 0.078059 0.028846
v -0.034929 0.078059 0.028846
v -0.034929 0.078059 0.028846
v -0.034929 0.078126 0.028474
v -0.034929 0.078126 0.028474
v -0.034929 0.078181 0.028099
v -0.034929 0.078181 0.028099
v -0.034929 0.078222 0.027722
v -0.034929 0.078251 0.027344
v -0.034929 0.078251 0.027344
v -0.034929 0.078267 0.026966
v -0.034929 0.078271 0.026587
v -0.034929 0.078271 0.026587
v -0.034929 0.078271 0.026587
v -0.034929 0.078261 0.026208
v -0.034929 0.078261 0.026208
v -0.034929 0.078261 0.026208
v -0.034929 0.078261 0.026208
v -0.034929 0.078261 0.026208
v -0.034929 0.078238 0.02583
v -0.034929 0.078238 0.02583
v -0.034929 0.078238 0.02583
v -0.034929 0.078155 0.025077
v -0.034929 0.078021 0.024332
v -0.034929 0.077935 0.023963
v -0.034929 0.077836 0.023597
v -0.034929 0.077836 0.023597
v -0.034929 0.077836 0.023597
v -0.034929 0.077725 0.023235
v -0.034929 0.077725 0.023235
v -0.034929 0.077725 0.023235
v -0.034929 0.077602 0.022877
v -0.034929 0.077602 0.022877
v -0.034929 0.077602 0.022877
v -0.034929 0.077467 0.022523
v -0.034929 0.077467 0.022523
v -0.034929 0.077467 0.022523
v -0.034929 0.077319 0.022174
v -0.034929 0.07716 0.02183
v -0.034929 0.07716 0.02183
v -0.034929 0.07699 0.021492
v -0.034929 0.07699 0.021492
v -0.034929 0.076808 0.021159
v -0.034929 0.076615 0.020833
v -0.034929 0.076411 0.020514
v -0.034929 0.076196 0.020202
v -0.034929 0.076196 0.020202
v -0.034929 0.075971 0.019898
v -0.034929 0.07549 0.019312
v -0.034929 0.075235 0.019032
v -0.034929 0.07497 0.018761
v -0.034929 0.07497 0.018761
v -0.034929 0.074697 0.018499
v -0.034929 0.073825 0.01777
v -0.034914 0.063043 0.016292
v -0.034914 0.062693 0.016436
v -0.034914 0.061346 0.01713
v -0.034914 0.061025 0.017331
v -0.034914 0.060404 0.017766
v -0.034914 0.060106 0.017999
v -0.034914 0.060106 0.017999
v -0.034914 0.059815 0.018242
v -0.034914 0.058739 0.019309
v -0.034914 0.057614 0.020831
v -0.034914 0.05742 0.021157
v -0.034914 0.057238 0.021489
v -0.034914 0.057238 0.021489
v -0.034914 0.057068 0.021828
v -0.034914 0.056626 0.022875
v -0.034914 0.056626 0.022875
v -0.034914 0.056503 0.023233
v -0.034914 0.056503 0.023233
v -0.034914 0.056293 0.023962
v -0.034914 0.056207 0.024331
v -0.034914 0.056134 0.024703
v -0.034914 0.055989 0.02583
v -0.034914 0.055957 0.026587
v -0.034914 0.055976 0.027345
v -0.034914 0.056005 0.027723
v -0.034914 0.056005 0.027723
v -0.034914 0.056047 0.028099
v -0.034914 0.056047 0.028099
v -0.034914 0.056102 0.028474
v -0.034914 0.056102 0.028474
v -0.034914 0.056102 0.028474
v -0.034914 0.056102 0.028474
v -0.034914 0.056169 0.028847
v -0.034914 0.056169 0.028847
v -0.034914 0.064304 0.037481
v -0.034914 0.066548 0.037827
v -0.034914 0.066927 0.03784
v -0.034914 0.067306 0.03784
v -0.034914 0.067685 0.037827
v -0.034914 0.067685 0.037827
v -0.034914 0.067685 0.037827
v -0.034914 0.068063 0.037801
v -0.034914 0.06844 0.037763
v -0.034914 0.06844 0.037763
v -0.034914 0.068815 0.037712
v -0.034914 0.069189 0.037647
v -0.034914 0.069189 0.037647
v -0.034914 0.069189 0.037647
v -0.034914 0.069189 0.037647
v -0.034914 0.06956 0.037571
v -0.034914 0.06956 0.037571
v -0.034914 0.06956 0.037571
v -0.034914 0.069928 0.037481
v -0.034914 0.070293 0.03738
v -0.034914 0.070655 0.037266
v -0.034914 0.071365 0.037001
v -0.034914 0.071713 0.036851
v -0.034914 0.071713 0.036851
v -0.034914 0.071713 0.036851
v -0.034914 0.072056 0.036689
v -0.034914 0.072393 0.036515
v -0.034914 0.072393 0.036515
v -0.034914 0.072724 0.036331
v -0.034914 0.073366 0.035928
v -0.034914 0.073676 0.03571
v -0.034914 0.073979 0.035482
v -0.034914 0.073979 0.035482
v -0.034914 0.074274 0.035244
v -0.034914 0.074274 0.035244
v -0.034914 0.07456 0.034996
v -0.034914 0.074838 0.034739
v -0.034914 0.074838 0.034739
v -0.034914 0.075107 0.034472
v -0.034914 0.075107 0.034472
v -0.034914 0.075367 0.034196
v -0.034914 0.075367 0.034196
v -0.034914 0.075367 0.034196
v -0.034914 0.075618 0.033912
v -0.034914 0.075618 0.033912
v -0.034914 0.075858 0.033619
v -0.034914 0.075858 0.033619
v -0.034914 0.076089 0.033318
v -0.034914 0.076309 0.033009
v -0.034914 0.076518 0.032694
v -0.034914 0.076717 0.032371
v -0.034914 0.076717 0.032371
v -0.034914 0.076717 0.032371
v -0.034914 0.076905 0.032041
v -0.034914 0.077081 0.031706
v -0.034914 0.077081 0.031706
v -0.034914 0.077246 0.031365
v -0.034914 0.077246 0.031365
v -0.034914 0.077246 0.031365
v -0.034914 0.077399 0.031018
v -0.034914 0.077399 0.031018
v -0.034914 0.077399 0.031018
v -0.034914 0.077541 0.030666
v -0.034914 0.07767 0.03031
v -0.034914 0.077787 0.02995
v -0.034914 0.077787 0.02995
v -0.034914 0.077892 0.029585
v -0.034914 0.077984 0.029218
v -0.034914 0.077984 0.029218
v -0.034914 0.077984 0.029218
v -0.034914 0.077984 0.029218
v -0.034914 0.078064 0.028847
v -0.034914 0.078064 0.028847
v -0.034914 0.078064 0.028847
v -0.034914 0.078064 0.028847
v -0.034914 0.078131 0.028474
v -0.034914 0.078131 0.028474
v -0.034914 0.078131 0.028474
v -0.034914 0.078131 0.028474
v -0.034914 0.078131 0.028474
v -0.034914 0.078186 0.028099
v -0.034914 0.078186 0.028099
v -0.034914 0.078186 0.028099
v -0.034914 0.078186 0.028099
v -0.034914 0.078227 0.027723
v -0.034914 0.078227 0.027723
v -0.034914 0.078227 0.027723
v -0.034914 0.078256 0.027345
v -0.034914 0.078272 0.026966
v -0.034914 0.078276 0.026587
v -0.034914 0.078276 0.026587
v -0.034914 0.078276 0.026587
v -0.034914 0.078266 0.026208
v -0.034914 0.078266 0.026208
v -0.034914 0.078243 0.02583
v -0.034914 0.078243 0.02583
v -0.034914 0.078208 0.025453
v -0.034914 0.078208 0.025453
v -0.034914 0.078208 0.025453
v -0.034914 0.07816 0.025077
v -0.034914 0.07816 0.025077
v -0.034914 0.07816 0.025077
v -0.034914 0.078099 0.024703
v -0.034914 0.078099 0.024703
v -0.034914 0.078026 0.024331
v -0.034914 0.078026 0.024331
v -0.034914 0.077939 0.023962
v -0.034914 0.077939 0.023962
v -0.034914 0.077841 0.023596
v -0.034914 0.077607 0.022875
v -0.034914 0.077607 0.022875
v -0.034914 0.077607 0.022875
v -0.034914 0.077471 0.022521
v -0.034914 0.077324 0.022172
v -0.034914 0.077324 0.022172
v -0.034914 0.077165 0.021828
v -0.034914 0.077165 0.021828
v -0.034914 0.076994 0.021489
v -0.034914 0.076994 0.021489
v -0.034914 0.076994 0.021489
v -0.034914 0.076812 0.021157
v -0.034914 0.076619 0.020831
v -0.034914 0.076619 0.020831
v -0.034914 0.076415 0.020511
v -0.034914 0.0762 0.020199
v -0.034914 0.075975 0.019895
v -0.034914 0.075739 0.019598
v -0.034914 0.075739 0.019598
v -0.034914 0.075739 0.019598
v -0.034914 0.075494 0.019309
v -0.034914 0.075494 0.019309
v -0.034914 0.075494 0.019309
v -0.034914 0.075238 0.019029
v -0.034914 0.074974 0.018757
v -0.034914 0.074418 0.018242
v -0.034914 0.074127 0.017999
v -0.034899 0.063042 0.016288
v -0.034899 0.061344 0.017126
v -0.034899 0.060708 0.01754
v -0.034899 0.060402 0.017762
v -0.034899 0.060402 0.017762
v -0.034899 0.060103 0.017996
v -0.034899 0.060103 0.017996
v -0.034899 0.058991 0.019026
v -0.034899 0.058736 0.019306
v -0.034899 0.058736 0.019306
v -0.034899 0.05849 0.019595
v -0.034899 0.057814 0.020509
v -0.034899 0.05761 0.020828
v -0.034899 0.05761 0.020828
v -0.034899 0.057416 0.021155
v -0.034899 0.057416 0.021155
v -0.034899 0.057416 0.021155
v -0.034899 0.057234 0.021487
v -0.034899 0.057234 0.021487
v -0.034899 0.057234 0.021487
v -0.034899 0.057064 0.021826
v -0.034899 0.057064 0.021826
v -0.034899 0.056904 0.02217
v -0.034899 0.056622 0.022873
v -0.034899 0.056068 0.025076
v -0.034899 0.05602 0.025452
v -0.034899 0.055985 0.02583
v -0.034899 0.055962 0.026208
v -0.034899 0.055962 0.026208
v -0.034899 0.055952 0.026587
v -0.034899 0.055956 0.026966
v -0.034899 0.055972 0.027345
v -0.034899 0.056001 0.027723
v -0.034899 0.056042 0.0281
v -0.034899 0.056042 0.0281
v -0.034899 0.056097 0.028475
v -0.034899 0.056164 0.028848
v -0.034899 0.056244 0.029219
v -0.034899 0.063219 0.037144
v -0.034899 0.063576 0.03727
v -0.034899 0.067306 0.037845
v -0.034899 0.067685 0.037832
v -0.034899 0.067685 0.037832
v -0.034899 0.067685 0.037832
v -0.034899 0.068063 0.037806
v -0.034899 0.068063 0.037806
v -0.034899 0.06844 0.037767
v -0.034899 0.06919 0.037652
v -0.034899 0.06919 0.037652
v -0.034899 0.069561 0.037575
v -0.034899 0.069561 0.037575
v -0.034899 0.069561 0.037575
v -0.034899 0.06993 0.037486
v -0.034899 0.071367 0.037005
v -0.034899 0.071367 0.037005
v -0.034899 0.071715 0.036855
v -0.034899 0.071715 0.036855
v -0.034899 0.072395 0.03652
v -0.034899 0.07305 0.036139
v -0.034899 0.073368 0.035932
v -0.034899 0.073368 0.035932
v -0.034899 0.073679 0.035714
v -0.034899 0.073679 0.035714
v -0.034899 0.073982 0.035486
v -0.034899 0.073982 0.035486
v -0.034899 0.073982 0.035486
v -0.034899 0.073982 0.035486
v -0.034899 0.073982 0.035486
v -0.034899 0.073982 0.035486
v -0.034899 0.074276 0.035248
v -0.034899 0.074276 0.035248
v -0.034899 0.074276 0.035248
v -0.034899 0.074563 0.035
v -0.034899 0.074841 0.034742
v -0.034899 0.075111 0.034475
v -0.034899 0.075371 0.034199
v -0.034899 0.075371 0.034199
v -0.034899 0.075371 0.034199
v -0.034899 0.075621 0.033914
v -0.034899 0.075862 0.033622
v -0.034899 0.075862 0.033622
v -0.034899 0.075862 0.033622
v -0.034899 0.076092 0.033321
v -0.034899 0.076092 0.033321
v -0.034899 0.076092 0.033321
v -0.034899 0.076092 0.033321
v -0.034899 0.076313 0.033012
v -0.034899 0.076313 0.033012
v -0.034899 0.076522 0.032696
v -0.034899 0.076522 0.032696
v -0.034899 0.076522 0.032696
v -0.034899 0.076721 0.032373
v -0.034899 0.076721 0.032373
v -0.034899 0.076909 0.032044
v -0.034899 0.077085 0.031708
v -0.034899 0.077085 0.031708
v -0.034899 0.077403 0.03102
v -0.034899 0.077545 0.030668
v -0.034899 0.077545 0.030668
v -0.034899 0.077545 0.030668
v -0.034899 0.077674 0.030312
v -0.034899 0.077674 0.030312
v -0.034899 0.077791 0.029951
v -0.034899 0.077896 0.029587
v -0.034899 0.077896 0.029587
v -0.034899 0.077989 0.029219
v -0.034899 0.077989 0.029219
v -0.034899 0.077989 0.029219
v -0.034899 0.077989 0.029219
v -0.034899 0.078068 0.028848
v -0.034899 0.078068 0.028848
v -0.034899 0.078068 0.028848
v -0.034899 0.078136 0.028475
v -0.034899 0.078136 0.028475
v -0.034899 0.078136 0.028475
v -0.034899 0.078136 0.028475
v -0.034899 0.07819 0.0281
v -0.034899 0.07819 0.0281
v -0.034899 0.078261 0.027345
v -0.034899 0.078277 0.026966
v -0.034899 0.078277 0.026966
v -0.034899 0.078271 0.026208
v -0.034899 0.078248 0.02583
v -0.034899 0.078248 0.02583
v -0.034899 0.078248 0.02583
v -0.034899 0.078248 0.02583
v -0.034899 0.078213 0.025452
v -0.034899 0.078213 0.025452
v -0.034899 0.078165 0.025076
v -0.034899 0.078165 0.025076
v -0.034899 0.078165 0.025076
v -0.034899 0.078165 0.025076
v -0.034899 0.078104 0.024702
v -0.034899 0.078104 0.024702
v -0.034899 0.078104 0.024702
v -0.034899 0.07803 0.02433
v -0.034899 0.07803 0.02433
v -0.034899 0.07803 0.02433
v -0.034899 0.077944 0.023961
v -0.034899 0.077845 0.023594
v -0.034899 0.077734 0.023232
v -0.034899 0.077734 0.023232
v -0.034899 0.077611 0.022873
v -0.034899 0.077611 0.022873
v -0.034899 0.077611 0.022873
v -0.034899 0.077476 0.022519
v -0.034899 0.077476 0.022519
v -0.034899 0.077328 0.02217
v -0.034899 0.077328 0.02217
v -0.034899 0.077169 0.021826
v -0.034899 0.077169 0.021826
v -0.034899 0.076999 0.021487
v -0.034899 0.076999 0.021487
v -0.034899 0.076816 0.021155
v -0.034899 0.076816 0.021155
v -0.034899 0.076816 0.021155
v -0.034899 0.076816 0.021155
v -0.034899 0.076623 0.020828
v -0.034899 0.076623 0.020828
v -0.034899 0.076204 0.020197
v -0.034899 0.076204 0.020197
v -0.034899 0.075978 0.019892
v -0.034899 0.075978 0.019892
v -0.034899 0.075743 0.019595
v -0.034899 0.075743 0.019595
v -0.034899 0.075497 0.019306
v -0.034899 0.075242 0.019026
v -0.034899 0.074977 0.018754
v -0.034899 0.074421 0.018239
v -0.034899 0.073524 0.01754
v -0.034899 0.07321 0.017327
v -0.034885 0.06167 0.016932
v -0.034885 0.060706 0.017536
v -0.034885 0.060399 0.017759
v -0.034885 0.0601 0.017992
v -0.034885 0.059809 0.018236
v -0.034885 0.059526 0.018489
v -0.034885 0.058988 0.019023
v -0.034885 0.058733 0.019303
v -0.034885 0.058025 0.020194
v -0.034885 0.058025 0.020194
v -0.034885 0.05781 0.020507
v -0.034885 0.05781 0.020507
v -0.034885 0.05781 0.020507
v -0.034885 0.057606 0.020826
v -0.034885 0.057606 0.020826
v -0.034885 0.057606 0.020826
v -0.034885 0.057413 0.021152
v -0.034885 0.057413 0.021152
v -0.034885 0.057231 0.021485
v -0.034885 0.057231 0.021485
v -0.034885 0.057231 0.021485
v -0.034885 0.05706 0.021824
v -0.034885 0.056901 0.022168
v -0.034885 0.056901 0.022168
v -0.034885 0.056753 0.022518
v -0.034885 0.056618 0.022872
v -0.034885 0.056125 0.024701
v -0.034885 0.056064 0.025075
v -0.034885 0.056016 0.025452
v -0.034885 0.05598 0.025829
v -0.034885 0.055958 0.026208
v -0.034885 0.055948 0.026587
v -0.034885 0.055952 0.026966
v -0.034885 0.05616 0.028849
v -0.034885 0.05732 0.032046
v -0.034885 0.057508 0.032375
v -0.034885 0.063217 0.037148
v -0.034885 0.063575 0.037274
v -0.034885 0.066927 0.037849
v -0.034885 0.067306 0.037849
v -0.034885 0.067685 0.037836
v -0.034885 0.067685 0.037836
v -0.034885 0.068064 0.03781
v -0.034885 0.068064 0.03781
v -0.034885 0.069191 0.037656
v -0.034885 0.069191 0.037656
v -0.034885 0.069562 0.037579
v -0.034885 0.069562 0.037579
v -0.034885 0.069562 0.037579
v -0.034885 0.069931 0.03749
v -0.034885 0.071368 0.037009
v -0.034885 0.071368 0.037009
v -0.034885 0.071717 0.036859
v -0.034885 0.07206 0.036697
v -0.034885 0.072397 0.036523
v -0.034885 0.072397 0.036523
v -0.034885 0.072728 0.036338
v -0.034885 0.072728 0.036338
v -0.034885 0.073053 0.036142
v -0.034885 0.073053 0.036142
v -0.034885 0.073053 0.036142
v -0.034885 0.07337 0.035935
v -0.034885 0.07337 0.035935
v -0.034885 0.07337 0.035935
v -0.034885 0.073681 0.035717
v -0.034885 0.073681 0.035717
v -0.034885 0.073681 0.035717
v -0.034885 0.073984 0.035489
v -0.034885 0.073984 0.035489
v -0.034885 0.073984 0.035489
v -0.034885 0.074279 0.035251
v -0.034885 0.074279 0.035251
v -0.034885 0.074566 0.035003
v -0.034885 0.074844 0.034745
v -0.034885 0.075114 0.034478
v -0.034885 0.075114 0.034478
v -0.034885 0.075114 0.034478
v -0.034885 0.075114 0.034478
v -0.034885 0.075374 0.034202
v -0.034885 0.075374 0.034202
v -0.034885 0.075865 0.033624
v -0.034885 0.075865 0.033624
v -0.034885 0.076096 0.033323
v -0.034885 0.076096 0.033323
v -0.034885 0.076316 0.033014
v -0.034885 0.076316 0.033014
v -0.034885 0.076526 0.032698
v -0.034885 0.076526 0.032698
v -0.034885 0.076725 0.032375
v -0.034885 0.076725 0.032375
v -0.034885 0.076913 0.032046
v -0.034885 0.076913 0.032046
v -0.034885 0.077407 0.031021
v -0.034885 0.077407 0.031021
v -0.034885 0.077549 0.03067
v -0.034885 0.077549 0.03067
v -0.034885 0.077549 0.03067
v -0.034885 0.077549 0.03067
v -0.034885 0.077678 0.030313
v -0.034885 0.077678 0.030313
v -0.034885 0.077795 0.029952
v -0.034885 0.077795 0.029952
v -0.034885 0.0779 0.029588
v -0.034885 0.0779 0.029588
v -0.034885 0.077993 0.02922
v -0.034885 0.077993 0.02922
v -0.034885 0.077993 0.02922
v -0.034885 0.077993 0.02922
v -0.034885 0.078073 0.028849
v -0.034885 0.078073 0.028849
v -0.034885 0.078073 0.028849
v -0.034885 0.07814 0.028476
v -0.034885 0.07814 0.028476
v -0.034885 0.07814 0.028476
v -0.034885 0.078194 0.0281
v -0.034885 0.078265 0.027345
v -0.034885 0.078265 0.027345
v -0.034885 0.078265 0.027345
v -0.034885 0.078281 0.026966
v -0.034885 0.078281 0.026966
v -0.034885 0.078284 0.026587
v -0.034885 0.078284 0.026587
v -0.034885 0.078284 0.026587
v -0.034885 0.078275 0.026208
v -0.034885 0.078275 0.026208
v -0.034885 0.078275 0.026208
v -0.034885 0.078252 0.025829
v -0.034885 0.078252 0.025829
v -0.034885 0.078252 0.025829
v -0.034885 0.078217 0.025452
v -0.034885 0.078169 0.025075
v -0.034885 0.078169 0.025075
v -0.034885 0.078108 0.024701
v -0.034885 0.077948 0.02396
v -0.034885 0.077948 0.02396
v -0.034885 0.077849 0.023593
v -0.034885 0.077849 0.023593
v -0.034885 0.077849 0.023593
v -0.034885 0.077738 0.023231
v -0.034885 0.077738 0.023231
v -0.034885 0.077738 0.023231
v -0.034885 0.077615 0.022872
v -0.034885 0.077615 0.022872
v -0.034885 0.077615 0.022872
v -0.034885 0.077479 0.022518
v -0.034885 0.077479 0.022518
v -0.034885 0.077479 0.022518
v -0.034885 0.077332 0.022168
v -0.034885 0.077332 0.022168
v -0.034885 0.077002 0.021485
v -0.034885 0.077002 0.021485
v -0.034885 0.07682 0.021152
v -0.034885 0.07682 0.021152
v -0.034885 0.07682 0.021152
v -0.034885 0.076627 0.020826
v -0.034885 0.076627 0.020826
v -0.034885 0.076207 0.020194
v -0.034885 0.076207 0.020194
v -0.034885 0.075982 0.019889
v -0.034885 0.075245 0.019023
v -0.034885 0.07498 0.018751
v -0.034885 0.073527 0.017536
v -0.034885 0.073527 0.017536
v -0.03487 0.062002 0.016749
v -0.03487 0.061668 0.016928
v -0.03487 0.059807 0.018233
v -0.03487 0.05873 0.019301
v -0.03487 0.058484 0.01959
v -0.03487 0.058023 0.020192
v -0.03487 0.057807 0.020505
v -0.03487 0.057603 0.020824
v -0.03487 0.057603 0.020824
v -0.03487 0.05741 0.021151
v -0.03487 0.05741 0.021151
v -0.03487 0.057227 0.021484
v -0.03487 0.057227 0.021484
v -0.03487 0.057227 0.021484
v -0.03487 0.056897 0.022167
v -0.03487 0.056897 0.022167
v -0.03487 0.05675 0.022516
v -0.03487 0.05675 0.022516
v -0.03487 0.056614 0.022871
v -0.03487 0.056491 0.02323
v -0.03487 0.05638 0.023592
v -0.03487 0.056121 0.0247
v -0.03487 0.05606 0.025075
v -0.03487 0.05606 0.025075
v -0.03487 0.056012 0.025451
v -0.03487 0.055954 0.026208
v -0.03487 0.055945 0.026587
v -0.03487 0.055945 0.026587
v -0.03487 0.055948 0.026966
v -0.03487 0.055948 0.026966
v -0.03487 0.055964 0.027346
v -0.03487 0.056035 0.028101
v -0.03487 0.056089 0.028476
v -0.03487 0.056157 0.02885
v -0.03487 0.056237 0.029221
v -0.03487 0.056822 0.031023
v -0.03487 0.057317 0.032047
v -0.03487 0.063216 0.037151
v -0.03487 0.063216 0.037151
v -0.03487 0.063574 0.037277
v -0.03487 0.063574 0.037277
v -0.03487 0.066169 0.037814
v -0.03487 0.066547 0.037839
v -0.03487 0.066927 0.037852
v -0.03487 0.067306 0.037852
v -0.03487 0.067685 0.037839
v -0.03487 0.067685 0.037839
v -0.03487 0.068064 0.037814
v -0.03487 0.068817 0.037724
v -0.03487 0.069191 0.03766
v -0.03487 0.069191 0.03766
v -0.03487 0.069563 0.037583
v -0.03487 0.069563 0.037583
v -0.03487 0.070659 0.037277
v -0.03487 0.071017 0.037151
v -0.03487 0.071017 0.037151
v -0.03487 0.07137 0.037013
v -0.03487 0.07137 0.037013
v -0.03487 0.072061 0.0367
v -0.03487 0.072399 0.036526
v -0.03487 0.073055 0.036145
v -0.03487 0.073055 0.036145
v -0.03487 0.073372 0.035938
v -0.03487 0.073372 0.035938
v -0.03487 0.073986 0.035492
v -0.03487 0.074282 0.035254
v -0.03487 0.074568 0.035005
v -0.03487 0.074847 0.034748
v -0.03487 0.074847 0.034748
v -0.03487 0.074847 0.034748
v -0.03487 0.075116 0.034481
v -0.03487 0.075116 0.034481
v -0.03487 0.075116 0.034481
v -0.03487 0.075376 0.034204
v -0.03487 0.075376 0.034204
v -0.03487 0.075627 0.03392
v -0.03487 0.075868 0.033626
v -0.03487 0.075868 0.033626
v -0.03487 0.075868 0.033626
v -0.03487 0.076099 0.033325
v -0.03487 0.076099 0.033325
v -0.03487 0.076099 0.033325
v -0.03487 0.076319 0.033016
v -0.03487 0.076728 0.032377
v -0.03487 0.077092 0.031712
v -0.03487 0.077257 0.03137
v -0.03487 0.077257 0.03137
v -0.03487 0.077257 0.03137
v -0.03487 0.077411 0.031023
v -0.03487 0.077411 0.031023
v -0.03487 0.077552 0.030671
v -0.03487 0.077552 0.030671
v -0.03487 0.077681 0.030314
v -0.03487 0.077681 0.030314
v -0.03487 0.077799 0.029953
v -0.03487 0.077904 0.029589
v -0.03487 0.077904 0.029589
v -0.03487 0.077904 0.029589
v -0.03487 0.077996 0.029221
v -0.03487 0.077996 0.029221
v -0.03487 0.077996 0.029221
v -0.03487 0.078076 0.02885
v -0.03487 0.078143 0.028476
v -0.03487 0.078198 0.028101
v -0.03487 0.07824 0.027724
v -0.03487 0.07824 0.027724
v -0.03487 0.078269 0.027346
v -0.03487 0.078269 0.027346
v -0.03487 0.078285 0.026966
v -0.03487 0.078285 0.026966
v -0.03487 0.078285 0.026966
v -0.03487 0.078288 0.026587
v -0.03487 0.078288 0.026587
v -0.03487 0.078288 0.026587
v -0.03487 0.078288 0.026587
v -0.03487 0.078288 0.026587
v -0.03487 0.078278 0.026208
v -0.03487 0.078278 0.026208
v -0.03487 0.078278 0.026208
v -0.03487 0.078278 0.026208
v -0.03487 0.078256 0.025829
v -0.03487 0.078256 0.025829
v -0.03487 0.078256 0.025829
v -0.03487 0.078172 0.025075
v -0.03487 0.078111 0.0247
v -0.03487 0.078038 0.024328
v -0.03487 0.077951 0.023959
v -0.03487 0.077951 0.023959
v -0.03487 0.077853 0.023592
v -0.03487 0.077853 0.023592
v -0.03487 0.077853 0.023592
v -0.03487 0.077742 0.02323
v -0.03487 0.077742 0.02323
v -0.03487 0.077618 0.022871
v -0.03487 0.077618 0.022871
v -0.03487 0.077618 0.022871
v -0.03487 0.077483 0.022516
v -0.03487 0.077176 0.021822
v -0.03487 0.077176 0.021822
v -0.03487 0.077005 0.021484
v -0.03487 0.076823 0.021151
v -0.03487 0.076425 0.020505
v -0.03487 0.07621 0.020192
v -0.03487 0.07621 0.020192
v -0.03487 0.07621 0.020192
v -0.03487 0.075985 0.019887
v -0.03487 0.075985 0.019887
v -0.03487 0.075985 0.019887
v -0.03487 0.075247 0.01902
v -0.03487 0.073836 0.017756
v -0.03487 0.073529 0.017533
v -0.034855 0.063038 0.016278
v -0.034855 0.062341 0.016578
v -0.034855 0.062341 0.016578
v -0.034855 0.062001 0.016746
v -0.034855 0.061666 0.016926
v -0.034855 0.058727 0.019299
v -0.034855 0.058727 0.019299
v -0.034855 0.058482 0.019588
v -0.034855 0.058482 0.019588
v -0.034855 0.057805 0.020503
v -0.034855 0.057805 0.020503
v -0.034855 0.0576 0.020823
v -0.034855 0.0576 0.020823
v -0.034855 0.057407 0.021149
v -0.034855 0.057407 0.021149
v -0.034855 0.057225 0.021482
v -0.034855 0.057225 0.021482
v -0.034855 0.057054 0.021821
v -0.034855 0.056894 0.022165
v -0.034855 0.056612 0.02287
v -0.034855 0.056488 0.023229
v -0.034855 0.056488 0.023229
v -0.034855 0.056278 0.023958
v -0.034855 0.056192 0.024328
v -0.034855 0.056192 0.024328
v -0.034855 0.056118 0.0247
v -0.034855 0.056118 0.0247
v -0.034855 0.055951 0.026208
v -0.034855 0.055942 0.026587
v -0.034855 0.055945 0.026967
v -0.034855 0.055961 0.027346
v -0.034855 0.05599 0.027724
v -0.034855 0.056032 0.028101
v -0.034855 0.056154 0.02885
v -0.034855 0.056326 0.02959
v -0.034855 0.056678 0.030672
v -0.034855 0.056819 0.031024
v -0.034855 0.057911 0.033018
v -0.034855 0.063215 0.037154
v -0.034855 0.065791 0.037778
v -0.034855 0.066169 0.037817
v -0.034855 0.067306 0.037856
v -0.034855 0.068442 0.037778
v -0.034855 0.068442 0.037778
v -0.034855 0.068818 0.037727
v -0.034855 0.068818 0.037727
v -0.034855 0.069192 0.037663
v -0.034855 0.069563 0.037586
v -0.034855 0.069932 0.037496
v -0.034855 0.070298 0.037395
v -0.034855 0.070298 0.037395
v -0.034855 0.07066 0.03728
v -0.034855 0.07066 0.03728
v -0.034855 0.07066 0.03728
v -0.034855 0.07066 0.03728
v -0.034855 0.071018 0.037154
v -0.034855 0.071018 0.037154
v -0.034855 0.071371 0.037015
v -0.034855 0.0724 0.036529
v -0.034855 0.072731 0.036344
v -0.034855 0.073056 0.036148
v -0.034855 0.073685 0.035723
v -0.034855 0.073988 0.035495
v -0.034855 0.073988 0.035495
v -0.034855 0.073988 0.035495
v -0.034855 0.074283 0.035256
v -0.034855 0.074283 0.035256
v -0.034855 0.074283 0.035256
v -0.034855 0.07457 0.035008
v -0.034855 0.07457 0.035008
v -0.034855 0.07457 0.035008
v -0.034855 0.074849 0.03475
v -0.034855 0.074849 0.03475
v -0.034855 0.074849 0.03475
v -0.034855 0.074849 0.03475
v -0.034855 0.075118 0.034483
v -0.034855 0.075118 0.034483
v -0.034855 0.075118 0.034483
v -0.034855 0.075379 0.034206
v -0.034855 0.075629 0.033922
v -0.034855 0.075629 0.033922
v -0.034855 0.07587 0.033628
v -0.034855 0.07587 0.033628
v -0.034855 0.07587 0.033628
v -0.034855 0.07587 0.033628
v -0.034855 0.076101 0.033327
v -0.034855 0.076101 0.033327
v -0.034855 0.076101 0.033327
v -0.034855 0.076322 0.033018
v -0.034855 0.076322 0.033018
v -0.034855 0.076532 0.032702
v -0.034855 0.07673 0.032379
v -0.034855 0.07673 0.032379
v -0.034855 0.07673 0.032379
v -0.034855 0.076918 0.032049
v -0.034855 0.077095 0.031713
v -0.034855 0.077095 0.031713
v -0.034855 0.07726 0.031371
v -0.034855 0.07726 0.031371
v -0.034855 0.07726 0.031371
v -0.034855 0.077413 0.031024
v -0.034855 0.077413 0.031024
v -0.034855 0.077555 0.030672
v -0.034855 0.077555 0.030672
v -0.034855 0.077555 0.030672
v -0.034855 0.077684 0.030315
v -0.034855 0.077802 0.029954
v -0.034855 0.077802 0.029954
v -0.034855 0.077907 0.02959
v -0.034855 0.077907 0.02959
v -0.034855 0.077907 0.02959
v -0.034855 0.077999 0.029221
v -0.034855 0.078201 0.028101
v -0.034855 0.078272 0.027346
v -0.034855 0.078288 0.026967
v -0.034855 0.078291 0.026587
v -0.034855 0.078291 0.026587
v -0.034855 0.078282 0.026208
v -0.034855 0.078282 0.026208
v -0.034855 0.078282 0.026208
v -0.034855 0.078259 0.025829
v -0.034855 0.078259 0.025829
v -0.034855 0.078259 0.025829
v -0.034855 0.078259 0.025829
v -0.034855 0.078224 0.025451
v -0.034855 0.078224 0.025451
v -0.034855 0.078175 0.025074
v -0.034855 0.078175 0.025074
v -0.034855 0.078114 0.0247
v -0.034855 0.077954 0.023958
v -0.034855 0.077745 0.023229
v -0.034855 0.077745 0.023229
v -0.034855 0.077621 0.02287
v -0.034855 0.077621 0.02287
v -0.034855 0.077486 0.022515
v -0.034855 0.077486 0.022515
v -0.034855 0.077338 0.022165
v -0.034855 0.077338 0.022165
v -0.034855 0.077338 0.022165
v -0.034855 0.077179 0.021821
v -0.034855 0.077179 0.021821
v -0.034855 0.077179 0.021821
v -0.034855 0.076213 0.02019
v -0.034855 0.076213 0.02019
v -0.034855 0.076213 0.02019
v -0.034855 0.076213 0.02019
v -0.034855 0.075987 0.019885
v -0.034855 0.075987 0.019885
v -0.034855 0.075987 0.019885
v -0.034855 0.075751 0.019588
v -0.034855 0.075505 0.019299
v -0.034855 0.075505 0.019299
v -0.034855 0.07525 0.019018
v -0.034855 0.074985 0.018746
v -0.034855 0.074985 0.018746
v -0.034855 0.071195 0.016278
v -0.034855 0.070839 0.016145
v -0.034839 0.063393 0.016143
v -0.034839 0.063037 0.016275
v -0.034839 0.062686 0.01642
v -0.034839 0.06234 0.016576
v -0.034839 0.06234 0.016576
v -0.034839 0.06234 0.016576
v -0.034839 0.061999 0.016744
v -0.034839 0.061999 0.016744
v -0.034839 0.061665 0.016924
v -0.034839 0.061665 0.016924
v -0.034839 0.061337 0.017114
v -0.034839 0.061337 0.017114
v -0.034839 0.061015 0.017316
v -0.034839 0.060701 0.017529
v -0.034839 0.060394 0.017752
v -0.034839 0.060094 0.017985
v -0.034839 0.05952 0.018482
v -0.034839 0.059246 0.018745
v -0.034839 0.058981 0.019016
v -0.034839 0.058726 0.019297
v -0.034839 0.058726 0.019297
v -0.034839 0.058726 0.019297
v -0.034839 0.058726 0.019297
v -0.034839 0.05848 0.019586
v -0.034839 0.058244 0.019884
v -0.034839 0.058244 0.019884
v -0.034839 0.058018 0.020189
v -0.034839 0.058018 0.020189
v -0.034839 0.057803 0.020501
v -0.034839 0.057803 0.020501
v -0.034839 0.057803 0.020501
v -0.034839 0.057598 0.020821
v -0.034839 0.057222 0.021481
v -0.034839 0.057222 0.021481
v -0.034839 0.057222 0.021481
v -0.034839 0.057051 0.02182
v -0.034839 0.056892 0.022164
v -0.034839 0.056745 0.022514
v -0.034839 0.056745 0.022514
v -0.034839 0.056609 0.022869
v -0.034839 0.056374 0.023591
v -0.034839 0.056276 0.023957
v -0.034839 0.056276 0.023957
v -0.034839 0.056189 0.024327
v -0.034839 0.055971 0.025829
v -0.034839 0.055939 0.026587
v -0.034839 0.055958 0.027346
v -0.034839 0.056231 0.029222
v -0.034839 0.056231 0.029222
v -0.034839 0.056324 0.02959
v -0.034839 0.05697 0.031372
v -0.034839 0.057135 0.031714
v -0.034839 0.057699 0.032703
v -0.034839 0.057909 0.03302
v -0.034839 0.065041 0.037665
v -0.034839 0.066927 0.037858
v -0.034839 0.068442 0.037781
v -0.034839 0.069564 0.037588
v -0.034839 0.069933 0.037499
v -0.034839 0.070299 0.037397
v -0.034839 0.070299 0.037397
v -0.034839 0.070661 0.037283
v -0.034839 0.070661 0.037283
v -0.034839 0.070661 0.037283
v -0.034839 0.071019 0.037156
v -0.034839 0.071019 0.037156
v -0.034839 0.071019 0.037156
v -0.034839 0.071372 0.037018
v -0.034839 0.071372 0.037018
v -0.034839 0.071721 0.036867
v -0.034839 0.072064 0.036705
v -0.034839 0.072401 0.036531
v -0.034839 0.072401 0.036531
v -0.034839 0.072401 0.036531
v -0.034839 0.072733 0.036346
v -0.034839 0.073376 0.035943
v -0.034839 0.073687 0.035725
v -0.034839 0.073687 0.035725
v -0.034839 0.073687 0.035725
v -0.034839 0.073687 0.035725
v -0.034839 0.07399 0.035497
v -0.034839 0.07399 0.035497
v -0.034839 0.07399 0.035497
v -0.034839 0.07399 0.035497
v -0.034839 0.07399 0.035497
v -0.034839 0.074285 0.035258
v -0.034839 0.074285 0.035258
v -0.034839 0.074572 0.03501
v -0.034839 0.074572 0.03501
v -0.034839 0.074572 0.03501
v -0.034839 0.074851 0.034752
v -0.034839 0.074851 0.034752
v -0.034839 0.074851 0.034752
v -0.034839 0.075381 0.034208
v -0.034839 0.075381 0.034208
v -0.034839 0.075631 0.033923
v -0.034839 0.075631 0.033923
v -0.034839 0.075631 0.033923
v -0.034839 0.075872 0.03363
v -0.034839 0.075872 0.03363
v -0.034839 0.076103 0.033329
v -0.034839 0.076103 0.033329
v -0.034839 0.076324 0.03302
v -0.034839 0.076324 0.03302
v -0.034839 0.076534 0.032703
v -0.034839 0.076534 0.032703
v -0.034839 0.076534 0.032703
v -0.034839 0.076534 0.032703
v -0.034839 0.076534 0.032703
v -0.034839 0.076733 0.03238
v -0.034839 0.076733 0.03238
v -0.034839 0.076733 0.03238
v -0.034839 0.076733 0.03238
v -0.034839 0.076733 0.03238
v -0.034839 0.076921 0.03205
v -0.034839 0.076921 0.03205
v -0.034839 0.077097 0.031714
v -0.034839 0.077097 0.031714
v -0.034839 0.077262 0.031372
v -0.034839 0.077262 0.031372
v -0.034839 0.077262 0.031372
v -0.034839 0.077416 0.031025
v -0.034839 0.077557 0.030673
v -0.034839 0.077557 0.030673
v -0.034839 0.077804 0.029955
v -0.034839 0.077804 0.029955
v -0.034839 0.077909 0.02959
v -0.034839 0.077909 0.02959
v -0.034839 0.077909 0.02959
v -0.034839 0.078002 0.029222
v -0.034839 0.078204 0.028102
v -0.034839 0.078204 0.028102
v -0.034839 0.078245 0.027724
v -0.034839 0.078245 0.027724
v -0.034839 0.078274 0.027346
v -0.034839 0.078274 0.027346
v -0.034839 0.078291 0.026967
v -0.034839 0.078294 0.026587
v -0.034839 0.078284 0.026208
v -0.034839 0.078284 0.026208
v -0.034839 0.078284 0.026208
v -0.034839 0.078284 0.026208
v -0.034839 0.078262 0.025829
v -0.034839 0.078262 0.025829
v -0.034839 0.078262 0.025829
v -0.034839 0.078226 0.025451
v -0.034839 0.078226 0.025451
v -0.034839 0.078226 0.025451
v -0.034839 0.078178 0.025074
v -0.034839 0.078178 0.025074
v -0.034839 0.078117 0.024699
v -0.034839 0.078117 0.024699
v -0.034839 0.078117 0.024699
v -0.034839 0.078043 0.024327
v -0.034839 0.078043 0.024327
v -0.034839 0.078043 0.024327
v -0.034839 0.078043 0.024327
v -0.034839 0.077957 0.023957
v -0.034839 0.077957 0.023957
v -0.034839 0.077957 0.023957
v -0.034839 0.077957 0.023957
v -0.034839 0.077858 0.023591
v -0.034839 0.077858 0.023591
v -0.034839 0.077858 0.023591
v -0.034839 0.077858 0.023591
v -0.034839 0.077747 0.023228
v -0.034839 0.077747 0.023228
v -0.034839 0.077624 0.022869
v -0.034839 0.077624 0.022869
v -0.034839 0.077488 0.022514
v -0.034839 0.077341 0.022164
v -0.034839 0.077341 0.022164
v -0.034839 0.07701 0.021481
v -0.034839 0.07701 0.021481
v -0.034839 0.076828 0.021148
v -0.034839 0.076635 0.020821
v -0.034839 0.07643 0.020501
v -0.034839 0.07643 0.020501
v -0.034839 0.076215 0.020189
v -0.034839 0.076215 0.020189
v -0.034839 0.076215 0.020189
v -0.034839 0.076215 0.020189
v -0.034839 0.076215 0.020189
v -0.034839 0.075989 0.019884
v -0.034839 0.075989 0.019884
v -0.034839 0.075989 0.019884
v -0.034839 0.075989 0.019884
v -0.034839 0.075753 0.019586
v -0.034839 0.075753 0.019586
v -0.034839 0.075753 0.019586
v -0.034839 0.075507 0.019297
v -0.034839 0.075507 0.019297
v -0.034839 0.075252 0.019016
v -0.034839 0.075252 0.019016
v -0.034839 0.075252 0.019016
v -0.034839 0.074987 0.018745
v -0.034839 0.074987 0.018745
v -0.034839 0.07443 0.018229
v -0.034839 0.074138 0.017985
v -0.034839 0.071196 0.016275
v -0.034824 0.064483 0.015817
v -0.034824 0.063752 0.01602
v -0.034824 0.063752 0.01602
v -0.034824 0.063392 0.016141
v -0.034824 0.063036 0.016273
v -0.034824 0.062685 0.016418
v -0.034824 0.062339 0.016574
v -0.034824 0.062339 0.016574
v -0.034824 0.061999 0.016742
v -0.034824 0.061999 0.016742
v -0.034824 0.061664 0.016922
v -0.034824 0.061664 0.016922
v -0.034824 0.061664 0.016922
v -0.034824 0.061336 0.017112
v -0.034824 0.061336 0.017112
v -0.034824 0.061014 0.017314
v -0.034824 0.0607 0.017527
v -0.034824 0.060392 0.01775
v -0.034824 0.060392 0.01775
v -0.034824 0.060093 0.017984
v -0.034824 0.059519 0.01848
v -0.034824 0.05898 0.019015
v -0.034824 0.05898 0.019015
v -0.034824 0.058724 0.019296
v -0.034824 0.058724 0.019296
v -0.034824 0.058478 0.019585
v -0.034824 0.058478 0.019585
v -0.034824 0.058478 0.019585
v -0.034824 0.058478 0.019585
v -0.034824 0.058242 0.019882
v -0.034824 0.058242 0.019882
v -0.034824 0.058242 0.019882
v -0.034824 0.058242 0.019882
v -0.034824 0.058242 0.019882
v -0.034824 0.058016 0.020188
v -0.034824 0.058016 0.020188
v -0.034824 0.058016 0.020188
v -0.034824 0.058016 0.020188
v -0.034824 0.057801 0.0205
v -0.034824 0.057403 0.021147
v -0.034824 0.057403 0.021147
v -0.034824 0.05722 0.02148
v -0.034824 0.05722 0.02148
v -0.034824 0.05705 0.021819
v -0.034824 0.05689 0.022164
v -0.034824 0.05689 0.022164
v -0.034824 0.05689 0.022164
v -0.034824 0.056743 0.022513
v -0.034824 0.056743 0.022513
v -0.034824 0.056607 0.022868
v -0.034824 0.056373 0.02359
v -0.034824 0.056274 0.023957
v -0.034824 0.056053 0.025074
v -0.034824 0.056005 0.02545
v -0.034824 0.056005 0.02545
v -0.034824 0.055969 0.025828
v -0.034824 0.055969 0.025828
v -0.034824 0.055947 0.026207
v -0.034824 0.055937 0.026587
v -0.034824 0.055985 0.027725
v -0.034824 0.056027 0.028102
v -0.034824 0.056149 0.028851
v -0.034824 0.056229 0.029222
v -0.034824 0.056815 0.031026
v -0.034824 0.056968 0.031373
v -0.034824 0.056968 0.031373
v -0.034824 0.057134 0.031715
v -0.034824 0.057134 0.031715
v -0.034824 0.057697 0.032704
v -0.034824 0.057907 0.033021
v -0.034824 0.064668 0.03759
v -0.034824 0.06504 0.037667
v -0.034824 0.065791 0.037783
v -0.034824 0.066168 0.037821
v -0.034824 0.066547 0.037847
v -0.034824 0.066927 0.03786
v -0.034824 0.068065 0.037821
v -0.034824 0.068442 0.037783
v -0.034824 0.070299 0.037399
v -0.034824 0.070661 0.037285
v -0.034824 0.070661 0.037285
v -0.034824 0.071019 0.037158
v -0.034824 0.071019 0.037158
v -0.034824 0.071019 0.037158
v -0.034824 0.071373 0.03702
v -0.034824 0.071721 0.036869
v -0.034824 0.071721 0.036869
v -0.034824 0.071721 0.036869
v -0.034824 0.072065 0.036707
v -0.034824 0.072065 0.036707
v -0.034824 0.072402 0.036533
v -0.034824 0.072402 0.036533
v -0.034824 0.072402 0.036533
v -0.034824 0.072402 0.036533
v -0.034824 0.072734 0.036348
v -0.034824 0.072734 0.036348
v -0.034824 0.073059 0.036152
v -0.034824 0.073059 0.036152
v -0.034824 0.073059 0.036152
v -0.034824 0.073377 0.035945
v -0.034824 0.073377 0.035945
v -0.034824 0.073377 0.035945
v -0.034824 0.073688 0.035727
v -0.034824 0.073688 0.035727
v -0.034824 0.073688 0.035727
v -0.034824 0.073991 0.035498
v -0.034824 0.073991 0.035498
v -0.034824 0.074286 0.03526
v -0.034824 0.074574 0.035011
v -0.034824 0.074574 0.035011
v -0.034824 0.074852 0.034753
v -0.034824 0.074852 0.034753
v -0.034824 0.075122 0.034486
v -0.034824 0.075122 0.034486
v -0.034824 0.075122 0.034486
v -0.034824 0.075382 0.03421
v -0.034824 0.075382 0.03421
v -0.034824 0.075633 0.033925
v -0.034824 0.075874 0.033631
v -0.034824 0.076326 0.033021
v -0.034824 0.076326 0.033021
v -0.034824 0.076326 0.033021
v -0.034824 0.076535 0.032704
v -0.034824 0.076535 0.032704
v -0.034824 0.076535 0.032704
v -0.034824 0.076535 0.032704
v -0.034824 0.076735 0.032381
v -0.034824 0.076735 0.032381
v -0.034824 0.076735 0.032381
v -0.034824 0.076735 0.032381
v -0.034824 0.076923 0.032051
v -0.034824 0.076923 0.032051
v -0.034824 0.076923 0.032051
v -0.034824 0.077099 0.031715
v -0.034824 0.077099 0.031715
v -0.034824 0.077099 0.031715
v -0.034824 0.077099 0.031715
v -0.034824 0.077099 0.031715
v -0.034824 0.077264 0.031373
v -0.034824 0.077264 0.031373
v -0.034824 0.077264 0.031373
v -0.034824 0.077418 0.031026
v -0.034824 0.077559 0.030674
v -0.034824 0.077559 0.030674
v -0.034824 0.077806 0.029956
v -0.034824 0.077806 0.029956
v -0.034824 0.077911 0.029591
v -0.034824 0.077911 0.029591
v -0.034824 0.077911 0.029591
v -0.034824 0.078004 0.029222
v -0.034824 0.078004 0.029222
v -0.034824 0.078151 0.028478
v -0.034824 0.078151 0.028478
v -0.034824 0.078151 0.028478
v -0.034824 0.078206 0.028102
v -0.034824 0.078206 0.028102
v -0.034824 0.078206 0.028102
v -0.034824 0.078206 0.028102
v -0.034824 0.078248 0.027725
v -0.034824 0.078248 0.027725
v -0.034824 0.078248 0.027725
v -0.034824 0.078248 0.027725
v -0.034824 0.078277 0.027346
v -0.034824 0.078277 0.027346
v -0.034824 0.078277 0.027346
v -0.034824 0.078293 0.026967
v -0.034824 0.078293 0.026967
v -0.034824 0.078293 0.026967
v -0.034824 0.078296 0.026587
v -0.034824 0.078296 0.026587
v -0.034824 0.078296 0.026587
v -0.034824 0.078296 0.026587
v -0.034824 0.078286 0.026207
v -0.034824 0.078286 0.026207
v -0.034824 0.078286 0.026207
v -0.034824 0.078286 0.026207
v -0.034824 0.078264 0.025828
v -0.034824 0.078264 0.025828
v -0.034824 0.078264 0.025828
v -0.034824 0.078228 0.02545
v -0.034824 0.078228 0.02545
v -0.034824 0.07818 0.025074
v -0.034824 0.07818 0.025074
v -0.034824 0.07818 0.025074
v -0.034824 0.078119 0.024699
v -0.034824 0.078119 0.024699
v -0.034824 0.078045 0.024326
v -0.034824 0.078045 0.024326
v -0.034824 0.078045 0.024326
v -0.034824 0.078045 0.024326
v -0.034824 0.077959 0.023957
v -0.034824 0.077959 0.023957
v -0.034824 0.077959 0.023957
v -0.034824 0.077959 0.023957
v -0.034824 0.077959 0.023957
v -0.034824 0.07786 0.02359
v -0.034824 0.07786 0.02359
v -0.034824 0.077749 0.023227
v -0.034824 0.077749 0.023227
v -0.034824 0.077749 0.023227
v -0.034824 0.077626 0.022868
v -0.034824 0.077626 0.022868
v -0.034824 0.07749 0.022513
v -0.034824 0.07749 0.022513
v -0.034824 0.077343 0.022164
v -0.034824 0.077343 0.022164
v -0.034824 0.077343 0.022164
v -0.034824 0.077343 0.022164
v -0.034824 0.077183 0.021819
v -0.034824 0.077183 0.021819
v -0.034824 0.077183 0.021819
v -0.034824 0.077183 0.021819
v -0.034824 0.077012 0.02148
v -0.034824 0.077012 0.02148
v -0.034824 0.077012 0.02148
v -0.034824 0.076636 0.02082
v -0.034824 0.076432 0.0205
v -0.034824 0.076217 0.020188
v -0.034824 0.076217 0.020188
v -0.034824 0.076217 0.020188
v -0.034824 0.075991 0.019882
v -0.034824 0.075991 0.019882
v -0.034824 0.075991 0.019882
v -0.034824 0.075755 0.019585
v -0.034824 0.075509 0.019296
v -0.034824 0.075509 0.019296
v -0.034824 0.075253 0.019015
v -0.034824 0.075253 0.019015
v -0.034824 0.074988 0.018743
v -0.034824 0.074431 0.018227
v -0.034824 0.07384 0.01775
v -0.034824 0.073533 0.017527
v -0.034809 0.064854 0.015732
v -0.034809 0.064483 0.015815
v -0.034809 0.064116 0.015911
v -0.034809 0.063752 0.016019
v -0.034809 0.063752 0.016019
v -0.034809 0.063036 0.016272
v -0.034809 0.062338 0.016573
v -0.034809 0.062338 0.016573
v -0.034809 0.061998 0.016741
v -0.034809 0.061663 0.01692
v -0.034809 0.059801 0.018226
v -0.034809 0.059801 0.018226
v -0.034809 0.059518 0.018479
v -0.034809 0.059518 0.018479
v -0.034809 0.059518 0.018479
v -0.034809 0.059244 0.018742
v -0.034809 0.059244 0.018742
v -0.034809 0.059244 0.018742
v -0.034809 0.058978 0.019014
v -0.034809 0.058723 0.019295
v -0.034809 0.058723 0.019295
v -0.034809 0.058723 0.019295
v -0.034809 0.058477 0.019584
v -0.034809 0.058477 0.019584
v -0.034809 0.058477 0.019584
v -0.034809 0.058477 0.019584
v -0.034809 0.058241 0.019881
v -0.034809 0.058241 0.019881
v -0.034809 0.058241 0.019881
v -0.034809 0.058015 0.020187
v -0.034809 0.057595 0.020819
v -0.034809 0.057595 0.020819
v -0.034809 0.057595 0.020819
v -0.034809 0.057401 0.021146
v -0.034809 0.057401 0.021146
v -0.034809 0.057048 0.021818
v -0.034809 0.056889 0.022163
v -0.034809 0.056741 0.022513
v -0.034809 0.056741 0.022513
v -0.034809 0.056741 0.022513
v -0.034809 0.056606 0.022868
v -0.034809 0.056371 0.02359
v -0.034809 0.056272 0.023956
v -0.034809 0.056186 0.024326
v -0.034809 0.056112 0.024699
v -0.034809 0.056112 0.024699
v -0.034809 0.056112 0.024699
v -0.034809 0.056051 0.025074
v -0.034809 0.056003 0.02545
v -0.034809 0.055935 0.026587
v -0.034809 0.055939 0.026967
v -0.034809 0.055939 0.026967
v -0.034809 0.055955 0.027346
v -0.034809 0.055955 0.027346
v -0.034809 0.055984 0.027725
v -0.034809 0.055984 0.027725
v -0.034809 0.056026 0.028102
v -0.034809 0.056026 0.028102
v -0.034809 0.05608 0.028478
v -0.034809 0.05608 0.028478
v -0.034809 0.056147 0.028852
v -0.034809 0.056147 0.028852
v -0.034809 0.056147 0.028852
v -0.034809 0.056227 0.029223
v -0.034809 0.056227 0.029223
v -0.034809 0.056542 0.030317
v -0.034809 0.056814 0.031027
v -0.034809 0.056967 0.031374
v -0.034809 0.056967 0.031374
v -0.034809 0.057132 0.031716
v -0.034809 0.057696 0.032705
v -0.034809 0.06579 0.037784
v -0.034809 0.066547 0.037849
v -0.034809 0.066926 0.037862
v -0.034809 0.067306 0.037862
v -0.034809 0.067686 0.037849
v -0.034809 0.067686 0.037849
v -0.034809 0.068065 0.037823
v -0.034809 0.069193 0.037669
v -0.034809 0.069565 0.037592
v -0.034809 0.069565 0.037592
v -0.034809 0.069565 0.037592
v -0.034809 0.069934 0.037503
v -0.034809 0.069934 0.037503
v -0.034809 0.069934 0.037503
v -0.034809 0.0703 0.037401
v -0.034809 0.0703 0.037401
v -0.034809 0.070662 0.037286
v -0.034809 0.070662 0.037286
v -0.034809 0.070662 0.037286
v -0.034809 0.070662 0.037286
v -0.034809 0.07102 0.03716
v -0.034809 0.07102 0.03716
v -0.034809 0.071373 0.037021
v -0.034809 0.071373 0.037021
v -0.034809 0.071373 0.037021
v -0.034809 0.071373 0.037021
v -0.034809 0.071373 0.037021
v -0.034809 0.071722 0.036871
v -0.034809 0.071722 0.036871
v -0.034809 0.072065 0.036708
v -0.034809 0.072065 0.036708
v -0.034809 0.072403 0.036535
v -0.034809 0.072403 0.036535
v -0.034809 0.072403 0.036535
v -0.034809 0.072734 0.036349
v -0.034809 0.072734 0.036349
v -0.034809 0.072734 0.036349
v -0.034809 0.073059 0.036153
v -0.034809 0.073059 0.036153
v -0.034809 0.073378 0.035946
v -0.034809 0.073378 0.035946
v -0.034809 0.073689 0.035728
v -0.034809 0.073992 0.0355
v -0.034809 0.073992 0.0355
v -0.034809 0.074287 0.035261
v -0.034809 0.074575 0.035012
v -0.034809 0.074853 0.034754
v -0.034809 0.074853 0.034754
v -0.034809 0.075123 0.034487
v -0.034809 0.075383 0.034211
v -0.034809 0.075634 0.033926
v -0.034809 0.075634 0.033926
v -0.034809 0.075634 0.033926
v -0.034809 0.075875 0.033632
v -0.034809 0.075875 0.033632
v -0.034809 0.075875 0.033632
v -0.034809 0.076106 0.033331
v -0.034809 0.076106 0.033331
v -0.034809 0.076106 0.033331
v -0.034809 0.076327 0.033022
v -0.034809 0.076327 0.033022
v -0.034809 0.076327 0.033022
v -0.034809 0.076537 0.032705
v -0.034809 0.076537 0.032705
v -0.034809 0.076537 0.032705
v -0.034809 0.076537 0.032705
v -0.034809 0.076736 0.032382
v -0.034809 0.076736 0.032382
v -0.034809 0.076924 0.032052
v -0.034809 0.076924 0.032052
v -0.034809 0.076924 0.032052
v -0.034809 0.076924 0.032052
v -0.034809 0.076924 0.032052
v -0.034809 0.077101 0.031716
v -0.034809 0.077101 0.031716
v -0.034809 0.077101 0.031716
v -0.034809 0.077101 0.031716
v -0.034809 0.077266 0.031374
v -0.034809 0.077419 0.031027
v -0.034809 0.077419 0.031027
v -0.034809 0.077561 0.030674
v -0.034809 0.077561 0.030674
v -0.034809 0.077561 0.030674
v -0.034809 0.07769 0.030317
v -0.034809 0.07769 0.030317
v -0.034809 0.07769 0.030317
v -0.034809 0.077808 0.029956
v -0.034809 0.077913 0.029591
v -0.034809 0.077913 0.029591
v -0.034809 0.077913 0.029591
v -0.034809 0.078005 0.029223
v -0.034809 0.078005 0.029223
v -0.034809 0.078005 0.029223
v -0.034809 0.078005 0.029223
v -0.034809 0.078085 0.028852
v -0.034809 0.078085 0.028852
v -0.034809 0.078085 0.028852
v -0.034809 0.078153 0.028478
v -0.034809 0.078153 0.028478
v -0.034809 0.078153 0.028478
v -0.034809 0.078207 0.028102
v -0.034809 0.078207 0.028102
v -0.034809 0.078249 0.027725
v -0.034809 0.078249 0.027725
v -0.034809 0.078249 0.027725
v -0.034809 0.078278 0.027346
v -0.034809 0.078278 0.027346
v -0.034809 0.078294 0.026967
v -0.034809 0.078294 0.026967
v -0.034809 0.078294 0.026967
v -0.034809 0.078297 0.026587
v -0.034809 0.078297 0.026587
v -0.034809 0.078297 0.026587
v -0.034809 0.078297 0.026587
v -0.034809 0.078297 0.026587
v -0.034809 0.078297 0.026587
v -0.034809 0.078288 0.026207
v -0.034809 0.078288 0.026207
v -0.034809 0.078288 0.026207
v -0.034809 0.078288 0.026207
v -0.034809 0.078288 0.026207
v -0.034809 0.078265 0.025828
v -0.034809 0.078265 0.025828
v -0.034809 0.078265 0.025828
v -0.034809 0.07823 0.02545
v -0.034809 0.07823 0.02545
v -0.034809 0.07823 0.02545
v -0.034809 0.07823 0.02545
v -0.034809 0.078181 0.025074
v -0.034809 0.078181 0.025074
v -0.034809 0.078121 0.024699
v -0.034809 0.078121 0.024699
v -0.034809 0.078047 0.024326
v -0.034809 0.078047 0.024326
v -0.034809 0.078047 0.024326
v -0.034809 0.077961 0.023956
v -0.034809 0.077961 0.023956
v -0.034809 0.077961 0.023956
v -0.034809 0.077862 0.02359
v -0.034809 0.077751 0.023227
v -0.034809 0.077751 0.023227
v -0.034809 0.077751 0.023227
v -0.034809 0.077751 0.023227
v -0.034809 0.077627 0.022868
v -0.034809 0.077627 0.022868
v -0.034809 0.077492 0.022513
v -0.034809 0.077492 0.022513
v -0.034809 0.077344 0.022163
v -0.034809 0.077344 0.022163
v -0.034809 0.077344 0.022163
v -0.034809 0.077344 0.022163
v -0.034809 0.077185 0.021818
v -0.034809 0.077185 0.021818
v -0.034809 0.077185 0.021818
v -0.034809 0.077185 0.021818
v -0.034809 0.076218 0.020187
v -0.034809 0.076218 0.020187
v -0.034809 0.075992 0.019881
v -0.034809 0.07551 0.019295
v -0.034809 0.075254 0.019014
v -0.034809 0.074989 0.018742
v -0.034809 0.074715 0.018479
v -0.034809 0.074141 0.017982
v -0.034809 0.073841 0.017749
v -0.034809 0.073841 0.017749
v -0.034809 0.073534 0.017526
v -0.034809 0.071548 0.016416
v -0.034793 0.065227 0.01566
v -0.034793 0.060698 0.017525
v -0.034793 0.060391 0.017748
v -0.034793 0.060091 0.017982
v -0.034793 0.0598 0.018225
v -0.034793 0.0598 0.018225
v -0.034793 0.0598 0.018225
v -0.034793 0.059517 0.018478
v -0.034793 0.059517 0.018478
v -0.034793 0.059517 0.018478
v -0.034793 0.059243 0.018741
v -0.034793 0.059243 0.018741
v -0.034793 0.058978 0.019013
v -0.034793 0.058978 0.019013
v -0.034793 0.058722 0.019294
v -0.034793 0.058722 0.019294
v -0.034793 0.057799 0.020499
v -0.034793 0.057799 0.020499
v -0.034793 0.057594 0.020819
v -0.034793 0.057594 0.020819
v -0.034793 0.057594 0.020819
v -0.034793 0.057218 0.021479
v -0.034793 0.056888 0.022162
v -0.034793 0.05674 0.022512
v -0.034793 0.056185 0.024326
v -0.034793 0.056185 0.024326
v -0.034793 0.056111 0.024699
v -0.034793 0.056111 0.024699
v -0.034793 0.056111 0.024699
v -0.034793 0.05605 0.025073
v -0.034793 0.055934 0.026587
v -0.034793 0.055938 0.026967
v -0.034793 0.055938 0.026967
v -0.034793 0.055954 0.027346
v -0.034793 0.055954 0.027346
v -0.034793 0.055983 0.027725
v -0.034793 0.055983 0.027725
v -0.034793 0.056024 0.028102
v -0.034793 0.056079 0.028478
v -0.034793 0.056079 0.028478
v -0.034793 0.056146 0.028852
v -0.034793 0.056146 0.028852
v -0.034793 0.056146 0.028852
v -0.034793 0.056226 0.029223
v -0.034793 0.056424 0.029956
v -0.034793 0.056541 0.030318
v -0.034793 0.056671 0.030675
v -0.034793 0.056813 0.031027
v -0.034793 0.056813 0.031027
v -0.034793 0.056966 0.031374
v -0.034793 0.056966 0.031374
v -0.034793 0.057905 0.033022
v -0.034793 0.058126 0.033331
v -0.034793 0.066168 0.037824
v -0.034793 0.066547 0.03785
v -0.034793 0.066547 0.03785
v -0.034793 0.066926 0.037863
v -0.034793 0.067306 0.037863
v -0.034793 0.067306 0.037863
v -0.034793 0.067686 0.03785
v -0.034793 0.068065 0.037824
v -0.034793 0.068443 0.037785
v -0.034793 0.068443 0.037785
v -0.034793 0.068819 0.037734
v -0.034793 0.068819 0.037734
v -0.034793 0.068819 0.037734
v -0.034793 0.069193 0.03767
v -0.034793 0.069193 0.03767
v -0.034793 0.069193 0.03767
v -0.034793 0.069565 0.037593
v -0.034793 0.069565 0.037593
v -0.034793 0.069565 0.037593
v -0.034793 0.069934 0.037504
v -0.034793 0.0703 0.037402
v -0.034793 0.0703 0.037402
v -0.034793 0.070662 0.037287
v -0.034793 0.070662 0.037287
v -0.034793 0.07102 0.037161
v -0.034793 0.07102 0.037161
v -0.034793 0.071374 0.037022
v -0.034793 0.071374 0.037022
v -0.034793 0.072066 0.036709
v -0.034793 0.072066 0.036709
v -0.034793 0.072066 0.036709
v -0.034793 0.072403 0.036536
v -0.034793 0.072403 0.036536
v -0.034793 0.072403 0.036536
v -0.034793 0.072403 0.036536
v -0.034793 0.072735 0.03635
v -0.034793 0.072735 0.03635
v -0.034793 0.07306 0.036154
v -0.034793 0.073378 0.035947
v -0.034793 0.073689 0.035729
v -0.034793 0.073993 0.0355
v -0.034793 0.073993 0.0355
v -0.034793 0.074288 0.035262
v -0.034793 0.074575 0.035013
v -0.034793 0.075384 0.034211
v -0.034793 0.075384 0.034211
v -0.034793 0.075384 0.034211
v -0.034793 0.075635 0.033926
v -0.034793 0.075635 0.033926
v -0.034793 0.075876 0.033633
v -0.034793 0.075876 0.033633
v -0.034793 0.076107 0.033331
v -0.034793 0.076107 0.033331
v -0.034793 0.076328 0.033022
v -0.034793 0.076328 0.033022
v -0.034793 0.076328 0.033022
v -0.034793 0.076328 0.033022
v -0.034793 0.076328 0.033022
v -0.034793 0.076538 0.032706
v -0.034793 0.076538 0.032706
v -0.034793 0.076737 0.032382
v -0.034793 0.076925 0.032052
v -0.034793 0.076925 0.032052
v -0.034793 0.077102 0.031716
v -0.034793 0.07742 0.031027
v -0.034793 0.07742 0.031027
v -0.034793 0.077562 0.030675
v -0.034793 0.077562 0.030675
v -0.034793 0.077691 0.030318
v -0.034793 0.077691 0.030318
v -0.034793 0.077809 0.029956
v -0.034793 0.077809 0.029956
v -0.034793 0.077914 0.029591
v -0.034793 0.077914 0.029591
v -0.034793 0.077914 0.029591
v -0.034793 0.077914 0.029591
v -0.034793 0.077914 0.029591
v -0.034793 0.078006 0.029223
v -0.034793 0.078006 0.029223
v -0.034793 0.078006 0.029223
v -0.034793 0.078006 0.029223
v -0.034793 0.078006 0.029223
v -0.034793 0.078086 0.028852
v -0.034793 0.078086 0.028852
v -0.034793 0.078086 0.028852
v -0.034793 0.078154 0.028478
v -0.034793 0.078154 0.028478
v -0.034793 0.078208 0.028102
v -0.034793 0.07825 0.027725
v -0.034793 0.078279 0.027346
v -0.034793 0.078279 0.027346
v -0.034793 0.078295 0.026967
v -0.034793 0.078295 0.026967
v -0.034793 0.078295 0.026967
v -0.034793 0.078295 0.026967
v -0.034793 0.078298 0.026587
v -0.034793 0.078298 0.026587
v -0.034793 0.078298 0.026587
v -0.034793 0.078298 0.026587
v -0.034793 0.078289 0.026207
v -0.034793 0.078289 0.026207
v -0.034793 0.078289 0.026207
v -0.034793 0.078266 0.025828
v -0.034793 0.078266 0.025828
v -0.034793 0.078266 0.025828
v -0.034793 0.078266 0.025828
v -0.034793 0.078231 0.02545
v -0.034793 0.078183 0.025073
v -0.034793 0.078183 0.025073
v -0.034793 0.078122 0.024699
v -0.034793 0.078048 0.024326
v -0.034793 0.078048 0.024326
v -0.034793 0.077962 0.023956
v -0.034793 0.077863 0.023589
v -0.034793 0.077752 0.023226
v -0.034793 0.077752 0.023226
v -0.034793 0.077752 0.023226
v -0.034793 0.077628 0.022867
v -0.034793 0.077628 0.022867
v -0.034793 0.077492 0.022512
v -0.034793 0.077492 0.022512
v -0.034793 0.077345 0.022162
v -0.034793 0.077345 0.022162
v -0.034793 0.077186 0.021818
v -0.034793 0.076434 0.020499
v -0.034793 0.076219 0.020186
v -0.034793 0.075993 0.019881
v -0.034793 0.075511 0.019294
v -0.034793 0.07499 0.018741
v -0.034793 0.073535 0.017525
v -0.034793 0.073535 0.017525
v -0.034793 0.07322 0.017312
v -0.034793 0.071895 0.016572
v -0.034793 0.071549 0.016415
v -0.029722 0.078386 0.035937
v -0.029722 0.078491 0.035805
v -0.029722 0.078794 0.035413
v -0.029722 0.07936 0.034601
v -0.029722 0.080102 0.033314
v -0.029722 0.077676 0.036738
v -0.029722 0.077256 0.03716
v -0.029722 0.077504 0.036914
v -0.029722 0.075486 0.038623
v -0.029722 0.075444 0.038652
v -0.029722 0.075625 0.038523
v -0.029722 0.076658 0.03771
v -0.029722 0.076409 0.037918
v -0.029722 0.07715 0.037261
v -0.029722 0.075887 0.038332
v -0.029722 0.076022 0.038227
v -0.029722 0.076278 0.038028
v -0.029722 0.075076 0.038901
v -0.029722 0.074802 0.039073
v -0.029722 0.074657 0.039164
v -0.029722 0.074377 0.039327
v -0.029722 0.072135 0.040372
v -0.029722 0.072439 0.040259
v -0.029722 0.070717 0.040811
v -0.029722 0.07103 0.04073
v -0.029722 0.067612 0.041256
v -0.029722 0.067288 0.041262
v -0.029722 0.067288 0.041262
v -0.029722 0.067154 0.041264
v -0.029722 0.069581 0.041055
v -0.029722 0.069261 0.041104
v -0.029722 0.064821 0.041081
v -0.029722 0.081168 0.030575
v -0.029722 0.080522 0.032418
v -0.029722 0.080421 0.020717
v -0.029722 0.080674 0.021316
v -0.029722 0.080848 0.02178
v -0.029722 0.081149 0.022723
v -0.029722 0.081653 0.025556
v -0.029722 0.08166 0.025645
v -0.029722 0.081697 0.026634
v -0.029722 0.081691 0.02711
v -0.029722 0.081516 0.028975
v -0.029722 0.08169 0.027129
v -0.029722 0.081626 0.028118
v -0.029722 0.081221 0.030378
v -0.029722 0.081405 0.029586
v -0.029722 0.081175 0.030549
v -0.029722 0.081175 0.030549
v -0.029722 0.080058 0.019965
v -0.029722 0.080058 0.019965
v -0.029722 0.079943 0.019747
v -0.029722 0.080353 0.020563
v -0.029722 0.079293 0.018662
v -0.029722 0.079308 0.018683
v -0.029722 0.077822 0.016782
v -0.029722 0.078737 0.017874
v -0.029722 0.052973 0.030236
v -0.029722 0.0529 0.029921
v -0.029722 0.052536 0.02656
v -0.029722 0.052559 0.025816
v -0.029722 0.052584 0.025493
v -0.029722 0.05388 0.020563
v -0.029722 0.05381 0.020719
v -0.029722 0.053679 0.021016
v -0.029722 0.05402 0.020271
v -0.029722 0.054571 0.019248
v -0.029722 0.05474 0.018972
v -0.029722 0.055392 0.01801
v -0.029722 0.055589 0.017753
v -0.029722 0.056814 0.016364
v -0.029722 0.060955 0.013467
v -0.029722 0.072668 0.013197
v -0.029722 0.072668 0.013197
v -0.029722 0.07778 0.016738
v -0.030752 0.074522 0.014831
v -0.030753 0.074544 0.014845
v -0.03045 0.072559 0.013564
v -0.030885 0.07853 0.018825
v -0.030871 0.078282 0.018454
v -0.030879 0.078419 0.018659
v -0.030879 0.078419 0.018659
v -0.030784 0.077922 0.017867
v -0.030757 0.07783 0.017718
v -0.030747 0.077794 0.01766
v -0.03067 0.081139 0.025985
v -0.030672 0.081147 0.026219
v -0.03072 0.080428 0.022349
v -0.030671 0.080358 0.022019
v -0.030689 0.08038 0.022122
v -0.030747 0.08104 0.025447
v -0.03077 0.080516 0.022776
v -0.030753 0.080478 0.02259
v -0.030753 0.080478 0.02259
v -0.030747 0.080468 0.022543
v -0.03075 0.080474 0.022572
v -0.030643 0.080145 0.021393
v -0.03065 0.08018 0.021495
v -0.030628 0.080076 0.021194
v -0.030631 0.080083 0.021214
v -0.0307 0.081118 0.027313
v -0.030654 0.081169 0.026826
v -0.030683 0.081139 0.027117
v -0.030698 0.081122 0.027277
v -0.030656 0.081168 0.026801
v -0.030658 0.081167 0.026766
v -0.03066 0.080038 0.032193
v -0.030661 0.080064 0.032129
v -0.030664 0.080174 0.031856
v -0.030666 0.080148 0.031919
v -0.030685 0.080324 0.031409
v -0.030679 0.080308 0.031469
v -0.030777 0.080944 0.02854
v -0.030787 0.080916 0.028688
v -0.030747 0.080522 0.030642
v -0.030747 0.081018 0.02815
v -0.030752 0.081009 0.028197
v -0.030593 0.07713 0.036606
v -0.03065 0.07741 0.036253
v -0.030625 0.077275 0.036424
v -0.030625 0.077275 0.036424
v -0.030836 0.0787 0.034369
v -0.030836 0.078688 0.034386
v -0.030826 0.078962 0.033975
v -0.030828 0.078926 0.034029
v -0.03083 0.078437 0.034761
v -0.030809 0.079134 0.033715
v -0.030689 0.079747 0.032779
v -0.03069 0.079745 0.032783
v -0.03065 0.079907 0.032508
v -0.030675 0.079807 0.032678
v -0.03065 0.079937 0.032444
v -0.030656 0.07997 0.032361
v -0.030475 0.072341 0.039869
v -0.030788 0.074501 0.038507
v -0.030793 0.075117 0.038096
v -0.030785 0.075277 0.037989
v -0.030781 0.074329 0.038622
v -0.03065 0.073282 0.039313
v -0.030735 0.075905 0.037566
v -0.030703 0.076118 0.037421
v -0.030589 0.07683 0.036905
v -0.030424 0.072341 0.013459
v -0.03045 0.072134 0.013396
v -0.030551 0.068317 0.012601
v -0.030506 0.068053 0.012551
v -0.030551 0.068315 0.012601
v -0.030551 0.068315 0.012601
v -0.030551 0.068316 0.012601
v -0.030551 0.068316 0.012601
v -0.030525 0.07183 0.040024
v -0.030483 0.072292 0.039884
v -0.030503 0.07207 0.039951
v -0.030696 0.069705 0.040459
v -0.030693 0.069486 0.040503
v -0.03045 0.067528 0.040878
v -0.030551 0.068034 0.040783
v -0.030559 0.068075 0.040775
v -0.030574 0.068182 0.040755
v -0.030341 0.06687 0.040951
v -0.030346 0.066917 0.040949
v -0.030597 0.063796 0.040383
v -0.030605 0.06405 0.040434
v -0.030606 0.064735 0.04057
v -0.030595 0.064939 0.04061
v -0.03058 0.065205 0.040662
v -0.030571 0.065296 0.04068
v -0.03045 0.066188 0.040854
v -0.030325 0.066724 0.040958
v -0.03048 0.0602 0.039063
v -0.030468 0.06027 0.03911
v -0.030376 0.060735 0.039422
v -0.030346 0.060811 0.039481
v -0.03024 0.061057 0.039671
v -0.029883 0.053647 0.032094
v -0.02988 0.053663 0.032135
v -0.029835 0.052582 0.026576
v -0.030295 0.053087 0.023907
v -0.030289 0.053044 0.024123
v -0.030271 0.052966 0.024518
v -0.030281 0.052993 0.024383
v -0.029849 0.052589 0.026539
v -0.030022 0.053527 0.021772
v -0.030307 0.054669 0.019659
v -0.030341 0.054837 0.019406
v -0.029932 0.053785 0.020995
v -0.030022 0.053928 0.020778
v -0.02991 0.053754 0.021041
v -0.029908 0.053751 0.021046
v -0.029844 0.053677 0.021155
v -0.030308 0.057949 0.015715
v -0.030277 0.057812 0.015809
f 2 1 3
f 5 4 6
f 8 7 9
f 11 10 12
f 13 15 14
f 17 16 18
f 20 19 25
f 22 21 35
f 24 23 38
f 4040 4045 83
f 4044 4043 82
f 154 3968 3969
f 170 169 171
f 243 296 244
f 245 297 299
f 246 303 247
f 248 302 306
f 249 310 313
f 250 317 251
f 252 316 318
f 253 319 321
f 254 322 323
f 255 331 256
f 257 330 335
f 258 336 340
f 259 341 343
f 260 344 261
f 262 346 347
f 263 348 350
f 264 352 353
f 265 354 356
f 266 357 361
f 267 364 268
f 269 371 270
f 271 372 272
f 273 373 374
f 274 375 376
f 275 377 276
f 277 378 380
f 278 382 384
f 279 386 388
f 280 389 391
f 282 394 396
f 281 395 283
f 284 403 404
f 285 405 409
f 286 408 287
f 288 410 289
f 290 413 291
f 292 415 293
f 294 416 420
f 295 421 298
f 300 423 426
f 301 429 305
f 304 428 430
f 307 432 433
f 308 436 309
f 312 445 446
f 311 447 314
f 315 448 451
f 320 457 326
f 325 458 460
f 324 462 327
f 329 466 469
f 328 468 333
f 332 470 472
f 334 473 337
f 338 475 339
f 342 482 345
f 349 485 351
f 355 490 358
f 359 491 360
f 362 493 494
f 363 495 365
f 366 496 498
f 367 499 369
f 368 500 370
f 379 511 512
f 381 513 383
f 385 514 516
f 387 517 390
f 392 519 393
f 397 527 398
f 399 525 528
f 400 529 401
f 402 530 533
f 406 534 538
f 407 539 540
f 411 544 412
f 414 546 549
f 417 553 418
f 419 552 554
f 422 555 425
f 424 556 557
f 427 558 431
f 434 563 435
f 437 564 565
f 438 566 568
f 439 567 441
f 440 569 570
f 443 571 572
f 442 573 444
f 449 580 452
f 450 579 582
f 453 584 454
f 455 586 456
f 459 587 588
f 461 589 591
f 464 590 595
f 463 594 465
f 467 592 597
f 471 596 600
f 474 601 602
f 476 604 477
f 478 606 479
f 480 608 610
f 481 611 483
f 484 612 615
f 486 617 619
f 487 622 488
f 489 627 492
f 497 628 629
f 502 632 633
f 501 634 503
f 504 635 505
f 506 642 643
f 507 644 646
f 508 648 509
f 510 651 652
f 515 656 657
f 518 659 520
f 521 660 662
f 522 661 523
f 524 665 526
f 531 667 668
f 532 669 536
f 535 670 537
f 541 675 542
f 543 676 680
f 545 679 681
f 548 682 687
f 547 688 550
f 551 685 689
f 559 693 694
f 560 695 561
f 562 696 698
f 575 702 705
f 574 706 576
f 577 711 578
f 581 713 715
f 583 717 585
f 593 729 598
f 599 730 732
f 603 736 605
f 607 737 739
f 609 743 613
f 614 744 616
f 618 750 620
f 621 752 623
f 624 753 625
f 626 754 756
f 630 759 631
f 636 761 637
f 638 763 764
f 639 768 640
f 641 769 770
f 645 771 647
f 649 772 650
f 653 775 655
f 654 776 778
f 658 780 781
f 663 785 664
f 666 787 788
f 671 792 672
f 673 793 797
f 674 794 678
f 677 796 798
f 683 799 802
f 684 800 686
f 691 807 810
f 690 811 692
f 697 819 699
f 700 818 821
f 701 823 827
f 704 830 831
f 703 832 708
f 707 834 709
f 710 833 835
f 712 836 837
f 714 838 716
f 718 840 719
f 720 839 842
f 721 841 723
f 722 844 724
f 725 843 846
f 726 845 727
f 728 849 852
f 731 854 733
f 734 853 855
f 735 857 858
f 738 863 740
f 741 864 865
f 742 867 869
f 745 872 874
f 746 875 747
f 748 877 879
f 749 882 751
f 755 885 886
f 757 887 758
f 760 890 891
f 762 892 893
f 765 894 895
f 766 896 767
f 773 902 774
f 777 903 779
f 782 907 784
f 783 908 786
f 789 910 790
f 791 911 912
f 795 916 917
f 801 919 804
f 803 920 806
f 805 922 809
f 808 921 924
f 813 923 927
f 812 929 814
f 815 928 930
f 816 933 817
f 820 935 939
f 822 942 825
f 824 946 828
f 826 947 951
f 829 952 953
f 848 964 968
f 847 967 850
f 851 972 973
f 856 975 979
f 859 980 982
f 861 985 986
f 860 987 862
f 866 989 868
f 871 990 991
f 870 993 873
f 876 992 995
f 878 996 997
f 880 998 999
f 881 1000 1002
f 883 1003 1004
f 884 1007 1009
f 888 1011 1013
f 889 1012 1014
f 897 1017 1018
f 898 1020 899
f 900 1025 901
f 904 1030 905
f 906 1032 1034
f 909 1037 1038
f 913 1043 1044
f 914 1045 1046
f 915 1047 918
f 925 1050 1051
f 926 1052 932
f 931 1056 934
f 936 1061 940
f 937 1062 1067
f 938 1065 941
f 943 1064 1068
f 945 1071 1075
f 944 1073 950
f 948 1074 1076
f 949 1077 954
f 955 1080 1085
f 956 1084 1087
f 957 1088 1094
f 958 1093 1095
f 960 1098 1101
f 959 1100 961
f 962 1099 1102
f 963 1103 966
f 965 1104 970
f 969 1106 971
f 974 1108 977
f 976 1109 1112
f 978 1111 1114
f 981 1113 1115
f 983 1116 984
f 988 1118 1121
f 994 1123 1125
f 1001 1132 1135
f 1005 1136 1139
f 1006 1138 1010
f 1008 1137 1140
f 1015 1142 1016
f 1019 1152 1021
f 1022 1153 1023
f 1024 1154 1155
f 1026 1156 1157
f 1027 1158 1159
f 1028 1160 1161
f 1029 1162 1031
f 1033 1163 1035
f 1036 1165 1166
f 1039 1167 1041
f 1040 1168 1042
f 1048 1173 1176
f 1049 1179 1180
f 1053 1185 1055
f 1054 1187 1058
f 1057 1189 1192
f 1059 1191 1193
f 1060 1194 1066
f 1063 1195 1070
f 1069 1196 1072
f 1079 1199 1202
f 1078 1204 1083
f 1082 1200 1205
f 1081 1207 1086
f 1090 1208 1212
f 1089 1209 1091
f 1092 1210 1214
f 1096 1215 1097
f 1105 1219 1221
f 1107 1222 1110
f 1117 1231 1120
f 1119 1229 1232
f 1122 1238 1124
f 1126 1239 1241
f 1128 1242 1244
f 1127 1243 1129
f 1131 1245 1248
f 1130 1249 1134
f 1133 1247 1250
f 1141 1258 1259
f 1143 1262 1264
f 1144 1268 1145
f 1146 1269 1147
f 1148 1274 1149
f 1150 1277 1151
f 1164 1282 1284
f 1169 1288 1289
f 1170 1293 1171
f 1172 1297 1177
f 1174 1298 1299
f 1175 1300 1178
f 1181 1305 1182
f 1183 1306 1308
f 1184 1309 1186
f 1188 1311 1190
f 1197 1317 1320
f 1198 1323 1201
f 1203 1324 1206
f 1211 1327 1213
f 1216 1331 1332
f 1217 1333 1336
f 1218 1338 1220
f 1223 1345 1225
f 1224 1346 1348
f 1226 1347 1227
f 1228 1353 1354
f 1230 1355 1233
f 1234 1358 1235
f 1236 1360 1365
f 1237 1364 1240
f 1246 1368 1251
f 1252 1374 1375
f 1253 1379 1254
f 1255 1378 1380
f 1256 1381 1257
f 1260 1383 1261
f 1263 1384 1265
f 1266 1385 1267
f 1270 1386 1271
f 1272 1387 1273
f 1275 1388 1389
f 1276 1391 1278
f 1279 1390 1392
f 1280 1395 1396
f 1281 1400 1401
f 1283 1402 1403
f 1285 1406 1287
f 1286 1407 1408
f 1290 1409 1410
f 1292 1411 1413
f 1291 1412 1294
f 1295 1414 1296
f 1301 1415 1417
f 1302 1419 1421
f 1303 1424 1304
f 1307 1426 1429
f 1310 1431 1312
f 1313 1435 1315
f 1314 1437 1318
f 1316 1441 1319
f 1322 1442 1447
f 1321 1444 1326
f 1325 1448 1449
f 1328 1450 1330
f 1329 1451 1453
f 1334 1455 1337
f 1335 1457 1340
f 1339 1460 1341
f 1342 1462 1343
f 1344 1466 1468
f 1349 1472 1350
f 1351 1475 1352
f 1356 1480 1357
f 1359 1479 1481
f 1361 1482 1362
f 1363 1484 1366
f 1367 1487 1488
f 1369 1492 1371
f 1370 1491 1494
f 1372 1493 1495
f 1373 1496 1376
f 1377 1497 1499
f 1382 1503 1505
f 1393 1515 1394
f 1397 1520 1398
f 1399 1521 1522
f 1404 1528 1405
f 1416 1539 1542
f 1418 1541 1543
f 1420 1544 1546
f 1422 1553 1423
f 1425 1556 1427
f 1428 1555 1557
f 1430 1562 1432
f 1433 1561 1565
f 1434 1564 1436
f 1438 1568 1439
f 1440 1569 1573
f 1443 1576 1446
f 1445 1575 1580
f 1452 1587 1456
f 1454 1589 1458
f 1459 1590 1591
f 1463 1592 1593
f 1461 1594 1465
f 1464 1595 1467
f 1469 1596 1598
f 1470 1597 1602
f 1471 1603 1473
f 1474 1605 1476
f 1477 1606 1608
f 1478 1609 1611
f 1483 1613 1614
f 1485 1617 1618
f 1486 1619 1620
f 1489 1623 1626
f 1490 1625 1629
f 1498 1630 1633
f 1500 1636 1501
f 1502 1637 1504
f 1506 1642 1643
f 1507 1645 1646
f 1508 1648 1509
f 1510 1650 1512
f 1511 1649 1653
f 1513 1651 1654
f 1514 1657 1660
f 1516 1664 1517
f 1518 1665 1666
f 1519 1669 1670
f 1523 1673 1524
f 1525 1676 1526
f 1527 1677 1679
f 1529 1682 1683
f 1530 1688 1533
f 1531 1689 1691
f 1532 1692 1534
f 1535 1693 1696
f 1536 1697 1537
f 1538 1698 1699
f 1540 1702 1705
f 1545 1706 1549
f 1548 1708 1711
f 1547 1710 1551
f 1550 1717 1552
f 1554 1718 1722
f 1558 1724 1559
f 1560 1727 1563
f 1566 1732 1567
f 1570 1735 1574
f 1571 1733 1738
f 1572 1736 1577
f 1578 1737 1740
f 1579 1741 1742
f 1581 1744 1582
f 1583 1743 1745
f 1584 1749 1586
f 1585 1751 1753
f 1588 1755 1756
f 1599 1764 1601
f 1600 1765 1604
f 1607 1767 1610
f 1612 1773 1615
f 1616 1772 1775
f 1621 1777 1624
f 1622 1778 1779
f 1627 1780 1628
f 1631 1781 1785
f 1632 1784 1634
f 1635 1792 1795
f 1638 1796 1797
f 1639 1798 1641
f 1640 1799 1800
f 1644 1802 1647
f 1652 1805 1655
f 1656 1807 1659
f 1658 1806 1808
f 1661 1810 1662
f 1663 1811 1812
f 1667 1813 1668
f 1671 1814 1815
f 1672 1817 1674
f 1675 1824 1678
f 1680 1827 1681
f 1684 1831 1686
f 1685 1834 1687
f 1690 1837 1694
f 1695 1838 1840
f 1700 1846 1847
f 1701 1849 1704
f 1703 1848 1852
f 1709 1850 1854
f 1707 1855 1713
f 1712 1856 1716
f 1714 1860 1863
f 1715 1861 1719
f 1720 1864 1866
f 1721 1865 1723
f 1725 1869 1728
f 1726 1875 1730
f 1729 1874 1877
f 1731 1880 1734
f 1739 1882 1884
f 1746 1892 1750
f 1748 1891 1893
f 1747 1894 1754
f 1752 1896 1897
f 1757 1898 1759
f 1758 1899 1903
f 1760 1901 1904
f 1761 1907 1908
f 1762 1910 1763
f 1766 1914 1917
f 1768 1919 1922
f 1769 1923 1770
f 1771 1926 1774
f 1776 1927 1931
f 1782 1935 1786
f 1783 1936 1788
f 1787 1937 1939
f 1789 1938 1941
f 1790 1943 1791
f 1793 1944 1794
f 1801 1950 1951
f 1803 1957 1804
f 1809 1962 1964
f 1818 1974 1976
f 1816 1978 1820
f 1819 1980 1981
f 1821 1982 1823
f 1822 1983 1985
f 1825 1986 1826
f 1828 1988 1990
f 1830 1992 1993
f 1829 1994 1832
f 1833 1995 1835
f 1836 1997 1839
f 1841 1999 1842
f 1843 2001 1844
f 1845 2000 2003
f 1851 2004 2005
f 1853 2006 1859
f 1857 2007 2008
f 1858 2009 1862
f 1867 2010 2011
f 1870 2012 2014
f 1868 2015 1873
f 1872 2016 2017
f 1871 2018 1876
f 1878 2019 2020
f 1879 2021 1881
f 1883 2023 2025
f 1885 2027 1886
f 1887 2026 2028
f 1888 2031 1889
f 1890 2032 2033
f 1895 2036 2038
f 1900 2040 1902
f 1905 2042 1906
f 1909 2043 2044
f 1911 2045 1912
f 1913 2047 1918
f 1916 2046 2048
f 1915 2050 1920
f 1921 2051 2054
f 1924 2058 1925
f 1928 2059 1930
f 1929 2063 1932
f 1933 2065 1934
f 1940 2069 1942
f 1945 2071 2072
f 1946 2074 2075
f 1947 2078 2079
f 1948 2081 1949
f 1952 2082 1953
f 1954 2083 1956
f 1955 2084 1958
f 1959 2091 2092
f 1960 2094 1963
f 1961 2095 2097
f 1965 2099 2101
f 1966 2105 2106
f 1967 2107 1969
f 1968 2108 1970
f 1971 2114 2115
f 1972 2116 1973
f 1975 2119 1977
f 1979 2120 2121
f 1984 2124 1987
f 1989 2127 1991
f 1996 2135 1998
f 2002 2137 2138
f 2013 2141 2142
f 2022 2149 2024
f 2029 2151 2154
f 2030 2153 2034
f 2035 2156 2158
f 2037 2157 2163
f 2039 2167 2041
f 2049 2183 2052
f 2053 2185 2190
f 2056 2188 2194
f 2055 2192 2057
f 2060 2199 2061
f 2062 2198 2201
f 2064 2203 2204
f 2066 2206 2209
f 2067 2216 2068
f 2070 2218 2220
f 2073 2222 2224
f 2076 2223 2225
f 2077 2226 2080
f 2085 2235 2086
f 2087 2236 2088
f 2089 2238 2090
f 2093 2242 2096
f 2098 2244 2100
f 2102 2245 2246
f 2103 2247 2104
f 2109 2250 2251
f 2110 2254 2257
f 2111 2258 2259
f 2112 2260 2113
f 2117 2261 2118
f 2122 2262 2263
f 2123 2264 2265
f 2125 2269 2126
f 2129 2271 2272
f 2128 2273 2131
f 2130 2274 2278
f 2132 2280 2134
f 2133 2281 2136
f 2139 2288 2140
f 2143 2298 2300
f 2144 2302 2146
f 2145 2303 2304
f 2147 2306 2148
f 2150 2312 2152
f 2155 2314 2316
f 2159 2318 2160
f 2161 2317 2322
f 2162 2321 2165
f 2164 2320 2323
f 2166 2324 2168
f 2169 2326 2170
f 2171 2325 2327
f 2172 2328 2173
f 2174 2329 2332
f 2175 2333 2177
f 2176 2340 2179
f 2178 2339 2344
f 2180 2347 2181
f 2182 2346 2348
f 2184 2349 2352
f 2186 2351 2191
f 2187 2350 2354
f 2189 2353 2193
f 2195 2357 2360
f 2196 2365 2197
f 2200 2369 2202
f 2205 2371 2208
f 2207 2370 2373
f 2210 2375 2211
f 2212 2374 2376
f 2214 2377 2380
f 2213 2378 2215
f 2217 2384 2219
f 2221 2389 2390
f 2227 2397 2228
f 2229 2398 2230
f 2231 2401 2232
f 2233 2403 2234
f 2237 2412 2239
f 2240 2416 2418
f 2241 2420 2243
f 2248 2422 2423
f 2249 2424 2426
f 2252 2428 2429
f 2253 2431 2255
f 2256 2430 2432
f 2267 2437 2438
f 2266 2440 2268
f 2270 2442 2443
f 2275 2444 2277
f 2276 2448 2279
f 2282 2451 2283
f 2284 2450 2453
f 2285 2452 2286
f 2287 2454 2289
f 2290 2457 2291
f 2292 2459 2464
f 2293 2463 2294
f 2295 2462 2468
f 2296 2467 2469
f 2297 2470 2299
f 2301 2472 2305
f 2307 2475 2477
f 2308 2476 2479
f 2309 2480 2483
f 2310 2485 2311
f 2313 2487 2489
f 2315 2491 2319
f 2331 2501 2503
f 2330 2505 2335
f 2334 2507 2336
f 2338 2508 2510
f 2337 2511 2342
f 2343 2512 2513
f 2341 2514 2345
f 2356 2518 2519
f 2355 2520 2359
f 2358 2524 2362
f 2361 2528 2363
f 2364 2527 2530
f 2366 2532 2367
f 2368 2533 2535
f 2372 2537 2541
f 2379 2546 2549
f 2381 2551 2383
f 2382 2550 2555
f 2385 2557 2386
f 2387 2559 2561
f 2388 2560 2391
f 2392 2562 2393
f 2394 2563 2564
f 2395 2565 2396
f 2399 2569 2400
f 2402 2570 2571
f 2404 2574 2406
f 2405 2575 2407
f 2408 2577 2580
f 2409 2579 2583
f 2410 2582 2411
f 2413 2581 2584
f 2414 2585 2587
f 2415 2588 2417
f 2419 2589 2590
f 2421 2594 2595
f 2425 2597 2598
f 2427 2599 2600
f 2433 2601 2434
f 2435 2604 2436
f 2439 2607 2608
f 2441 2609 2610
f 2445 2613 2447
f 2446 2612 2616
f 2449 2615 2617
f 2455 2624 2627
f 2456 2628 2629
f 2458 2632 2460
f 2461 2633 2635
f 2465 2636 2466
f 2471 2644 2473
f 2474 2645 2647
f 2478 2649 2482
f 2481 2648 2651
f 2484 2650 2652
f 2486 2653 2655
f 2488 2654 2656
f 2490 2658 2492
f 2493 2660 2494
f 2495 2661 2663
f 2496 2664 2497
f 2498 2665 2666
f 2499 2668 2500
f 2504 2670 2672
f 2502 2673 2506
f 2509 2676 2680
f 2515 2684 2517
f 2516 2685 2686
f 2522 2693 2696
f 2521 2695 2523
f 2526 2697 2699
f 2525 2698 2529
f 2531 2700 2534
f 2536 2701 2704
f 2538 2706 2539
f 2540 2711 2543
f 2542 2709 2714
f 2544 2713 2715
f 2545 2716 2547
f 2548 2717 2553
f 2552 2718 2720
f 2554 2721 2722
f 2556 2724 2558
f 2566 2730 2567
f 2568 2731 2732
f 2572 2733 2573
f 2576 2736 2578
f 2586 2741 2742
f 2591 2746 2592
f 2593 2747 2749
f 2596 2753 2755
f 2602 2767 2603
f 2605 2769 2771
f 2606 2773 2774
f 2611 2776 2778
f 2614 2781 2783
f 2618 2786 2788
f 2619 2787 2620
f 2621 2789 2622
f 2623 2790 2625
f 2626 2792 2630
f 2631 2794 2634
f 2637 2795 2638
f 2639 2796 2640
f 2641 2797 2800
f 2642 2799 2801
f 2643 2803 2646
f 2657 2814 2659
f 2662 2820 2821
f 2667 2823 2669
f 2671 2827 2675
f 2674 2829 2678
f 2677 2832 2679
f 2681 2833 2682
f 2683 2836 2838
f 2687 2839 2690
f 2689 2840 2846
f 2688 2843 2691
f 2692 2842 2848
f 2694 2849 2851
f 2702 2856 2857
f 2705 2858 2861
f 2703 2860 2708
f 2707 2859 2863
f 2710 2862 2865
f 2712 2866 2867
f 2719 2871 2723
f 2725 2872 2873
f 2726 2874 2876
f 2727 2879 2728
f 2729 2880 2881
f 2734 2888 2735
f 2737 2892 2738
f 2739 2891 2893
f 2740 2896 2744
f 2743 2895 2897
f 2745 2900 2748
f 2750 2903 2751
f 2752 2907 2754
f 2756 2909 2758
f 2757 2910 2759
f 2760 2911 2761
f 2762 2914 2763
f 2764 2915 2765
f 2766 2917 2918
f 2768 2920 2770
f 2772 2921 2922
f 2775 2923 2777
f 2779 2925 2926
f 2780 2928 2782
f 2784 2932 2933
f 2785 2936 2937
f 2791 2942 2793
f 2798 2950 2954
f 2802 2958 2805
f 2804 2957 2960
f 2806 2962 2807
f 2808 2961 2965
f 2809 2963 2811
f 2812 2966 2969
f 2810 2968 2813
f 2815 2978 2818
f 2817 2977 2979
f 2816 2980 2819
f 2822 2985 2824
f 2825 2988 2828
f 2826 2990 2831
f 2830 2991 2993
f 2834 2994 2835
f 2837 2995 2841
f 2845 2996 2997
f 2844 2998 2850
f 2847 3000 2852
f 2853 3001 3005
f 2854 3009 2855
f 2864 3013 3014
f 2868 3019 3022
f 2869 3023 2870
f 2875 3027 2878
f 2877 3024 3030
f 2882 3039 3040
f 2884 3041 3043
f 2883 3042 2885
f 2886 3046 3047
f 2887 3060 2890
f 2889 3061 3062
f 2894 3067 3070
f 2898 3073 2899
f 2901 3078 2902
f 2904 3080 2906
f 2905 3082 2908
f 2912 3085 2913
f 2916 3086 3088
f 2919 3091 3092
f 2924 3095 2927
f 2929 3096 2930
f 2931 3097 3098
f 2935 3099 3102
f 2934 3101 2938
f 2939 3104 3106
f 2940 3112 2941
f 2943 3116 2944
f 2945 3115 3120
f 2946 3121 2947
f 2948 3122 3124
f 2949 3125 2951
f 2952 3126 2956
f 2955 3128 3129
f 2953 3130 2959
f 2964 3136 3138
f 2967 3139 2971
f 2970 3140 3141
f 2972 3144 2975
f 2973 3143 3149
f 2974 3150 2976
f 2981 3158 2982
f 2983 3160 2986
f 2984 3162 2987
f 2989 3163 2992
f 2999 3179 3003
f 3002 3180 3183
f 3004 3182 3006
f 3007 3186 3008
f 3010 3188 3191
f 3011 3192 3197
f 3012 3202 3204
f 3015 3207 3016
f 3017 3208 3020
f 3018 3209 3021
f 3025 3215 3217
f 3026 3219 3028
f 3029 3221 3222
f 3031 3227 3033
f 3032 3228 3230
f 3034 3231 3036
f 3035 3232 3235
f 3037 3238 3038
f 3044 3246 3045
f 3048 3250 3049
f 3050 3249 3252
f 3051 3254 3052
f 3053 3255 3256
f 3054 3257 3258
f 3055 3259 3056
f 3057 3260 3059
f 3058 3261 3263
f 3064 3266 3270
f 3063 3269 3066
f 3065 3273 3068
f 3069 3275 3277
f 3071 3279 3280
f 3072 3281 3074
f 3075 3284 3076
f 3077 3285 3286
f 3079 3289 3081
f 3083 3293 3295
f 3084 3296 3297
f 3087 3300 3301
f 3089 3302 3304
f 3090 3303 3305
f 3093 3309 3310
f 3094 3313 3314
f 3100 3319 3105
f 3103 3321 3107
f 3108 3326 3109
f 3110 3328 3331
f 3111 3332 3113
f 3114 3335 3339
f 3118 3340 3343
f 3117 3342 3123
f 3119 3341 3345
f 3127 3348 3131
f 3133 3353 3355
f 3132 3354 3134
f 3135 3356 3137
f 3142 3359 3147
f 3146 3360 3363
f 3145 3364 3151
f 3152 3362 3367
f 3148 3368 3154
f 3153 3371 3156
f 3155 3376 3157
f 3159 3375 3377
f 3161 3380 3382
f 3164 3384 3165
f 3166 3383 3386
f 3167 3385 3168
f 3169 3392 3394
f 3170 3393 3171
f 3172 3400 3173
f 3174 3402 3175
f 3176 3408 3178
f 3177 3409 3411
f 3181 3416 3184
f 3185 3415 3418
f 3187 3422 3189
f 3190 3423 3195
f 3194 3424 3427
f 3193 3425 3199
f 3196 3428 3433
f 3198 3431 3201
f 3200 3432 3434
f 3203 3435 3205
f 3206 3436 3439
f 3210 3441 3446
f 3212 3447 3452
f 3211 3453 3213
f 3214 3454 3216
f 3220 3455 3458
f 3218 3457 3223
f 3224 3456 3461
f 3225 3459 3226
f 3229 3462 3463
f 3233 3464 3466
f 3234 3465 3467
f 3236 3468 3237
f 3239 3471 3472
f 3240 3473 3475
f 3241 3474 3242
f 3243 3476 3244
f 3245 3477 3248
f 3247 3478 3479
f 3251 3480 3253
f 3262 3491 3265
f 3264 3492 3496
f 3267 3494 3272
f 3271 3495 3497
f 3268 3498 3276
f 3274 3499 3500
f 3278 3503 3504
f 3282 3506 3283
f 3287 3507 3509
f 3288 3510 3511
f 3290 3512 3513
f 3291 3515 3518
f 3292 3519 3294
f 3298 3525 3299
f 3306 3538 3540
f 3307 3541 3308
f 3311 3542 3312
f 3315 3548 3316
f 3317 3554 3556
f 3318 3558 3320
f 3322 3559 3563
f 3323 3565 3324
f 3325 3566 3569
f 3327 3571 3329
f 3330 3574 3333
f 3334 3578 3337
f 3336 3576 3579
f 3338 3580 3581
f 3344 3585 3346
f 3347 3587 3350
f 3349 3588 3352
f 3351 3589 3590
f 3357 3592 3596
f 3358 3599 3603
f 3361 3605 3365
f 3366 3604 3608
f 3370 3609 3610
f 3369 3612 3374
f 3373 3611 3617
f 3372 3616 3378
f 3379 3615 3619
f 3381 3620 3622
f 3387 3631 3388
f 3389 3630 3635
f 3390 3636 3639
f 3391 3640 3395
f 3396 3643 3397
f 3398 3642 3646
f 3399 3644 3403
f 3401 3648 3406
f 3404 3647 3650
f 3405 3651 3410
f 3410 3651 3655
f 3407 3656 3414
f 3412 3657 3661
f 3413 3662 3417
f 3419 3668 3420
f 3421 3666 3670
f 3426 3676 3430
f 3429 3674 3677
f 3438 3680 3683
f 3437 3682 3440
f 3442 3687 3443
f 3444 3688 3692
f 3445 3690 3449
f 3448 3689 3693
f 3450 3694 3451
f 3460 3697 3699
f 3469 3704 3705
f 3470 3706 3707
f 3482 3712 3714
f 3481 3713 3485
f 3484 3715 3716
f 3483 3717 3487
f 3486 3718 3719
f 3488 3720 3489
f 3490 3724 3493
f 3502 3725 3728
f 3501 3729 3505
f 3508 3731 3732
f 3514 3734 3516
f 3517 3733 3737
f 3520 3739 3521
f 3522 3741 3523
f 3524 3740 3743
f 3526 3744 3527
f 3528 3746 3529
f 3530 3748 3532
f 3533 3747 3749
f 3531 3750 3534
f 3535 3751 3752
f 3536 3753 3754
f 3537 3755 3757
f 3539 3756 3758
f 3543 3762 3764
f 3544 3763 3765
f 3545 3767 3546
f 3547 3766 3768
f 3549 3776 3551
f 3550 3775 3780
f 3552 3779 3555
f 3553 3778 3781
f 3557 3783 3561
f 3560 3782 3785
f 3562 3787 3568
f 3564 3786 3789
f 3567 3788 3570
f 3572 3791 3573
f 3575 3796 3577
f 3582 3800 3583
f 3584 3801 3803
f 3586 3802 3804
f 3591 3808 3593
f 3594 3809 3597
f 3595 3812 3600
f 3598 3811 3814
f 3601 3813 3819
f 3602 3815 3606
f 3607 3818 3820
f 3614 3822 3824
f 3613 3823 3618
f 3621 3826 3624
f 3623 3829 3627
f 3625 3828 3830
f 3626 3831 3628
f 3629 3835 3632
f 3633 3838 3842
f 3634 3841 3637
f 3638 3840 3844
f 3641 3846 3847
f 3645 3849 3850
f 3649 3854 3652
f 3653 3853 3859
f 3654 3858 3660
f 3658 3857 3863
f 3659 3862 3663
f 3665 3861 3864
f 3664 3867 3669
f 3667 3865 3868
f 3671 3869 3673
f 3672 3870 3871
f 3675 3872 3679
f 3678 3873 3874
f 3681 3875 3878
f 3684 3877 3686
f 3685 3876 3879
f 3691 3884 3696
f 3695 3883 3885
f 3698 3886 3887
f 3700 3889 3701
f 3702 3890 3703
f 3708 3894 3895
f 3709 184 183
f 3710 182 3711
f 3721 181 179
f 3722 180 3723
f 3726 178 3727
f 3730 177 176
f 3736 175 174
f 3735 173 3738
f 3742 172 242
f 3745 241 240
f 3759 239 238
f 3760 237 3761
f 3769 236 3770
f 3771 234 3773
f 3774 235 232
f 3772 233 3777
f 3784 231 230
f 3790 229 226
f 3792 227 3793
f 3794 228 224
f 3795 225 3797
f 3798 223 3799
f 3805 222 221
f 3807 220 219
f 3806 218 3810
f 3816 217 215
f 3817 216 3821
f 3825 214 213
f 3827 212 211
f 3832 210 209
f 3833 208 3837
f 3836 207 206
f 3834 205 3839
f 3843 204 203
f 3845 202 3848
f 3852 201 199
f 3851 200 3856
f 3855 198 197
f 3860 196 195
f 3866 194 193
f 3880 192 3882
f 3881 191 190
f 3888 189 188
f 3892 187 185
f 3891 186 3893
f 26 3974 3976
f 27 3977 3975
f 28 4033 4030
f 29 4031 4032
f 30 4021 4018
f 31 4017 4020
f 32 4019 4022
f 33 54 4010
f 34 4009 4008
f 36 4012 4011
f 37 58 3986
f 3987 3989 40
f 39 3988 3991
f 62 41 3980
f 42 3978 3979
f 43 3972 3971
f 44 4050 4049
f 45 65 4034
f 46 4035 4036
f 47 71 4014
f 48 4024 4023
f 4028 50 4027
f 49 4026 4025
f 4002 4003 51
f 52 4005 4004
f 53 4007 4006
f 3996 3999 55
f 57 3998 3997
f 56 4000 4001
f 59 3982 3981
f 61 3990 3983
f 60 3985 3984
f 63 77 4052
f 64 4053 4054
f 4037 67 66
f 4016 70 68
f 4013 4015 69
f 72 3993 3992
f 73 3995 3994
f 74 4057 4058
f 75 4059 4060
f 76 4061 4062
f 78 87 4051
f 79 4046 4048
f 80 4047 4029
f 3973 89 81
f 84 4042 4041
f 85 4065 4066
f 4063 91 86
f 4039 88 4038
f 4067 4068 90
f 92 4086 4087
f 93 4080 4079
f 94 4073 4074
f 95 4076 4075
f 4069 97 96
f 4064 4055 4056
f 4082 100 98
f 99 102 4078
f 4081 4083 101
f 103 4084 4085
f 104 4077 4072
f 105 4070 4071
f 106 3923 3924
f 107 3921 3922
f 108 3925 3926
f 109 3920 3919
f 110 3918 3917
f 111 3915 3916
f 112 3913 3914
f 113 3904 3905
f 114 3910 3906
f 115 3912 3911
f 116 3907 3908
f 3902 3909 117
f 3901 3903 118
f 119 3897 3896
f 3898 120 121
f 3899 122 123
f 3900 124 125
f 3929 126 127
f 129 3944 3928
f 3941 3943 128
f 3942 130 131
f 132 133 3938
f 3940 134 135
f 3939 136 3937
f 3936 137 138
f 3935 139 3934
f 3933 140 141
f 3932 142 144
f 3931 143 145
f 146 3948 3930
f 3947 3945 148
f 3946 147 149
f 3950 150 3949
f 3952 151 152
f 153 3970 3951
f 3967 155 156
f 157 158 3966
f 159 3964 3965
f 160 3962 3963
f 161 3958 3961
f 162 3960 3959
f 163 3956 3957
f 165 3955 164
f 166 3953 3954
f 3927 167 168
