v -0.298816 0.002597 0.066537
v -0.298944 0.002597 0.066443
v -0.298371 0.002597 0.06703
v -0.298149 0.002597 0.067493
v -0.298037 -0.002603 0.06818
v -0.2981 -0.002603 0.067663
v -0.298505 -0.002603 0.066845
v -0.298868 -0.002603 0.066496
v -0.298037 -0.003271 0.068411
v -0.298037 -0.008569 0.079556
v -0.298037 -0.007987 0.080949
v -0.298037 -0.007987 0.080949
v -0.298037 -0.008426 0.073628
v -0.298037 -0.008426 0.073628
v -0.298037 -0.007779 0.072265
v -0.298037 -0.007779 0.072265
v -0.298037 -0.006912 0.071029
v -0.298037 -0.004992 0.084287
v -0.298037 0.003665 0.085015
v -0.298037 0.00224 0.085512
v -0.298037 0.00224 0.085512
v -0.299272 0.003937 0.066689
v -0.29819 0.003544 0.067697
v -0.29819 0.003544 0.067697
v -0.298623 -0.003785 0.067093
v -0.29819 -0.006349 0.069374
v -0.29819 -0.0075 0.070539
v -0.29819 -0.00844 0.071879
v -0.29819 -0.00844 0.071879
v -0.29819 -0.009143 0.073358
v -0.29819 0.005014 0.068418
v -0.298623 -0.005353 0.067861
v -0.298623 -0.00677 0.068881
v -0.298623 0.005347 0.067861
v -0.29819 -0.008666 0.081302
v -0.29819 -0.006698 0.083905
v -0.29819 -0.005416 0.084923
v -0.29819 0.000816 0.086527
v -0.29819 -0.009297 0.079791
v -0.29819 -0.009297 0.079791
v -0.29819 0.00243 0.086253
v -0.29819 0.00243 0.086253
v -0.318131 -0.019088 0.075797
v -0.318131 -0.019353 0.076203
v -0.318656 -0.019474 0.075441
v -0.338461 -0.01846 0.080568
v -0.338461 -0.014638 0.078562
v -0.338461 -0.014432 0.078096
v -0.339029 -0.014746 0.077981
v -0.339975 -0.015602 0.075922
v -0.339538 -0.015139 0.075754
v -0.340331 -0.01627 0.075796
v -0.339975 -0.01579 0.075519
v -0.339538 -0.015364 0.075273
v -0.339029 -0.01459 0.077398
v -0.339538 -0.021049 0.076796
v -0.339975 -0.020557 0.076796
v -0.339975 -0.020518 0.076352
v -0.339975 -0.018002 0.074242
v -0.340331 -0.017655 0.074826
v -0.340331 -0.018002 0.074796
v -0.339975 -0.016046 0.075154
v -0.338461 -0.014313 0.077705
v -0.338461 -0.01426 0.077456
v -0.339975 -0.01579 0.078073
v -0.340331 -0.01647 0.078081
v -0.339975 -0.016046 0.078438
v -0.339538 -0.016044 0.07913
v -0.339975 -0.01636 0.078753
v -0.339975 -0.016725 0.079008
v -0.338461 -0.018662 0.080538
v -0.339029 -0.018604 0.080209
v -0.340331 -0.017512 0.075439
v -0.340331 -0.016582 0.07705
v -0.340157 -0.016752 0.076573
v -0.340138 -0.016752 0.076796
v -0.340226 -0.017792 0.075474
v -0.340157 -0.017571 0.075602
v -0.322029 0.001472 0.006941
v -0.322029 0.001459 0.007326
v -0.322554 0.001977 0.007413
v -0.330817 0.002092 0.009941
v -0.330817 0.003273 0.00844
v -0.330359 0.002145 0.003943
v -0.330817 0.001998 0.004158
v -0.330359 -0.001819 0.003748
v -0.330359 -0.002237 0.004014
v -0.330817 -0.002084 0.004224
v -0.330359 -0.003332 0.005263
v -0.33162 -0.001606 0.009444
v -0.33162 -0.00127 0.009641
v -0.33124 -0.001433 0.009968
v -0.33124 -0.001433 0.009968
v -0.33124 -0.001026 0.010137
v -0.33162 0.00136 0.009599
v -0.33124 0.001533 0.009921
v -0.330817 0.001683 0.010198
v -0.33124 -0.001812 0.009746
v -0.33124 -0.001812 0.009746
v -0.33124 -0.002158 0.009474
v -0.33162 -0.001913 0.009203
v -0.331951 -0.00187 0.008658
v -0.331951 -0.002364 0.00646
v -0.331951 -0.002067 0.008388
v -0.33124 -0.002973 0.005846
v -0.330359 -0.003274 0.005161
v -0.330817 -0.003049 0.005293
v -0.33124 -0.002777 0.005452
v -0.33162 -0.002462 0.005637
v -0.331951 -0.00144 0.005105
v -0.331951 -0.001157 0.004927
v -0.331951 -0.000853 0.004789
v -0.33162 -0.000997 0.004405
v -0.33124 -0.000703 0.003937
v -0.33162 -0.000623 0.004294
v -0.331951 -0.000533 0.004694
v -0.33162 -0.000237 0.004234
v -0.33162 -0.000237 0.004234
v -0.331951 0.000132 0.004638
v -0.33162 0.000153 0.004228
v -0.33162 0.000153 0.004228
v -0.33124 0.000172 0.003863
v -0.33162 0.00054 0.004275
v -0.330359 0.001698 0.003681
v -0.33162 0.001921 0.004962
v -0.331951 0.001646 0.005267
v -0.33162 0.002192 0.005243
v -0.331951 0.001878 0.005507
v -0.331951 0.001878 0.005507
v -0.332229 0.001535 0.005795
v -0.332229 -0.000945 0.005322
v -0.332229 -0.001843 0.006315
v -0.332229 -0.00193 0.006574
v -0.332229 -0.001688 0.008149
v -0.330817 0.003427 0.007982
v -0.33162 0.002644 0.008179
v -0.33124 0.002981 0.008319
v -0.33162 0.00247 0.008528
v -0.331951 0.002116 0.00832
v -0.33162 0.00225 0.00885
v -0.33162 0.001988 0.00914
v -0.331951 0.001704 0.008844
v -0.33162 0.00169 0.009391
v -0.33124 0.001906 0.009686
v -0.332229 -0.000599 0.008394
v -0.332145 -0.000729 0.008227
v -0.332081 -0.000537 0.008259
v -0.339537 0.011558 0.083767
v -0.339537 0.012356 0.082228
v -0.339537 -0.018002 0.080796
v -0.339537 -0.018834 0.080709
v -0.339537 -0.021467 0.074796
v -0.339537 -0.021807 0.07556
v -0.339537 0.012891 0.072796
v -0.339537 0.0164201 0.0745524
v -0.339537 -0.012362 0.071364
v -0.339537 -0.012362 0.071364
v -0.339537 0.012356 0.071364
v -0.339537 0.008088 0.065989
v -0.339537 -0.011563 0.069825
v -0.339537 -0.00116051 0.070223
v -0.337537 -0.006762 0.090744
v -0.339269 0.017997 0.071796
v -0.339162 0.013723 0.07163
v -0.33927 0.013606 0.071798
v -0.33927 0.013606 0.071798
v -0.339381 0.013449 0.072022
v -0.339537 -0.012902 0.072789
v -0.339439 -0.012927 0.071115
v -0.339381 -0.013455 0.072022
v -0.339535 -0.012967 0.072699
v -0.339439 0.012922 0.071115
v -0.339439 0.00694 0.064503
v -0.339439 0.008458 0.065494
v -0.338155 0.020398 0.082188
v -0.338155 0.021466 0.081571
v -0.339439 0.017997 0.081414
v -0.339155 0.019073 0.081858
v -0.339439 0.021996 0.074487
v -0.339155 0.022479 0.074208
v -0.339155 0.021843 0.073333
v -0.339439 0.02259 0.077279
v -0.339155 0.023144 0.077337
v -0.339439 0.022389 0.078223
v -0.338712 0.022172 0.080555
v -0.339155 0.021039 0.080983
v -0.338712 0.021299 0.081341
v -0.338712 0.020282 0.081928
v -0.338155 0.019224 0.082569
v -0.339155 0.017997 0.081971
v -0.338951 0.017997 0.08221
v -0.338712 0.017997 0.082414
v -0.338155 0.017997 0.082698
v -0.339269 -0.018002 0.071796
v -0.339439 -0.018002 0.072178
v -0.339055 0.013817 0.082098
v -0.338972 0.01388 0.082189
v -0.338628 0.014072 0.082472
v -0.339439 -0.018002 0.081414
v -0.339439 -0.018963 0.081313
v -0.339269 -0.018002 0.081796
v -0.339155 -0.019078 0.081858
v -0.338712 -0.018002 0.082414
v -0.339155 -0.018002 0.081971
v -0.339155 -0.022485 0.079384
v -0.339155 -0.022925 0.078395
v -0.338712 -0.022868 0.079605
v -0.338712 -0.022177 0.080555
v -0.338712 -0.023345 0.078532
v -0.339155 -0.02315 0.077337
v -0.339439 -0.022394 0.075369
v -0.338155 -0.007576 0.090207
v -0.338155 -0.005795 0.091067
v -0.338155 -0.005795 0.091067
v -0.338972 -0.013885 0.082189
v -0.339155 -0.013438 0.082701
v -0.339055 -0.013822 0.082098
v -0.339055 -0.013822 0.082098
v -0.33927 -0.013612 0.081795
v -0.33927 -0.013612 0.081795
v -0.339439 -0.012927 0.082476
v -0.339311 -0.01356 0.08172
v -0.339439 0.012922 0.082476
v -0.339439 0.012922 0.082476
v -0.339155 0.013432 0.082701
v -0.338712 -3e-06 0.091914
v -0.339155 -0.011495 0.085922
v -0.338712 -0.010539 0.087637
v -0.338712 -0.011842 0.086197
v -0.338712 0.010534 0.087637
v -0.338712 0.010534 0.087637
v -0.339155 0.010225 0.08732
v -0.339155 0.008792 0.088544
v -0.339155 0.008792 0.088544
v -0.338712 0.009057 0.088898
v -0.338712 -0.00194 0.091789
v -0.339155 -0.001884 0.09135
v -0.339155 -0.001884 0.09135
v -0.339439 -0.001812 0.090797
v -0.339439 -0.003592 0.09045
v -0.338712 -0.005688 0.090804
v -0.338712 -0.007437 0.08996
v -0.338712 -0.007437 0.08996
v -0.339155 -0.007219 0.089574
v -0.339155 -0.008797 0.088544
v -0.322029 -0.063147 0.022144
v -0.322029 -0.063351 0.02247
v -0.322554 -0.063552 0.02181
v -0.331951 -0.063388 0.025105
v -0.332229 -0.062384 0.025047
v -0.331951 -0.061802 0.025522
v -0.332229 -0.06184 0.025075
v -0.331951 -0.061472 0.025471
v -0.33124 -0.06088 0.026102
v -0.331951 -0.0631 0.025274
v -0.33162 -0.063282 0.025641
v -0.33162 -0.063282 0.025641
v -0.33124 -0.065195 0.023573
v -0.33162 -0.062922 0.025791
v -0.33162 -0.062922 0.025791
v -0.33124 -0.063039 0.026137
v -0.33124 -0.065098 0.024002
v -0.330817 -0.065401 0.024092
v -0.33124 -0.060479 0.02592
v -0.330817 -0.06033 0.026198
v -0.331951 -0.063882 0.024658
v -0.331951 -0.064376 0.02246
v -0.331951 -0.064376 0.02246
v -0.331951 -0.062468 0.025487
v -0.33162 -0.064426 0.024607
v -0.331951 -0.064079 0.024388
v -0.331951 -0.064079 0.024388
v -0.331951 -0.064238 0.024094
v -0.33162 -0.064648 0.021986
v -0.331951 -0.064269 0.022143
v -0.33162 -0.064474 0.021637
v -0.331951 -0.064121 0.021844
v -0.331951 -0.063708 0.02132
v -0.331951 -0.063453 0.021105
v -0.33162 -0.06186 0.020228
v -0.33162 -0.061472 0.020275
v -0.331951 -0.061549 0.020678
v -0.331951 -0.060629 0.02106
v -0.33162 -0.060398 0.020721
v -0.331951 -0.060367 0.021266
v -0.332229 -0.063188 0.021467
v -0.332229 -0.063856 0.022315
v -0.332229 -0.063856 0.022315
v -0.332229 -0.063943 0.022574
v -0.332229 -0.0637 0.024149
v -0.332229 -0.06335 0.024566
v -0.332229 -0.063135 0.024735
v -0.332229 -0.062648 0.024977
v -0.33124 -0.058822 0.022592
v -0.33162 -0.059184 0.022647
v -0.33162 -0.059151 0.023036
v -0.33162 -0.059763 0.02485
v -0.33162 -0.060024 0.025139
v -0.331951 -0.060309 0.024844
v -0.332229 -0.060895 0.024
v -0.332229 -0.063122 0.022164
v -0.332047 -0.062863 0.022154
v -0.332036 -0.062973 0.022287
v -0.332047 -0.061154 0.02401
v -0.332036 -0.061044 0.023877
v -0.330359 0.053731 0.00782
v -0.330359 0.053792 0.007376
v -0.330817 0.053532 0.007356
v -0.330817 0.053532 0.007356
v -0.330359 0.053803 0.007102
v -0.330817 0.051443 0.003849
v -0.330817 0.051815 0.010123
v -0.330817 0.051815 0.010123
v -0.33162 0.049977 0.009941
v -0.331951 0.049981 0.00953
v -0.332229 0.05128 0.005543
v -0.331951 0.051566 0.005198
v -0.331951 0.051256 0.009186
v -0.331951 0.051256 0.009186
v -0.332229 0.051027 0.008801
v -0.331951 0.051531 0.008996
v -0.331951 0.051531 0.008996
v -0.33162 0.052074 0.009052
v -0.33162 0.050367 0.009917
v -0.331951 0.048199 0.008737
v -0.331951 0.048441 0.008967
v -0.33162 0.048179 0.009283
v -0.332229 0.051771 0.008019
v -0.330817 0.052212 0.009848
v -0.330817 0.052212 0.009848
v -0.33124 0.047353 0.008917
v -0.33124 0.047128 0.008539
v -0.33162 0.047454 0.008374
v -0.330359 0.052192 0.010189
v -0.330359 0.052192 0.010189
v -0.330359 0.052374 0.010052
v -0.33124 0.051653 0.009852
v -0.33162 0.051466 0.009538
v -0.33124 0.051261 0.010051
v -0.331951 0.050958 0.009337
v -0.331951 0.047704 0.006242
v -0.331951 0.04784 0.005936
v -0.331951 0.048016 0.005652
v -0.330359 0.051062 0.003433
v -0.330817 0.050989 0.003683
v -0.33162 0.0508 0.004337
v -0.331951 0.050685 0.004731
v -0.331951 0.050999 0.004846
v -0.33124 0.051704 0.004343
v -0.33124 0.052061 0.0046
v -0.33162 0.051827 0.004882
v -0.332229 0.048554 0.005704
v -0.332229 0.04838 0.005914
v -0.332229 0.048236 0.006146
v -0.332229 0.051477 0.005731
v -0.331951 0.052016 0.005689
v -0.33124 0.052654 0.005247
v -0.33124 0.052879 0.005626
v -0.33124 0.052879 0.005626
v -0.33162 0.052553 0.005791
v -0.33162 0.052553 0.005791
v -0.331951 0.052187 0.005976
v -0.331951 0.052187 0.005976
v -0.332229 0.051787 0.006179
v -0.33162 0.052705 0.00615
v -0.331951 0.052318 0.006284
v -0.331951 0.052318 0.006284
v -0.332229 0.051894 0.00643
v -0.332229 0.051894 0.00643
v -0.332229 0.051965 0.006693
v -0.33162 0.052807 0.006527
v -0.33162 0.052857 0.006913
v -0.331951 0.052447 0.006938
v -0.330817 0.053462 0.007834
v -0.332229 0.051882 0.007769
v -0.331951 0.052303 0.007923
v -0.33162 0.051787 0.009316
v -0.332229 0.050596 0.008398
v -0.332229 0.04916 0.008254
v -0.332229 0.049087 0.005968
v -0.332229 0.049087 0.005968
v -0.332229 0.04941 0.005767
v -0.332229 0.048883 0.007992
v -0.332047 0.049334 0.006013
v -0.332047 0.049334 0.006013
v -0.332081 0.049181 0.006082
v -0.332047 0.049134 0.007997
v -0.332047 0.05036 0.008293
v -0.332036 0.050517 0.008222
v -0.330359 -0.050462 0.00331
v -0.330359 -0.050842 0.003375
v -0.330817 -0.050785 0.003629
v -0.33162 -0.051619 0.009444
v -0.331951 -0.051388 0.009105
v -0.331951 -0.051651 0.008898
v -0.331951 -0.050136 0.009527
v -0.332229 -0.050113 0.00908
v -0.332229 -0.050384 0.009047
v -0.331951 -0.0511 0.009274
v -0.331951 -0.052428 0.007455
v -0.33162 -0.052834 0.007517
v -0.33162 -0.052834 0.007517
v -0.33124 -0.053195 0.007573
v -0.331951 -0.050791 0.009402
v -0.33162 -0.050922 0.009791
v -0.33162 -0.052748 0.007898
v -0.33162 -0.052748 0.007898
v -0.33124 -0.053099 0.008002
v -0.33124 -0.053099 0.008002
v -0.330817 -0.053401 0.008092
v -0.331951 -0.051883 0.008658
v -0.331951 -0.051883 0.008658
v -0.330817 -0.053548 0.00714
v -0.330817 -0.053507 0.007621
v -0.330817 -0.053523 0.006657
v -0.33124 -0.053209 0.006695
v -0.33162 -0.052773 0.006356
v -0.33124 -0.053127 0.006263
v -0.33124 -0.050614 0.010249
v -0.33162 -0.050545 0.00989
v -0.33162 -0.050545 0.00989
v -0.331951 -0.050468 0.009487
v -0.331951 -0.05208 0.008388
v -0.330359 -0.053799 0.007356
v -0.330359 -0.053764 0.007661
v -0.33162 -0.052648 0.005986
v -0.331951 -0.05227 0.006144
v -0.331951 -0.052121 0.005844
v -0.331951 -0.051708 0.005321
v -0.331951 -0.051708 0.005321
v -0.33162 -0.051695 0.004774
v -0.331951 -0.051453 0.005105
v -0.331951 -0.051453 0.005105
v -0.33162 -0.051365 0.004566
v -0.331951 -0.05117 0.004927
v -0.331951 -0.05117 0.004927
v -0.331951 -0.050866 0.004789
v -0.33124 -0.048572 0.004196
v -0.33162 -0.048735 0.004524
v -0.33162 -0.048398 0.004721
v -0.33162 -0.048398 0.004721
v -0.33124 -0.048192 0.004419
v -0.33162 -0.048092 0.004962
v -0.332229 -0.051188 0.005467
v -0.332229 -0.051188 0.005467
v -0.332229 -0.051397 0.005643
v -0.332229 -0.051734 0.006071
v -0.332229 -0.051701 0.008149
v -0.332229 -0.051701 0.008149
v -0.332229 -0.05154 0.00837
v -0.332229 -0.051136 0.008735
v -0.332229 -0.0509 0.008873
v -0.331951 -0.047589 0.00671
v -0.332229 -0.048032 0.006778
v -0.332229 -0.048009 0.00705
v -0.331951 -0.047561 0.007043
v -0.33162 -0.047151 0.007036
v -0.331951 -0.047578 0.007377
v -0.331951 -0.048309 0.008844
v -0.332229 -0.04862 0.008522
v -0.332229 -0.048829 0.008697
v -0.332229 -0.050247 0.008506
v -0.332229 -0.049406 0.005771
v -0.332229 -0.049091 0.005969
v -0.332145 -0.049276 0.005938
v -0.332047 -0.050047 0.008343
v -0.332036 -0.050215 0.008315
v -0.373227 0.054863 0.191678
v -0.373393 0.054497 0.192004
v -0.373454 0.053997 0.192123
v -0.373454 -0.054002 0.192123
v -0.373393 -0.054502 0.192004
v -0.373227 -0.054868 0.191678
v -0.269538 -0.002205 0.077978
v -0.269538 -0.001668 0.07866
v -0.269288 -0.001835 0.078847
v -0.270605 9e-05 0.076564
v -0.270788 0.000338 0.076528
v -0.270788 0.000158 0.076394
v -0.291537 -0.001306 0.0737595
v -0.291537 -0.00284125 0.0772868
v -0.291537 0.001894 0.0773197
v -0.291537 -3e-06 0.076796
v -0.28674 -0.0639046 -3e-06
v -0.311745 -0.056527 -3e-06
v -0.327529 -0.0549255 -3e-06
v -0.327529 -0.024052 -3e-06
v -0.323718 -0.0590642 -3e-06
v -0.327529 -3e-06 -3e-06
v -0.327529 0.016947 -3e-06
v -0.327529 0.0601578 -3e-06
v -0.296894 -0.0215559 -3e-06
v -0.30337 0.0590963 -3e-06
v -0.310065 0.0587877 -3e-06
v -0.276664 0.0242422 -3e-06
v -0.280393 0.0665024 -3e-06
v -0.328279 0.067344 0.000198
v -0.328279 -0.067349 0.000198
v -0.330029 -0.0120934 0.0152982
v -0.330029 -0.0056885 0.001497
v -0.330029 0.060901 0.001497
v -0.329029 0.0640186 0.00962669
v -0.330029 0.00912634 0.00647805
v -0.329029 -0.0301377 0.0140262
v -0.329029 0.0547965 0.0229539
v -0.329029 -0.019123 0.0106198
v -0.329029 -0.0314003 0.00341688
v -0.329029 0.0245306 0.00720747
v -0.329029 0.0406933 0.00404112
v -0.329029 0.060901 0.0130601
v -0.325276 -0.002571 0.005542
v -0.325276 -0.002418 0.005312
v -0.325276 0.002988 0.006919
v -0.325538 0.002972 0.007432
v -0.325276 0.00137 0.009744
v -0.325276 0.001174 0.009837
v -0.325276 0.000678 0.009999
v -0.325222 0.000615 0.009981
v -0.325873 0.002957 0.00723
v -0.325222 0.002923 0.007555
v -0.325222 0.002959 0.006978
v -0.325168 0.002929 0.007036
v -0.325222 0.002961 0.00704
v -0.325022 -0.001468 0.00659
v -0.325033 -0.001514 0.006758
v -0.325038 -0.001525 0.006818
v -0.32509 -0.001483 0.007526
v -0.325091 -0.001478 0.007544
v -0.325144 -2.8e-05 0.008628
v -0.325282 0.000683 0.008467
v -0.325285 0.000711 0.008453
v -0.32523 0.001068 0.008197
v -0.325249 0.001233 0.00801
v -0.325255 0.001283 0.00794
v -0.3253 0.001519 0.007354
v -0.325309 0.001537 0.007215
v -0.325478 0.001245 0.006171
v -0.325395 0.00121 0.006125
v -0.325483 0.00121 0.006125
v -0.325406 0.001104 0.006004
v -0.325547 0.000479 0.005614
v -0.325565 0.000237 0.005556
v -0.325507 -0.000161 0.005545
v -0.325595 -0.000161 0.005545
v -0.325512 -0.000232 0.005554
v -0.325581 -0.001082 0.005977
v -0.325599 -0.001245 0.006164
v -0.325618 -0.001376 0.006373
v -0.325635 -0.001469 0.006595
v -0.325756 -0.001548 0.007082
v -0.325756 -0.001548 0.007082
v -0.325673 -0.001547 0.007144
v -0.325761 -0.001547 0.007144
v -0.325685 -0.001532 0.007306
v -0.325704 -0.001476 0.007548
v -0.325873 -0.000778 0.008419
v -0.325879 -0.0007 0.008461
v -0.325827 -0.000251 0.008608
v -0.325916 -0.000229 0.008611
v -0.32595 0.001247 0.007991
v -0.325955 0.001283 0.00794
v -0.325969 0.001376 0.007781
v -0.32607 0.001456 0.007593
v -0.325985 0.001467 0.007559
v -0.326074 0.001474 0.007539
v -0.326001 0.001522 0.007331
v -0.326123 0.00091 0.005835
v -0.326141 0.000704 0.005708
v -0.32623 0.000684 0.005698
v -0.326266 0.000226 0.005554
v -0.326267 0.000211 0.005552
v -0.326319 -0.000503 0.005621
v -0.326321 -0.000539 0.005633
v -0.32639 -0.001273 0.006202
v -0.326407 -0.001386 0.006393
v -0.326407 -0.001386 0.006393
v -0.326408 -0.001396 0.006414
v -0.326352 -0.00153 0.006845
v -0.326547 -0.00107 0.0082
v -0.326563 -0.000887 0.00835
v -0.326485 -0.000778 0.008419
v -0.326492 -0.000698 0.008462
v -0.32651 -0.00047 0.008556
v -0.326599 -0.000447 0.008563
v -0.326514 -0.000421 0.00857
v -0.326601 -0.000421 0.00857
v -0.326618 -0.000204 0.008615
v -0.326565 0.00026 0.008605
v -0.326654 0.000283 0.008601
v -0.326571 0.000347 0.008588
v -0.326658 0.000347 0.008588
v -0.326597 0.000711 0.008453
v -0.326615 0.000915 0.008326
v -0.326759 0.001396 0.007739
v -0.32677 0.001456 0.007593
v -0.326738 0.001521 0.006824
v -0.326757 0.00146 0.006583
v -0.326757 0.00146 0.006583
v -0.326864 0.001349 0.006334
v -0.326882 0.001215 0.006131
v -0.326882 0.001215 0.006131
v -0.326883 0.00121 0.006125
v -0.326898 0.001056 0.005956
v -0.326879 0.000226 0.005554
v -0.32688 0.00021 0.005552
v -0.32702 -0.000527 0.005629
v -0.327021 -0.000539 0.005633
v -0.326948 -0.000723 0.005715
v -0.326961 -0.000882 0.005812
v -0.326966 -0.00093 0.005846
v -0.326984 -0.001116 0.006011
v -0.327092 -0.001287 0.006224
v -0.327107 -0.001386 0.006393
v -0.327089 -0.001524 0.007353
v -0.327131 -0.001326 0.007881
v -0.327219 -0.001326 0.007881
v -0.327233 -0.001213 0.008044
v -0.327176 -0.000887 0.00835
v -0.327265 -0.000866 0.008364
v -0.327185 -0.000778 0.008419
v -0.327273 -0.000778 0.008419
v -0.327331 -3.8e-05 0.008627
v -0.327282 0.000509 0.00854
v -0.327297 0.000711 0.008453
v -0.327299 0.000728 0.008444
v -0.327316 0.000934 0.008312
v -0.327388 0.001481 0.007516
v -0.327493 0.001532 0.007261
v -0.327497 0.001537 0.007215
v -0.327421 0.001542 0.007045
v -0.327511 0.001541 0.007019
v -0.327583 0.00121 0.006125
v -0.327495 0.00121 0.006125
v -0.327584 0.001199 0.006111
v -0.327511 0.001056 0.005957
v -0.3276 0.001038 0.00594
v -0.327609 0.000934 0.005853
v -0.327637 0.000599 0.005659
v -0.327652 0.000404 0.005592
v -0.327652 0.000404 0.005592
v -0.327666 0.000226 0.005554
v -0.327695 -0.000161 0.005545
v -0.327706 -0.000325 0.005571
v -0.327739 -0.000767 0.005739
v -0.327749 -0.000882 0.005812
v -0.327719 -0.001386 0.006393
v -0.327807 -0.001386 0.006393
v -0.327723 -0.001406 0.006436
v -0.327755 -0.001536 0.00689
v -0.327772 -0.001547 0.007131
v -0.327919 -0.001326 0.007881
v -0.327935 -0.001197 0.008063
v -0.327946 -0.001086 0.008185
v -0.327951 6.6e-05 0.008626
v -0.328055 0.001283 0.00794
v -0.328056 0.001288 0.007933
v -0.328225 0.001521 0.006828
v -0.328231 0.001506 0.006749
v -0.32825 0.001433 0.006511
v -0.328286 0.001183 0.006092
v -0.328301 0.001019 0.005924
v -0.328318 0.000829 0.00578
v -0.328336 0.000613 0.005665
v -0.328336 0.000613 0.005665
v -0.328249 0.000599 0.005659
v -0.328337 0.000599 0.005659
v -0.328354 0.000379 0.005585
v -0.328366 0.000226 0.005554
v -0.328366 0.000226 0.005554
v -0.328283 0.000163 0.005546
v -0.328373 0.000134 0.005543
v -0.328421 -0.000539 0.005633
v -0.328424 -0.000573 0.005646
v -0.328424 -0.000573 0.005646
v -0.328441 -0.000789 0.005752
v -0.328441 -0.000789 0.005752
v -0.328459 -0.00099 0.005894
v -0.328478 -0.001168 0.006068
v -0.32839 -0.001171 0.006071
v -0.328406 -0.001299 0.006242
v -0.328473 -0.001547 0.007144
v -0.328561 -0.001547 0.007144
v -0.328474 -0.001546 0.007155
v -0.328564 -0.001545 0.007184
v -0.32859 -0.001416 0.007708
v -0.32859 -0.000939 0.008312
v -0.32859 -0.000778 0.008419
v -0.32859 -0.000723 0.00845
v -0.32494 -0.001461 0.006572
v -0.325007 -0.001386 0.006393
v -0.32494 -0.001386 0.006393
v -0.325005 -0.001373 0.006369
v -0.32494 -0.001171 0.006071
v -0.32494 -0.001035 0.005932
v -0.328893 -0.001147 0.00563
v -0.328821 0.000624 0.00542
v -0.329115 0.000558 0.005089
v -0.328606 -0.000405 0.008591
v -0.328955 0.00018 0.008984
v -0.328611 -0.000302 0.00862
v -0.328894 -0.000239 0.008917
v -0.328618 -0.000159 0.008648
v -0.328908 -0.000151 0.00894
v -0.32899 0.000449 0.008975
v -0.329004 0.000559 0.008959
v -0.329004 0.000559 0.008959
v -0.329004 0.000559 0.008959
v -0.32865 0.000573 0.008581
v -0.329009 0.000603 0.008951
v -0.329009 0.000603 0.008951
v -0.329034 0.000801 0.008903
v -0.329044 0.000875 0.00888
v -0.328685 0.001229 0.008166
v -0.328684 0.001221 0.008174
v -0.328684 0.001221 0.008174
v -0.329115 0.001562 0.008438
v -0.328684 0.001213 0.008183
v -0.32871 0.001548 0.00769
v -0.328762 0.001596 0.006452
v -0.328758 0.001628 0.006558
v -0.329115 0.001622 0.005799
v -0.329115 0.001449 0.005606
v -0.32879 0.001256 0.005873
v -0.328838 0.000217 0.005302
v -0.32883 0.000401 0.005343
v -0.328829 0.000444 0.005355
v -0.328846 3e-05 0.005281
v -0.32884 0.000162 0.005294
v -0.328895 -0.00118 0.005655
v -0.328901 -0.001298 0.005752
v -0.328903 -0.00134 0.005791
v -0.328935 -0.001799 0.006492
v -0.32894 -0.00184 0.006617
v -0.329115 -0.002071 0.007165
v -0.328958 -0.001916 0.007123
v -0.328966 -0.001909 0.007319
v -0.328961 -0.001916 0.007201
v -0.328961 -0.001916 0.007201
v -0.329007 -0.001504 0.008347
v -0.329001 -0.001606 0.008204
v -0.329044 8.6e-05 0.00908
v -0.329115 0.00021 0.009142
v -0.329044 0.000169 0.009075
v -0.328777 -0.000923 0.00855
v -0.328783 -0.000892 0.008576
v -0.328755 -0.001032 0.008448
v -0.3287 -0.001265 0.008154
v -0.32866 -0.001382 0.007923
v -0.328616 -0.001458 0.007676
v -0.32862 -0.001453 0.007699
v -0.32865 -0.001403 0.007866
v -0.324781 0.001681 0.007348
v -0.324788 0.001692 0.007166
v -0.324788 0.001692 0.007166
v -0.324415 0.00206 0.007259
v -0.324868 0.000763 0.005658
v -0.324869 0.000743 0.005648
v -0.324489 0.000774 0.005244
v -0.324506 0.000654 0.005216
v -0.324886 0.000376 0.005529
v -0.324891 0.000271 0.005512
v -0.32457 0.0002 0.005178
v -0.324593 4.3e-05 0.005191
v -0.324593 4.3e-05 0.005191
v -0.324903 1.3e-05 0.005501
v -0.324903 1.3e-05 0.005501
v -0.324712 -0.000769 0.005484
v -0.32471 -0.000759 0.005477
v -0.324703 -0.000714 0.005448
v -0.324926 -0.000508 0.005608
v -0.324675 -0.000537 0.005354
v -0.324675 -0.000537 0.005354
v -0.324675 -0.000537 0.005354
v -0.324924 -0.000461 0.005591
v -0.324911 -0.000164 0.005517
v -0.324598 3e-06 0.005196
v -0.324789 -0.001136 0.00582
v -0.324796 -0.001164 0.005856
v -0.324796 -0.001164 0.005856
v -0.324818 -0.001242 0.005968
v -0.324911 -0.00146 0.006486
v -0.324854 0.001047 0.005834
v -0.324846 0.001183 0.005951
v -0.324846 0.001183 0.005951
v -0.324801 0.001666 0.006858
v -0.324806 0.001646 0.006763
v -0.32479 0.001692 0.007125
v -0.324779 0.001675 0.007388
v -0.324774 0.001649 0.00753
v -0.324758 0.001515 0.007907
v -0.324415 0.000953 0.008919
v -0.324725 0.00103 0.008507
v -0.324708 0.000667 0.008728
v -0.324712 0.000758 0.008684
v -0.324712 0.000758 0.008684
v -0.324712 0.000763 0.008681
v -0.324712 0.000763 0.008681
v -0.324678 -0.000113 0.008887
v -0.324681 -4e-05 0.008887
v -0.324669 -0.00033 0.008869
v -0.324668 -0.000344 0.008867
v -0.324636 -0.001109 0.008565
v -0.324634 -0.001134 0.008547
v -0.324415 -0.001628 0.008365
v -0.324415 -0.001775 0.008152
v -0.324613 -0.00156 0.008122
v -0.324624 -0.00135 0.008365
v -0.324415 -0.002065 0.006905
v -0.324563 -0.001916 0.006897
v -0.324557 -0.001897 0.006722
v -0.324547 -0.00183 0.006436
v -0.324547 -0.001831 0.006441
v -0.324415 -0.000958 0.005246
v -0.324499 -0.001069 0.005407
v -0.324492 -0.0009 0.005303
v -0.325059 -0.002464 0.005606
v -0.325059 0.002851 0.006777
v -0.325059 0.002867 0.007042
v -0.325059 0.001313 0.009633
v -0.325059 0.000822 0.009831
v -0.328861 -0.000678 0.009936
v -0.324415 -0.001306 0.009639
v -0.324465 -0.001329 0.009684
v -0.324415 -0.000829 0.009831
v -0.324465 0.001659 0.009483
v -0.324415 0.002026 0.009112
v -0.324465 0.002061 0.009148
v -0.324465 0.002061 0.009148
v -0.324415 0.002356 0.008718
v -0.324465 0.002397 0.008746
v -0.324415 0.002746 0.006258
v -0.324465 0.002794 0.006244
v -0.324415 0.002555 0.00578
v -0.324415 0.001525 0.004653
v -0.324465 0.001552 0.004611
v -0.324415 0.001067 0.004419
v -0.324415 -0.001841 0.004879
v -0.324465 -0.001873 0.00484
v -0.324415 -0.002205 0.005242
v -0.326907 0.000206 0.009071
v -0.326785 0.000325 0.008825
v -0.326899 5.6e-05 0.009082
v -0.326768 4.9e-05 0.008854
v -0.326731 -0.000512 0.00878
v -0.326731 -0.000512 0.00878
v -0.326712 -0.000777 0.008677
v -0.326679 -0.001227 0.008365
v -0.326767 -0.00183 0.007895
v -0.326748 -0.001937 0.007592
v -0.326748 -0.001937 0.007592
v -0.326757 -0.00189 0.007743
v -0.326757 -0.00189 0.007743
v -0.326626 -0.001676 0.007668
v -0.326626 -0.001676 0.007668
v -0.326626 -0.001676 0.007668
v -0.326607 -0.001748 0.007392
v -0.32654 -0.001601 0.006316
v -0.326644 -0.001556 0.005823
v -0.326522 -0.00146 0.006073
v -0.326522 -0.00146 0.006073
v -0.326625 -0.001335 0.005591
v -0.326503 -0.001279 0.005852
v -0.326503 -0.001279 0.005852
v -0.326484 -0.001066 0.005664
v -0.32659 -0.000806 0.005251
v -0.326466 -0.000828 0.005514
v -0.32645 -0.000577 0.005405
v -0.32645 -0.000577 0.005405
v -0.326398 0.000243 0.005327
v -0.326361 0.000784 0.005494
v -0.326468 0.001261 0.005532
v -0.326344 0.001024 0.005637
v -0.326459 0.00139 0.005647
v -0.326328 0.001232 0.00581
v -0.326435 0.00167 0.005986
v -0.326425 0.001763 0.006143
v -0.326294 0.001562 0.00625
v -0.32638 0.001987 0.006881
v -0.326256 0.001745 0.006787
v -0.326238 0.00177 0.007069
v -0.326206 0.001691 0.007606
v -0.326048 -0.000263 0.008836
v -0.326153 -0.000721 0.008949
v -0.326029 -0.000541 0.008771
v -0.326142 -0.000906 0.008867
v -0.32601 -0.000803 0.008664
v -0.32601 -0.000803 0.008664
v -0.326118 -0.001262 0.008636
v -0.325993 -0.001041 0.008519
v -0.326103 -0.001482 0.008429
v -0.325977 -0.001247 0.008345
v -0.325977 -0.001247 0.008345
v -0.325961 -0.001426 0.008139
v -0.32603 -0.001992 0.00729
v -0.326037 -0.001977 0.007399
v -0.325906 -0.001753 0.007363
v -0.326013 -0.002 0.006975
v -0.325887 -0.001775 0.007082
v -0.325887 -0.001775 0.007082
v -0.326002 -0.001978 0.006772
v -0.32587 -0.001754 0.006807
v -0.32587 -0.001754 0.006807
v -0.325945 -0.001564 0.005833
v -0.325932 -0.001419 0.00567
v -0.325801 -0.001258 0.005831
v -0.325732 -0.000288 0.005333
v -0.325715 -1.1e-05 0.00531
v -0.325804 0.00071 0.005214
v -0.325678 0.000549 0.005398
v -0.325791 0.000915 0.005306
v -0.325659 0.000811 0.005507
v -0.325769 0.001252 0.005525
v -0.325773 0.001182 0.005471
v -0.325642 0.001047 0.005654
v -0.32561 0.001429 0.006037
v -0.325681 0.001986 0.006868
v -0.325555 0.00175 0.006817
v -0.325663 0.001995 0.007183
v -0.325663 0.001995 0.007183
v -0.325668 0.001997 0.0071
v -0.325536 0.00177 0.007098
v -0.325536 0.00177 0.007098
v -0.325536 0.00177 0.007098
v -0.32552 0.001746 0.007372
v -0.325577 0.001344 0.008561
v -0.325563 0.001156 0.008713
v -0.325431 0.001024 0.008527
v -0.325414 0.000784 0.008671
v -0.325473 -0.000401 0.009042
v -0.325477 -0.000329 0.009056
v -0.325346 -0.000292 0.008831
v -0.325403 -0.001473 0.008438
v -0.32539 -0.001628 0.008248
v -0.325259 -0.001443 0.008116
v -0.325222 -0.001695 0.007611
v -0.325297 -0.001962 0.006683
v -0.325297 -0.001962 0.006683
v -0.325169 -0.001749 0.006779
v -0.325169 -0.001749 0.006779
v -0.325284 -0.001899 0.006446
v -0.325153 -0.001683 0.006518
v -0.325153 -0.001683 0.006518
v -0.325264 -0.001749 0.006108
v -0.325136 -0.001575 0.006264
v -0.325136 -0.001575 0.006264
v -0.325136 -0.001575 0.006264
v -0.325118 -0.001425 0.006024
v -0.325118 -0.001425 0.006024
v -0.325209 -0.001102 0.005412
v -0.325194 -0.000876 0.005283
v -0.325063 -0.000776 0.005488
v -0.325175 -0.000543 0.005157
v -0.325159 -0.000243 0.005097
v -0.325162 -0.000292 0.005104
v -0.325031 -0.000259 0.005328
v -0.325031 -0.000259 0.005328
v -0.325013 1.9e-05 0.00531
v -0.325013 1.9e-05 0.00531
v -0.325013 1.9e-05 0.00531
v -0.324995 0.000302 0.005336
v -0.324995 0.000302 0.005336
v -0.324957 0.000837 0.005521
v -0.324925 0.001271 0.00585
v -0.324925 0.001271 0.00585
v -0.324908 0.001446 0.006061
v -0.325 0.001923 0.006542
v -0.324871 0.001694 0.006568
v -0.324853 0.001754 0.006846
v -0.324853 0.001754 0.006846
v -0.324835 0.001769 0.007127
v -0.324835 0.001769 0.007127
v -0.324947 0.001958 0.007476
v -0.324818 0.001741 0.0074
v -0.324818 0.001741 0.0074
v -0.324932 0.001876 0.007768
v -0.324933 0.001888 0.007734
v -0.324933 0.001888 0.007734
v -0.324802 0.001673 0.00766
v -0.324802 0.001673 0.00766
v -0.324802 0.001673 0.00766
v -0.324785 0.001563 0.007914
v -0.324767 0.001411 0.008153
v -0.324877 0.001353 0.008553
v -0.324879 0.001377 0.00853
v -0.324748 0.001221 0.008365
v -0.324748 0.001221 0.008365
v -0.327433 -0.000483 0.008789
v -0.32473 0.001 0.008544
v -0.328713 -0.00173 0.00748
v -0.328768 -0.001354 0.00823
v -0.32875 -0.001516 0.008005
v -0.32875 -0.001516 0.008005
v -0.329021 0.000461 0.009028
v -0.329005 0.000169 0.009075
v -0.329005 0.000155 0.009076
v -0.329037 0.00075 0.008935
v -0.329022 0.000473 0.009025
v -0.324583 -0.001888 0.006415
v -0.324705 -0.001451 0.008462
v -0.324721 -0.001226 0.008665
v -0.324704 -0.001465 0.008447
v -0.324756 -0.000673 0.008967
v -0.324792 -7.1e-05 0.009081
v -0.324775 -0.000363 0.00905
v -0.324773 -0.000388 0.009045
v -0.324773 -0.000388 0.009045
v -0.324859 0.001102 0.008749
v -0.324721 0.000884 0.008618
v -0.324842 0.000829 0.008902
v -0.326873 0.001463 0.00808
v -0.326873 0.001463 0.00808
v -0.326854 0.001284 0.008302
v -0.326891 0.001602 0.007836
v -0.326891 0.001602 0.007836
v -0.326958 0.00174 0.006758
v -0.326977 0.001665 0.006483
v -0.327013 0.001394 0.005991
v -0.327013 0.001394 0.005991
v -0.326996 0.001548 0.006224
v -0.326996 0.001548 0.006224
v -0.327063 0.000758 0.005481
v -0.327082 0.000492 0.00538
v -0.327082 0.000492 0.00538
v -0.3271 0.000213 0.005323
v -0.327152 -0.000604 0.005415
v -0.327224 -0.001476 0.006097
v -0.327258 -0.001708 0.006599
v -0.327309 -0.001743 0.007422
v -0.327347 -0.001546 0.007954
v -0.327347 -0.001546 0.007954
v -0.327364 -0.001391 0.008185
v -0.327396 -0.000993 0.008552
v -0.32747 7.9e-05 0.008853
v -0.327451 -0.000204 0.008844
v -0.327451 -0.000204 0.008844
v -0.327537 0.001096 0.008474
v -0.327556 0.001304 0.00828
v -0.327625 0.001758 0.007287
v -0.327625 0.001758 0.007287
v -0.327642 0.001768 0.00701
v -0.327715 0.001376 0.005968
v -0.327731 0.001191 0.005772
v -0.327731 0.001191 0.005772
v -0.327731 0.001191 0.005772
v -0.327765 0.000731 0.005469
v -0.327784 0.000464 0.005372
v -0.327821 -9.9e-05 0.005312
v -0.327837 -0.000372 0.005349
v -0.32787 -0.000879 0.005542
v -0.327926 -0.001493 0.006122
v -0.327943 -0.001625 0.006369
v -0.327943 -0.001625 0.006369
v -0.32796 -0.001716 0.006627
v -0.327993 -0.001773 0.00717
v -0.328011 -0.001737 0.007451
v -0.328049 -0.001532 0.007979
v -0.328049 -0.001532 0.007979
v -0.328066 -0.001372 0.008208
v -0.328082 -0.001186 0.008403
v -0.328082 -0.001186 0.008403
v -0.328098 -0.000969 0.008568
v -0.328135 -0.000454 0.008797
v -0.328153 -0.000174 0.008847
v -0.328204 0.000638 0.008735
v -0.328221 0.000887 0.008616
v -0.328221 0.000887 0.008616
v -0.328276 0.001495 0.00803
v -0.328294 0.001626 0.007783
v -0.328344 0.001767 0.00698
v -0.328362 0.001728 0.006699
v -0.328362 0.001728 0.006699
v -0.328381 0.001644 0.006427
v -0.328417 0.001358 0.005946
v -0.328399 0.001519 0.006173
v -0.328449 0.000952 0.005589
v -0.328449 0.000952 0.005589
v -0.328467 0.000704 0.005457
v -0.328467 0.000704 0.005457
v -0.328486 0.000435 0.005365
v -0.328486 0.000435 0.005365
v -0.328504 0.000154 0.005317
v -0.328504 0.000154 0.005317
v -0.328522 -0.000128 0.005314
v -0.328522 -0.000128 0.005314
v -0.328555 -0.000657 0.005435
v -0.328555 -0.000657 0.005435
v -0.328555 -0.000657 0.005435
v -0.328572 -0.000905 0.005557
v -0.32859 -0.001136 0.005719
v -0.32859 -0.001136 0.005719
v -0.328609 -0.00134 0.005919
v -0.328661 -0.001723 0.006654
v -0.328695 -0.001771 0.007199
v -0.328677 -0.001768 0.006921
v -0.327004 0.001651 0.008208
v -0.326994 0.001547 0.008347
v -0.326994 0.001547 0.008347
v -0.32703 0.001863 0.007802
v -0.327022 0.001808 0.007932
v -0.327098 0.001933 0.006579
v -0.327202 0.000733 0.005223
v -0.327221 0.000427 0.005129
v -0.327389 -0.001927 0.006538
v -0.327395 -0.001955 0.006648
v -0.327429 -0.001994 0.007265
v -0.327441 -0.001966 0.007465
v -0.327484 -0.001686 0.008163
v -0.32757 -0.000439 0.009034
v -0.327674 0.001315 0.008587
v -0.327851 0.001497 0.005759
v -0.327867 0.00128 0.005548
v -0.327862 0.001344 0.005604
v -0.327862 0.001344 0.005604
v -0.327956 -0.000193 0.005092
v -0.327969 -0.00042 0.005126
v -0.328079 -0.001862 0.006345
v -0.328124 -0.002 0.007181
v -0.328111 -0.001997 0.006938
v -0.328128 -0.001995 0.007253
v -0.328143 -0.001959 0.007498
v -0.328165 -0.00184 0.007871
v -0.32818 -0.001728 0.008094
v -0.328229 -0.001093 0.008759
v -0.328216 -0.00129 0.008613
v -0.328213 -0.001337 0.008572
v -0.328233 -0.001039 0.008793
v -0.328266 -0.000512 0.009016
v -0.32827 -0.000451 0.009031
v -0.32827 -0.000451 0.009031
v -0.328285 -0.000196 0.009073
v -0.328338 0.000772 0.008926
v -0.328338 0.000772 0.008926
v -0.328352 0.001001 0.008812
v -0.328411 0.001715 0.008106
v -0.328512 0.001855 0.006343
v -0.328515 0.001838 0.006299
v -0.328533 0.00169 0.006018
v -0.328531 0.001714 0.006056
v -0.32858 0.001074 0.005397
v -0.328583 0.001039 0.005375
v -0.328654 -0.000144 0.005087
v -0.328654 -0.000144 0.005087
v -0.328638 0.000135 0.005087
v -0.328656 -0.000181 0.00509
v -0.328723 -0.001306 0.005566
v -0.328794 -0.00195 0.006625
v -0.328828 -0.001996 0.00724
v -0.328845 -0.001952 0.007531
v -0.324492 0.000686 0.005205
v -0.32453 4.5e-05 0.005083
v -0.32453 4.5e-05 0.005083
v -0.324564 -0.000569 0.005164
v -0.32458 -0.000855 0.005273
v -0.324579 -0.000839 0.005266
v -0.324579 -0.000839 0.005266
v -0.324598 -0.001128 0.005429
v -0.324634 -0.00158 0.005853
v -0.324616 -0.001377 0.00563
v -0.324615 -0.001363 0.005617
v -0.324652 -0.001755 0.006119
v -0.324793 -0.001445 0.008468
v -0.324791 -0.001465 0.008447
v -0.324986 0.001597 0.008283
v -0.325019 0.001876 0.007768
v -0.325019 0.001876 0.007768
v -0.325004 0.001767 0.008014
v -0.325002 0.001747 0.008052
v -0.325051 0.001995 0.007171
v -0.325263 -0.000543 0.005157
v -0.32525 -0.000299 0.005105
v -0.32525 -0.000299 0.005105
v -0.325247 -0.000243 0.005097
v -0.325282 -0.000882 0.005286
v -0.325279 -0.000828 0.005261
v -0.325401 -0.002 0.006988
v -0.325405 -0.002002 0.007055
v -0.325474 -0.001665 0.008195
v -0.325474 -0.001665 0.008195
v -0.32546 -0.001789 0.007982
v -0.325613 0.000532 0.00901
v -0.325616 0.000605 0.008988
v -0.325616 0.000605 0.008988
v -0.325646 0.001092 0.008756
v -0.325633 0.00089 0.008872
v -0.325628 0.000817 0.008907
v -0.325718 0.001872 0.007779
v -0.325723 0.0019 0.007699
v -0.325751 0.001995 0.007183
v -0.325755 0.001997 0.007095
v -0.325787 0.001926 0.006554
v -0.325792 0.0019 0.006465
v -0.325928 8.5e-05 0.005084
v -0.325962 -0.000531 0.005154
v -0.325951 -0.000328 0.005109
v -0.325967 -0.000624 0.005181
v -0.325978 -0.000817 0.005256
v -0.32602 -0.001422 0.005673
v -0.326014 -0.001344 0.005599
v -0.3261 -0.002 0.006975
v -0.326106 -0.002003 0.007085
v -0.326382 0.001555 0.008337
v -0.326418 0.001868 0.007791
v -0.326408 0.001794 0.00796
v -0.32645 0.001994 0.007196
v -0.32645 0.001994 0.007196
v -0.32644 0.001976 0.007376
v -0.32644 0.001976 0.007376
v -0.326434 0.001953 0.007499
v -0.326662 -0.00052 0.00515
v -0.326653 -0.000357 0.005114
v -0.32674 -0.001647 0.005944
v -0.32675 -0.001737 0.006086
v -0.32675 -0.001737 0.006086
v -0.3268 -0.001999 0.006963
v -0.326791 -0.001983 0.006804
v -0.326783 -0.001957 0.00666
v -0.326845 -0.00189 0.007744
v -0.326836 -0.001937 0.007592
v -0.326864 -0.00176 0.008037
v -0.326873 -0.001679 0.008174
v -0.326913 -0.001147 0.008723
v -0.326913 -0.001147 0.008723
v -0.326905 -0.001271 0.008629
v -0.326949 -0.000577 0.008998
v -0.326949 -0.000577 0.008998
v -0.326922 -0.001018 0.008806
v -0.32694 -0.000733 0.008944
v -0.326959 -0.000426 0.009037
v -0.327091 0.00165 0.008208
v -0.327081 0.001547 0.008347
v -0.327133 0.001951 0.007511
v -0.327142 0.00198 0.007346
v -0.327196 0.00188 0.006407
v -0.327185 0.001933 0.006579
v -0.327204 0.001827 0.006276
v -0.327204 0.001827 0.006276
v -0.327214 0.001748 0.006115
v -0.327222 0.001677 0.005997
v -0.327272 0.001018 0.005362
v -0.327377 -0.000794 0.005246
v -0.327467 -0.001866 0.006357
v -0.327477 -0.001926 0.006535
v -0.32751 -0.002002 0.007145
v -0.327516 -0.001994 0.007265
v -0.327528 -0.001966 0.007463
v -0.327535 -0.00194 0.00758
v -0.327554 -0.001835 0.007883
v -0.327676 -0.000122 0.009079
v -0.327816 0.001859 0.007814
v -0.327848 0.001993 0.00722
v -0.327861 0.001996 0.007004
v -0.327885 0.001936 0.006591
v -0.327898 0.001869 0.006378
v -0.327971 0.001028 0.005369
v -0.327983 0.000829 0.005264
v -0.328007 0.000439 0.005132
v -0.328021 0.000212 0.005094
v -0.328021 0.000212 0.005094
v -0.328026 0.000123 0.005086
v -0.328076 -0.000783 0.005241
v -0.328089 -0.000988 0.005342
v -0.328166 -0.001862 0.006345
v -0.328249 -0.001869 0.007801
v -0.328253 -0.00184 0.007871
v -0.32841 0.000485 0.009022
v -0.328422 0.000715 0.008949
v -0.328653 0.001289 0.005556
v -0.328667 0.00108 0.005401
v -0.328688 0.000757 0.005232
v -0.328704 0.000498 0.005146
v -0.328704 0.000498 0.005146
v -0.328707 0.000452 0.005135
v -0.328725 0.000135 0.005087
v -0.328808 -0.001275 0.005539
v -0.328827 -0.001506 0.005763
v -0.32888 -0.001941 0.006592
v -0.328913 -0.001999 0.007206
v -0.328986 -0.001533 0.00837
v -0.328644 0.001624 0.007788
v -0.328799 0.000957 0.005592
v -0.328731 0.001646 0.006432
v -0.32866 0.001713 0.00753
v -0.328607 0.001321 0.008262
v -0.328554 0.000633 0.008737
v -0.328484 -0.00046 0.008795
v -0.324785 -0.001565 0.006245
v -0.324766 -0.001412 0.006007
v -0.324748 -0.001221 0.005795
v -0.324729 -0.001 0.005617
v -0.324924 -0.001281 0.00831
v -0.325013 -3.2e-05 0.008855
v -0.32503 0.000247 0.008837
v -0.325117 0.001415 0.008147
v -0.325117 0.001415 0.008147
v -0.325117 0.001415 0.008147
v -0.325136 0.001566 0.007908
v -0.325136 0.001566 0.007908
v -0.325136 0.001566 0.007908
v -0.325153 0.001675 0.007654
v -0.325168 0.001742 0.007394
v -0.325185 0.00177 0.00712
v -0.325185 0.00177 0.00712
v -0.325275 0.001267 0.005846
v -0.325381 -0.000265 0.005329
v -0.325381 -0.000265 0.005329
v -0.325381 -0.000265 0.005329
v -0.325413 -0.000782 0.00549
v -0.325449 -0.001241 0.005814
v -0.325468 -0.001428 0.006029
v -0.325486 -0.001577 0.006269
v -0.325503 -0.001685 0.006523
v -0.325519 -0.00175 0.006784
v -0.325536 -0.001775 0.007058
v -0.325554 -0.001757 0.007339
v -0.325573 -0.001693 0.007617
v -0.325591 -0.001586 0.00788
v -0.325591 -0.001586 0.00788
v -0.325591 -0.001586 0.00788
v -0.325609 -0.00144 0.00812
v -0.325696 -0.000287 0.008832
v -0.325714 -5e-06 0.008855
v -0.325748 0.000536 0.008771
v -0.325748 0.000536 0.008771
v -0.325764 0.000788 0.008669
v -0.325819 0.001431 0.008125
v -0.325837 0.001578 0.007884
v -0.325854 0.001684 0.007629
v -0.325854 0.001684 0.007629
v -0.32587 0.001747 0.007368
v -0.325887 0.00177 0.007094
v -0.325924 0.001683 0.006535
v -0.32601 0.000807 0.005506
v -0.326047 0.000269 0.005331
v -0.326065 -1.4e-05 0.00531
v -0.326083 -0.000291 0.005333
v -0.326098 -0.000553 0.005398
v -0.326151 -0.00126 0.005833
v -0.326221 -0.001754 0.00681
v -0.326238 -0.001775 0.007085
v -0.326238 -0.001775 0.007085
v -0.32636 -0.000801 0.008665
v -0.326379 -0.000538 0.008772
v -0.326433 0.000299 0.008829
v -0.326483 0.00105 0.008509
v -0.326502 0.001265 0.008322
v -0.326521 0.001447 0.008103
v -0.326539 0.00159 0.00786
v -0.326571 0.001751 0.007342
v -0.326571 0.001751 0.007342
v -0.326571 0.001751 0.007342
v -0.326588 0.00177 0.007067
v -0.326625 0.001675 0.006509
v -0.326625 0.001675 0.006509
v -0.326644 0.001562 0.006249
v -0.326749 0.000241 0.005327
v -0.326784 -0.000317 0.005338
v -0.326834 -0.001066 0.005664
v -0.326853 -0.00128 0.005853
v -0.326872 -0.00146 0.006073
v -0.326872 -0.00146 0.006073
v -0.32689 -0.001601 0.006317
v -0.326906 -0.0017 0.006573
v -0.326922 -0.001758 0.006836
v -0.326922 -0.001758 0.006836
v -0.326957 -0.001748 0.007393
v -0.326976 -0.001676 0.007668
v -0.326976 -0.001676 0.007668
v -0.326995 -0.001561 0.007928
v -0.326995 -0.001561 0.007928
v -0.327012 -0.001408 0.008162
v -0.327045 -0.001017 0.008536
v -0.327045 -0.001017 0.008536
v -0.327062 -0.000777 0.008677
v -0.327081 -0.000512 0.00878
v -0.327081 -0.000512 0.00878
v -0.327167 0.000835 0.008644
v -0.327185 0.001072 0.008492
v -0.327223 0.001462 0.00808
v -0.327257 0.001699 0.00758
v -0.327273 0.001754 0.007316
v -0.327273 0.001754 0.007316
v -0.32729 0.001769 0.00704
v -0.327308 0.00174 0.006759
v -0.327308 0.00174 0.006759
v -0.327327 0.001666 0.006484
v -0.327327 0.001666 0.006484
v -0.327346 0.001549 0.006225
v -0.327346 0.001549 0.006225
v -0.327363 0.001395 0.005992
v -0.327379 0.001212 0.005792
v -0.327395 0.001001 0.005621
v -0.327413 0.000759 0.005482
v -0.327501 -0.000602 0.005414
v -0.327518 -0.000852 0.005527
v -0.327591 -0.001613 0.006341
v -0.327608 -0.001708 0.006598
v -0.327641 -0.001774 0.007138
v -0.327641 -0.001774 0.007138
v -0.327659 -0.001743 0.007419
v -0.327678 -0.001666 0.007694
v -0.327697 -0.001547 0.007952
v -0.327801 -0.000206 0.008843
v -0.327819 7.6e-05 0.008853
v -0.327819 7.6e-05 0.008853
v -0.327837 0.00035 0.00882
v -0.327924 0.001477 0.008058
v -0.327942 0.001613 0.007812
v -0.327959 0.001706 0.007555
v -0.327992 0.001769 0.007013
v -0.328029 0.001656 0.006458
v -0.328115 0.000735 0.00547
v -0.328115 0.000735 0.00547
v -0.328133 0.000467 0.005373
v -0.328152 0.000187 0.00532
v -0.328152 0.000187 0.00532
v -0.328152 0.000187 0.00532
v -0.32817 -9.5e-05 0.005312
v -0.32822 -0.000876 0.00554
v -0.328275 -0.00149 0.006118
v -0.328293 -0.001624 0.006365
v -0.328309 -0.001715 0.006622
v -0.328343 -0.001773 0.007165
v -0.32838 -0.001657 0.00772
v -0.328352 -0.000901 0.009907
v -0.328352 -0.000921 0.009868
v -0.32784 0.002451 0.008688
v -0.32784 0.002494 0.008679
v -0.327331 0.002348 0.008888
v -0.325276 0.047949 0.004897
v -0.325276 0.048624 0.004421
v -0.325276 0.048465 0.004509
v -0.325538 0.047942 0.004903
v -0.325873 0.047822 0.005023
v -0.325276 0.051537 0.004514
v -0.325276 0.051767 0.004667
v -0.325873 0.052327 0.005201
v -0.326325 0.052176 0.005028
v -0.326325 0.052176 0.005028
v -0.325276 0.050037 0.010077
v -0.325222 0.047178 0.006168
v -0.325168 0.047226 0.006123
v -0.325222 0.047035 0.007187
v -0.325168 0.047065 0.007129
v -0.325222 0.050101 0.010044
v -0.325168 0.050043 0.010015
v -0.325222 0.050039 0.010046
v -0.325222 0.052895 0.006465
v -0.325873 0.05279 0.006189
v -0.325168 0.052876 0.006528
v -0.325873 0.052321 0.005244
v -0.325873 0.052321 0.005244
v -0.326589 0.052082 0.004977
v -0.325222 0.048478 0.004537
v -0.325168 0.048077 0.004866
v -0.325873 0.047824 0.005067
v -0.325054 0.048452 0.007056
v -0.325233 0.049991 0.008628
v -0.32525 0.050233 0.00861
v -0.325211 0.050876 0.008353
v -0.325283 0.051455 0.007593
v -0.325284 0.051459 0.007581
v -0.325334 0.051527 0.006871
v -0.325338 0.051521 0.006828
v -0.325372 0.051382 0.006398
v -0.325421 0.050933 0.005853
v -0.325422 0.050927 0.005849
v -0.325457 0.050497 0.005621
v -0.325457 0.050497 0.005621
v -0.325547 0.050478 0.005614
v -0.325547 0.050478 0.005614
v -0.325476 0.050257 0.005559
v -0.325565 0.050236 0.005556
v -0.325601 0.049748 0.005557
v -0.325617 0.049519 0.005613
v -0.325617 0.049519 0.005613
v -0.325621 0.049461 0.005633
v -0.325544 0.049318 0.005694
v -0.325561 0.049117 0.005812
v -0.325649 0.049117 0.005812
v -0.325651 0.049091 0.00583
v -0.325651 0.049091 0.00583
v -0.32567 0.048902 0.005991
v -0.32567 0.048902 0.005991
v -0.325688 0.048742 0.006181
v -0.325618 0.048624 0.006373
v -0.325619 0.048614 0.006393
v -0.325723 0.048617 0.007778
v -0.325731 0.048673 0.007881
v -0.325862 0.049092 0.008335
v -0.325873 0.049222 0.008419
v -0.325814 0.049578 0.00857
v -0.325827 0.049749 0.008608
v -0.325827 0.049749 0.008608
v -0.325843 0.049961 0.008627
v -0.325984 0.050705 0.008456
v -0.325985 0.05071 0.008453
v -0.325969 0.051375 0.007781
v -0.325983 0.051455 0.007593
v -0.326141 0.050703 0.005708
v -0.326149 0.050598 0.005659
v -0.326237 0.050598 0.005659
v -0.326248 0.050453 0.005606
v -0.326248 0.050453 0.005606
v -0.326214 0.049745 0.005558
v -0.326303 0.049723 0.005561
v -0.326234 0.049461 0.005633
v -0.326321 0.049461 0.005633
v -0.326246 0.049297 0.005705
v -0.326335 0.049277 0.005715
v -0.326349 0.049117 0.005812
v -0.326353 0.04907 0.005846
v -0.326282 0.0489 0.005993
v -0.326372 0.048884 0.00601
v -0.32629 0.048829 0.006071
v -0.326519 0.048673 0.007881
v -0.326531 0.048771 0.008024
v -0.326458 0.048914 0.008185
v -0.326618 0.049796 0.008615
v -0.326631 0.049961 0.008627
v -0.326633 0.051101 0.008163
v -0.326652 0.05126 0.007972
v -0.326759 0.051396 0.007739
v -0.32677 0.051455 0.007593
v -0.326792 0.051529 0.007286
v -0.326709 0.051536 0.007215
v -0.326797 0.051536 0.007215
v -0.326797 0.051536 0.007215
v -0.32672 0.051542 0.007069
v -0.326809 0.051542 0.007045
v -0.326909 0.050933 0.005853
v -0.326825 0.05089 0.005822
v -0.326914 0.050871 0.005808
v -0.326843 0.050682 0.005697
v -0.326966 0.050225 0.005554
v -0.326969 0.050185 0.005549
v -0.32702 0.049473 0.005629
v -0.327107 0.048614 0.006393
v -0.327053 0.048466 0.006867
v -0.327143 0.048463 0.006892
v -0.32707 0.048452 0.007108
v -0.32716 0.048452 0.007133
v -0.327073 0.048453 0.007144
v -0.327161 0.048453 0.007144
v -0.327089 0.048475 0.007353
v -0.327178 0.04848 0.007378
v -0.32719 0.048517 0.007526
v -0.32719 0.048517 0.007526
v -0.32719 0.048517 0.007526
v -0.327197 0.048547 0.007618
v -0.327265 0.049133 0.008364
v -0.327273 0.049222 0.008419
v -0.327249 0.050042 0.008627
v -0.327338 0.050068 0.008626
v -0.327266 0.050282 0.008601
v -0.327355 0.050307 0.008596
v -0.327271 0.050347 0.008588
v -0.327282 0.050509 0.00854
v -0.327282 0.050509 0.00854
v -0.327297 0.05071 0.008453
v -0.327297 0.05071 0.008453
v -0.327385 0.05071 0.008453
v -0.327299 0.050727 0.008444
v -0.327388 0.05075 0.008432
v -0.327326 0.051029 0.008233
v -0.327335 0.051118 0.008146
v -0.327354 0.051274 0.007952
v -0.327355 0.051282 0.00794
v -0.327372 0.051395 0.00774
v -0.327404 0.051528 0.007286
v -0.327409 0.051536 0.007215
v -0.32744 0.051516 0.0068
v -0.327467 0.05141 0.006456
v -0.3276 0.051037 0.00594
v -0.327609 0.050933 0.005853
v -0.327527 0.050872 0.005809
v -0.327563 0.050429 0.005599
v -0.327579 0.050225 0.005554
v -0.3276 0.04994 0.005538
v -0.327607 0.049838 0.005545
v -0.327749 0.049117 0.005812
v -0.327757 0.049029 0.005878
v -0.327794 0.048698 0.006245
v -0.327807 0.048614 0.006393
v -0.327723 0.048593 0.006436
v -0.327861 0.048453 0.007144
v -0.32788 0.048485 0.007404
v -0.327935 0.048803 0.008063
v -0.327935 0.048803 0.008063
v -0.327946 0.048913 0.008185
v -0.327895 0.049343 0.008483
v -0.327914 0.049578 0.00857
v -0.328037 0.051134 0.008128
v -0.328055 0.051282 0.00794
v -0.328142 0.051282 0.00794
v -0.328056 0.051287 0.007933
v -0.328145 0.051303 0.007909
v -0.328179 0.051493 0.007468
v -0.328195 0.051534 0.007236
v -0.328109 0.051536 0.007215
v -0.328123 0.051541 0.007022
v -0.328141 0.051511 0.006777
v -0.32816 0.051443 0.006538
v -0.32825 0.051432 0.006511
v -0.328268 0.051323 0.006289
v -0.328283 0.051209 0.006125
v -0.328212 0.051039 0.005942
v -0.328221 0.050933 0.005853
v -0.328228 0.050852 0.005796
v -0.328373 0.050133 0.005543
v -0.328391 0.049887 0.005541
v -0.328307 0.049838 0.005545
v -0.328496 0.048684 0.006267
v -0.328507 0.048614 0.006393
v -0.328546 0.048458 0.006941
v -0.328561 0.048453 0.007144
v -0.328564 0.048455 0.007184
v -0.328492 0.048484 0.0074
v -0.32859 0.048784 0.00804
v -0.32859 0.048913 0.008185
v -0.32859 0.04906 0.008312
v -0.32859 0.04906 0.008312
v -0.32859 0.049222 0.008419
v -0.32859 0.049222 0.008419
v -0.32859 0.049276 0.00845
v -0.32494 0.048538 0.006572
v -0.325007 0.048614 0.006393
v -0.325005 0.048626 0.006369
v -0.324978 0.048829 0.006071
v -0.329044 0.049536 0.009029
v -0.329044 0.049455 0.009008
v -0.329115 0.049436 0.009075
v -0.329115 0.049436 0.009075
v -0.329023 0.048819 0.008672
v -0.329115 0.048742 0.008729
v -0.328603 0.049528 0.008569
v -0.328837 0.049408 0.008776
v -0.328606 0.049594 0.008591
v -0.328606 0.049594 0.008591
v -0.328606 0.049594 0.008591
v -0.328628 0.050059 0.008665
v -0.328863 0.049563 0.008849
v -0.328866 0.049581 0.008856
v -0.328866 0.049581 0.008856
v -0.328611 0.049697 0.00862
v -0.328894 0.04976 0.008917
v -0.328908 0.049848 0.00894
v -0.32862 0.049883 0.008654
v -0.328644 0.05043 0.008622
v -0.32864 0.050337 0.008641
v -0.329004 0.050559 0.008959
v -0.329009 0.050602 0.008952
v -0.329009 0.050602 0.008952
v -0.328651 0.050599 0.008572
v -0.329034 0.0508 0.008903
v -0.328659 0.050765 0.008503
v -0.328661 0.050804 0.008483
v -0.329115 0.051561 0.008438
v -0.328693 0.051346 0.008029
v -0.328693 0.051346 0.008029
v -0.329115 0.051719 0.008231
v -0.328696 0.05139 0.00797
v -0.328701 0.051448 0.00788
v -0.328708 0.051534 0.00772
v -0.328707 0.051522 0.007744
v -0.328739 0.051689 0.00699
v -0.328732 0.051684 0.007142
v -0.328762 0.051595 0.006452
v -0.328758 0.051628 0.006558
v -0.328783 0.051371 0.006017
v -0.328785 0.051336 0.005971
v -0.329115 0.050303 0.005035
v -0.32883 0.0504 0.005343
v -0.328856 0.049779 0.005284
v -0.328853 0.049839 0.00528
v -0.329115 0.049784 0.005023
v -0.329115 0.049784 0.005023
v -0.328852 0.049875 0.005279
v -0.328846 0.050029 0.005281
v -0.32884 0.050162 0.005294
v -0.32884 0.050162 0.005294
v -0.328862 0.049595 0.005309
v -0.329115 0.049528 0.005066
v -0.328863 0.049592 0.00531
v -0.329115 0.049041 0.005246
v -0.328878 0.049185 0.005438
v -0.328883 0.049067 0.005496
v -0.328883 0.049067 0.005496
v -0.329115 0.048432 0.005727
v -0.329115 0.048432 0.005727
v -0.329115 0.048274 0.005934
v -0.328918 0.048411 0.006084
v -0.328918 0.048411 0.006084
v -0.328911 0.048528 0.005931
v -0.328907 0.048597 0.005854
v -0.328918 0.048409 0.006087
v -0.32894 0.048159 0.006617
v -0.328942 0.048143 0.006675
v -0.328942 0.048143 0.006675
v -0.329115 0.047934 0.006905
v -0.328951 0.048096 0.006928
v -0.329115 0.047928 0.007165
v -0.328973 0.048117 0.007515
v -0.329115 0.047955 0.007424
v -0.328976 0.048131 0.007583
v -0.329115 0.048372 0.008365
v -0.328998 0.048347 0.00813
v -0.328996 0.048325 0.008091
v -0.329115 0.048545 0.008559
v -0.329015 0.048638 0.00851
v -0.329028 0.048936 0.008758
v -0.329115 0.049191 0.00899
v -0.329037 0.049155 0.008889
v -0.329037 0.049155 0.008889
v -0.329044 0.049339 0.008971
v -0.329044 0.049701 0.00906
v -0.328777 0.049076 0.00855
v -0.328783 0.049108 0.008576
v -0.328738 0.048887 0.008361
v -0.328738 0.048887 0.008361
v -0.328755 0.048967 0.008448
v -0.3287 0.048734 0.008154
v -0.328677 0.048663 0.008025
v -0.32454 0.048236 0.006257
v -0.324729 0.049136 0.005552
v -0.324919 0.049658 0.005554
v -0.324649 0.049645 0.005281
v -0.324634 0.04975 0.005248
v -0.324911 0.049835 0.005517
v -0.324598 0.050002 0.005196
v -0.324752 0.049022 0.00565
v -0.324796 0.048835 0.005856
v -0.324818 0.048757 0.005968
v -0.324924 0.048523 0.006568
v -0.324911 0.04854 0.006486
v -0.324854 0.051046 0.005834
v -0.324415 0.051622 0.005799
v -0.324838 0.051316 0.006097
v -0.324806 0.051645 0.006763
v -0.324415 0.052039 0.006741
v -0.324814 0.051593 0.006588
v -0.324814 0.051593 0.006588
v -0.324415 0.05198 0.006488
v -0.32483 0.051423 0.006244
v -0.324836 0.051344 0.006132
v -0.324798 0.051678 0.006943
v -0.324796 0.051683 0.006984
v -0.324765 0.051587 0.007736
v -0.324769 0.051619 0.007642
v -0.324415 0.050952 0.008919
v -0.324723 0.050987 0.00854
v -0.324723 0.050987 0.00854
v -0.324415 0.051175 0.008785
v -0.324725 0.05103 0.008507
v -0.324708 0.050666 0.008728
v -0.324712 0.050762 0.008681
v -0.324715 0.050831 0.008643
v -0.324692 0.050242 0.008859
v -0.324692 0.050242 0.008859
v -0.324693 0.050266 0.008854
v -0.324415 0.050209 0.009142
v -0.324702 0.050507 0.008791
v -0.324702 0.050507 0.008791
v -0.324685 0.050078 0.00888
v -0.324669 0.04967 0.008869
v -0.324668 0.049655 0.008867
v -0.32466 0.049469 0.008829
v -0.324645 0.049112 0.008695
v -0.324643 0.049053 0.008665
v -0.324415 0.048545 0.008559
v -0.324415 0.048372 0.008365
v -0.324613 0.048439 0.008122
v -0.324613 0.048439 0.008122
v -0.324614 0.048459 0.008148
v -0.32462 0.048561 0.008273
v -0.324602 0.048299 0.007896
v -0.324603 0.048306 0.00791
v -0.324605 0.048333 0.007958
v -0.324577 0.0481 0.007284
v -0.32457 0.048082 0.007091
v -0.32457 0.048082 0.007091
v -0.324567 0.04808 0.007018
v -0.324415 0.048043 0.006398
v -0.324547 0.04817 0.006436
v -0.324524 0.048444 0.005886
v -0.324506 0.048773 0.005527
v -0.324415 0.049279 0.005141
v -0.324485 0.049278 0.005216
v -0.324485 0.049303 0.005207
v -0.325059 0.047127 0.007123
v -0.325059 0.047225 0.006336
v -0.325059 0.047849 0.005179
v -0.325059 0.048033 0.004989
v -0.325059 0.048033 0.004989
v -0.325059 0.048235 0.004817
v -0.325059 0.051473 0.004621
v -0.325059 0.050037 0.009952
v -0.325059 0.050037 0.009952
v -0.328861 0.050137 0.004122
v -0.328861 0.050166 0.004155
v -0.324415 0.048257 0.009365
v -0.324465 0.048227 0.009405
v -0.324415 0.048693 0.009639
v -0.324415 0.05163 0.009442
v -0.324465 0.051659 0.009483
v -0.324415 0.052025 0.009112
v -0.324415 0.052554 0.00578
v -0.324465 0.052599 0.005758
v -0.324415 0.052281 0.005345
v -0.324415 0.047794 0.005242
v -0.324465 0.047756 0.00521
v -0.324415 0.047501 0.005665
v -0.326907 0.050206 0.009071
v -0.326785 0.050324 0.008825
v -0.326768 0.050049 0.008854
v -0.326871 0.049573 0.009037
v -0.326881 0.049737 0.009065
v -0.326749 0.049766 0.00884
v -0.326749 0.049766 0.00884
v -0.326818 0.048728 0.008629
v -0.326695 0.048982 0.008536
v -0.326679 0.048772 0.008365
v -0.326645 0.048439 0.007928
v -0.326625 0.048664 0.005591
v -0.326634 0.048557 0.005695
v -0.326503 0.04872 0.005852
v -0.326503 0.04872 0.005852
v -0.326607 0.048918 0.005398
v -0.326616 0.048797 0.005482
v -0.326484 0.048934 0.005664
v -0.326484 0.048934 0.005664
v -0.326484 0.048934 0.005664
v -0.32645 0.049422 0.005405
v -0.326434 0.049683 0.005338
v -0.326417 0.049959 0.00531
v -0.32638 0.05052 0.005389
v -0.326485 0.051006 0.005356
v -0.326361 0.050784 0.005494
v -0.326361 0.050784 0.005494
v -0.326361 0.050784 0.005494
v -0.326468 0.051261 0.005532
v -0.326344 0.051023 0.005637
v -0.326344 0.051023 0.005637
v -0.326328 0.051231 0.00581
v -0.326313 0.051734 0.008074
v -0.32632 0.051793 0.007962
v -0.326189 0.051589 0.007862
v -0.326295 0.051554 0.008337
v -0.326302 0.051631 0.008235
v -0.326171 0.051445 0.008104
v -0.326276 0.051334 0.00857
v -0.326276 0.051334 0.00857
v -0.326283 0.051425 0.008482
v -0.326152 0.051263 0.008323
v -0.326265 0.051182 0.008693
v -0.326133 0.051048 0.00851
v -0.32624 0.050805 0.008912
v -0.326247 0.050914 0.00886
v -0.326115 0.050809 0.008658
v -0.326115 0.050809 0.008658
v -0.325993 0.048959 0.008519
v -0.326086 0.048327 0.008184
v -0.325961 0.048573 0.008139
v -0.325943 0.048425 0.007902
v -0.326049 0.048066 0.007605
v -0.326055 0.048098 0.007711
v -0.325924 0.048314 0.00764
v -0.32603 0.048008 0.00729
v -0.326037 0.048022 0.007399
v -0.325906 0.048246 0.007363
v -0.326013 0.048 0.006975
v -0.326019 0.047997 0.007082
v -0.325887 0.048224 0.007082
v -0.325996 0.048039 0.006671
v -0.325986 0.048091 0.006476
v -0.325855 0.048307 0.006545
v -0.325963 0.048257 0.006097
v -0.325969 0.048208 0.006188
v -0.325838 0.048411 0.00629
v -0.325945 0.048435 0.005833
v -0.32582 0.048557 0.006048
v -0.325932 0.04858 0.00567
v -0.325801 0.048741 0.005831
v -0.325801 0.048741 0.005831
v -0.325801 0.048741 0.005831
v -0.325782 0.048958 0.005646
v -0.325782 0.048958 0.005646
v -0.325782 0.048958 0.005646
v -0.325748 0.049449 0.005397
v -0.325732 0.049711 0.005333
v -0.325841 0.050084 0.005084
v -0.325841 0.050084 0.005084
v -0.325846 0.049988 0.005082
v -0.325715 0.049989 0.00531
v -0.325828 0.050307 0.005107
v -0.325697 0.050271 0.005331
v -0.325804 0.050709 0.005214
v -0.325678 0.050549 0.005398
v -0.325678 0.050549 0.005398
v -0.325785 0.050995 0.00535
v -0.325791 0.050915 0.005306
v -0.325791 0.050915 0.005306
v -0.325659 0.05081 0.005507
v -0.325659 0.05081 0.005507
v -0.325659 0.05081 0.005507
v -0.325614 0.05174 0.008063
v -0.325618 0.051778 0.007992
v -0.325487 0.051576 0.007888
v -0.325595 0.051562 0.008327
v -0.3256 0.051611 0.008263
v -0.325469 0.051428 0.008129
v -0.325491 0.049916 0.009081
v -0.325364 0.04999 0.008855
v -0.325477 0.04967 0.009056
v -0.325346 0.049707 0.008831
v -0.325386 0.048334 0.008195
v -0.32539 0.048372 0.008248
v -0.325259 0.048556 0.008116
v -0.325368 0.04818 0.007918
v -0.325368 0.04818 0.007918
v -0.325372 0.048208 0.007977
v -0.325241 0.048411 0.007875
v -0.325354 0.048088 0.007679
v -0.325222 0.048305 0.007611
v -0.325186 0.048224 0.007052
v -0.325169 0.04825 0.006779
v -0.325136 0.048424 0.006264
v -0.325246 0.048427 0.005843
v -0.325118 0.048575 0.006024
v -0.32523 0.048604 0.005647
v -0.325099 0.048763 0.00581
v -0.325099 0.048763 0.00581
v -0.325191 0.049171 0.005261
v -0.325194 0.049124 0.005283
v -0.325063 0.049223 0.005488
v -0.325175 0.049457 0.005157
v -0.325047 0.049476 0.005388
v -0.325159 0.049757 0.005097
v -0.325162 0.049707 0.005104
v -0.325031 0.04974 0.005328
v -0.325031 0.04974 0.005328
v -0.325031 0.04974 0.005328
v -0.325144 0.050021 0.005083
v -0.325013 0.050018 0.00531
v -0.325013 0.050018 0.00531
v -0.32494 0.051069 0.005671
v -0.324925 0.051271 0.00585
v -0.324908 0.051445 0.006061
v -0.32489 0.051589 0.006303
v -0.324853 0.051754 0.006846
v -0.324853 0.051754 0.006846
v -0.324964 0.051995 0.007171
v -0.324835 0.051769 0.007127
v -0.324818 0.051741 0.0074
v -0.324802 0.051672 0.00766
v -0.327433 0.049516 0.008789
v -0.32473 0.050999 0.008544
v -0.32467 0.048193 0.007947
v -0.32467 0.048193 0.007947
v -0.328713 0.048269 0.00748
v -0.328768 0.048645 0.00823
v -0.32875 0.048483 0.008005
v -0.328783 0.048835 0.008421
v -0.328969 0.049536 0.009029
v -0.329022 0.050473 0.009025
v -0.324528 0.048636 0.005617
v -0.32451 0.048879 0.005424
v -0.324546 0.048419 0.005853
v -0.324547 0.048412 0.005862
v -0.324615 0.047998 0.007016
v -0.324615 0.047998 0.007016
v -0.324687 0.048341 0.008205
v -0.324736 0.049014 0.008825
v -0.324756 0.049326 0.008967
v -0.324775 0.049637 0.00905
v -0.324773 0.049611 0.009045
v -0.324811 0.05027 0.009064
v -0.324826 0.050543 0.009006
v -0.324721 0.050883 0.008618
v -0.324827 0.050569 0.008999
v -0.324827 0.050569 0.008999
v -0.326891 0.051601 0.007836
v -0.326923 0.051754 0.007316
v -0.326923 0.051754 0.007316
v -0.327013 0.051394 0.005991
v -0.327046 0.050999 0.005621
v -0.3271 0.050212 0.005323
v -0.3271 0.050212 0.005323
v -0.327119 0.04993 0.005311
v -0.327152 0.049396 0.005415
v -0.327136 0.049655 0.005343
v -0.327186 0.04891 0.005682
v -0.327205 0.0487 0.005874
v -0.327224 0.048523 0.006097
v -0.327242 0.048386 0.006343
v -0.327258 0.048291 0.006599
v -0.327291 0.048225 0.00714
v -0.327291 0.048225 0.00714
v -0.327274 0.048238 0.006863
v -0.327274 0.048238 0.006863
v -0.327274 0.048238 0.006863
v -0.327328 0.048334 0.007696
v -0.327328 0.048334 0.007696
v -0.327309 0.048257 0.007422
v -0.327309 0.048257 0.007422
v -0.327396 0.049006 0.008552
v -0.32747 0.050078 0.008853
v -0.32747 0.050078 0.008853
v -0.32747 0.050078 0.008853
v -0.327451 0.049796 0.008844
v -0.327487 0.050352 0.008819
v -0.327519 0.050861 0.00863
v -0.32766 0.051734 0.006729
v -0.327731 0.05119 0.005772
v -0.327888 0.048887 0.0057
v -0.327926 0.048507 0.006122
v -0.327943 0.048374 0.006369
v -0.327993 0.048226 0.00717
v -0.327993 0.048226 0.00717
v -0.327976 0.048234 0.006892
v -0.328011 0.048263 0.007451
v -0.328011 0.048263 0.007451
v -0.32803 0.048344 0.007724
v -0.32803 0.048344 0.007724
v -0.328049 0.048468 0.007979
v -0.328066 0.048627 0.008208
v -0.328066 0.048627 0.008208
v -0.328082 0.048814 0.008403
v -0.328204 0.050638 0.008735
v -0.328221 0.050886 0.008616
v -0.328276 0.051495 0.00803
v -0.328311 0.051713 0.007525
v -0.328311 0.051713 0.007525
v -0.328326 0.051761 0.007259
v -0.328344 0.051766 0.00698
v -0.328362 0.051727 0.006699
v -0.328362 0.051727 0.006699
v -0.328381 0.051644 0.006427
v -0.328399 0.051518 0.006173
v -0.328486 0.050434 0.005365
v -0.328504 0.050153 0.005317
v -0.328572 0.049095 0.005557
v -0.32859 0.048864 0.005719
v -0.328609 0.04866 0.005919
v -0.328627 0.048491 0.006147
v -0.328627 0.048491 0.006147
v -0.328661 0.048277 0.006654
v -0.328661 0.048277 0.006654
v -0.328695 0.048228 0.007199
v -0.328695 0.048228 0.007199
v -0.328677 0.048231 0.006921
v -0.327145 0.051573 0.005851
v -0.327152 0.051488 0.00575
v -0.327239 0.050109 0.005086
v -0.327325 0.048674 0.005582
v -0.327411 0.048001 0.006951
v -0.327411 0.048001 0.006951
v -0.327405 0.048012 0.006835
v -0.327564 0.049454 0.009007
v -0.327552 0.049255 0.00894
v -0.327589 0.049878 0.009079
v -0.327607 0.050193 0.009073
v -0.327779 0.051989 0.006906
v -0.327792 0.051956 0.006683
v -0.328061 0.048275 0.006064
v -0.328075 0.048166 0.006278
v -0.328161 0.048132 0.007807
v -0.328147 0.048056 0.007568
v -0.328165 0.048159 0.007871
v -0.328201 0.048493 0.008401
v -0.328213 0.048662 0.008572
v -0.328335 0.05072 0.008947
v -0.328323 0.050484 0.009022
v -0.328355 0.051049 0.008783
v -0.328352 0.051 0.008812
v -0.328444 0.051945 0.007535
v -0.328475 0.051993 0.006967
v -0.32846 0.051991 0.007233
v -0.328496 0.051938 0.006604
v -0.328494 0.051949 0.00665
v -0.328617 0.05049 0.005144
v -0.328619 0.050451 0.005135
v -0.328688 0.049227 0.005236
v -0.328703 0.048979 0.005361
v -0.328723 0.048693 0.005566
v -0.328759 0.048298 0.006027
v -0.32876 0.048282 0.006053
v -0.328793 0.048056 0.006599
v -0.328778 0.048142 0.006334
v -0.328826 0.048001 0.007214
v -0.32881 0.048003 0.006926
v -0.328846 0.048053 0.007555
v -0.328845 0.048048 0.007531
v -0.328883 0.0483 0.008142
v -0.329038 0.049231 0.00893
v -0.329038 0.049231 0.00893
v -0.32453 0.050045 0.005083
v -0.324563 0.049445 0.00516
v -0.324547 0.049745 0.005098
v -0.324702 0.047998 0.007
v -0.324703 0.047998 0.007025
v -0.324738 0.048073 0.007629
v -0.32474 0.048081 0.007656
v -0.324791 0.048534 0.008447
v -0.324842 0.049302 0.008958
v -0.324826 0.049042 0.00884
v -0.324984 0.05157 0.008317
v -0.324986 0.051596 0.008283
v -0.325004 0.051766 0.008014
v -0.325002 0.051746 0.008052
v -0.325088 0.051922 0.006542
v -0.325072 0.051978 0.006808
v -0.325069 0.051984 0.006856
v -0.325127 0.051627 0.005924
v -0.325141 0.051463 0.005723
v -0.325266 0.049403 0.005173
v -0.325279 0.049171 0.005261
v -0.325352 0.04825 0.006108
v -0.325372 0.048099 0.006452
v -0.325401 0.047999 0.006988
v -0.325385 0.048037 0.006683
v -0.325474 0.048334 0.008195
v -0.325541 0.04929 0.008954
v -0.325546 0.049363 0.008979
v -0.325633 0.050889 0.008872
v -0.325628 0.050817 0.008907
v -0.325718 0.051871 0.007779
v -0.325706 0.05178 0.007987
v -0.325701 0.05174 0.008063
v -0.325751 0.051994 0.007183
v -0.325739 0.051971 0.007405
v -0.325755 0.051997 0.007095
v -0.325787 0.051926 0.006554
v -0.325768 0.051985 0.006868
v -0.325792 0.051899 0.006465
v -0.325811 0.051776 0.006169
v -0.325806 0.051816 0.006253
v -0.325856 0.051251 0.005525
v -0.325856 0.051251 0.005525
v -0.325845 0.051409 0.005666
v -0.325861 0.051178 0.005468
v -0.326001 0.048821 0.005464
v -0.326014 0.048655 0.005599
v -0.326014 0.048655 0.005599
v -0.3261 0.048 0.006975
v -0.326137 0.048066 0.007605
v -0.326173 0.048327 0.008184
v -0.326241 0.049278 0.008949
v -0.326248 0.049392 0.008989
v -0.326312 0.050519 0.009013
v -0.326318 0.050632 0.008979
v -0.326371 0.051426 0.008481
v -0.326363 0.051334 0.00857
v -0.32645 0.051993 0.007196
v -0.32644 0.051975 0.007376
v -0.32644 0.051975 0.007376
v -0.326434 0.051953 0.007499
v -0.326523 0.051669 0.005986
v -0.32653 0.051592 0.005876
v -0.326555 0.051261 0.005532
v -0.326563 0.051153 0.005451
v -0.32659 0.050721 0.005218
v -0.326599 0.050586 0.005171
v -0.326669 0.049348 0.005191
v -0.326677 0.049194 0.005251
v -0.326791 0.048016 0.006804
v -0.326783 0.048042 0.00666
v -0.326817 0.048006 0.007278
v -0.326905 0.048728 0.008629
v -0.326977 0.04989 0.00908
v -0.326995 0.050206 0.009071
v -0.327027 0.050794 0.008917
v -0.327036 0.050942 0.008845
v -0.327044 0.05107 0.00877
v -0.327091 0.05165 0.008208
v -0.327073 0.051448 0.008459
v -0.327081 0.051546 0.008347
v -0.327081 0.051546 0.008347
v -0.327142 0.051979 0.007346
v -0.327149 0.051993 0.007208
v -0.327204 0.051827 0.006276
v -0.327214 0.051747 0.006115
v -0.327222 0.051676 0.005997
v -0.327327 0.050109 0.005086
v -0.327405 0.048772 0.005501
v -0.327412 0.048674 0.005582
v -0.327477 0.048073 0.006535
v -0.327483 0.048044 0.006648
v -0.327483 0.048044 0.006648
v -0.327492 0.048012 0.006833
v -0.327492 0.048012 0.006833
v -0.327499 0.048001 0.006951
v -0.327816 0.051858 0.007814
v -0.327832 0.051948 0.007523
v -0.327843 0.051983 0.007317
v -0.327954 0.051279 0.005548
v -0.327966 0.051104 0.005417
v -0.327966 0.051104 0.005417
v -0.327971 0.051028 0.005369
v -0.328002 0.050527 0.005154
v -0.328007 0.050439 0.005132
v -0.328056 0.049584 0.005126
v -0.32806 0.049503 0.005144
v -0.328198 0.048002 0.006938
v -0.3283 0.048658 0.008568
v -0.328304 0.048709 0.008613
v -0.328357 0.049548 0.009031
v -0.328439 0.050995 0.008815
v -0.328443 0.051049 0.008783
v -0.328476 0.05149 0.008413
v -0.32848 0.05153 0.008367
v -0.32848 0.05153 0.008367
v -0.328532 0.051945 0.007535
v -0.328548 0.051991 0.007233
v -0.328565 0.05199 0.006919
v -0.328581 0.051951 0.006657
v -0.328581 0.051951 0.006657
v -0.328584 0.051938 0.006604
v -0.328618 0.051717 0.006062
v -0.328621 0.05169 0.006018
v -0.328638 0.051504 0.005768
v -0.328638 0.051504 0.005768
v -0.328651 0.051325 0.005587
v -0.328653 0.051289 0.005556
v -0.328667 0.051079 0.005401
v -0.328707 0.050451 0.005135
v -0.328723 0.05018 0.005091
v -0.328723 0.05018 0.005091
v -0.328725 0.050135 0.005087
v -0.328743 0.049819 0.00509
v -0.328758 0.049555 0.005132
v -0.328758 0.049555 0.005132
v -0.32876 0.049515 0.005141
v -0.32879 0.048985 0.005357
v -0.328792 0.04895 0.005378
v -0.328846 0.048302 0.006021
v -0.328881 0.04805 0.006625
v -0.328881 0.04805 0.006625
v -0.328896 0.048006 0.006892
v -0.32897 0.0483 0.008142
v -0.329036 0.049207 0.00892
v -0.328521 0.050102 0.008852
v -0.328571 0.050881 0.008618
v -0.328571 0.050881 0.008618
v -0.328644 0.051623 0.007788
v -0.328644 0.051623 0.007788
v -0.328799 0.050956 0.005592
v -0.328782 0.051174 0.005757
v -0.328782 0.051174 0.005757
v -0.328749 0.051521 0.006178
v -0.328766 0.051361 0.005951
v -0.328766 0.051361 0.005951
v -0.328731 0.051646 0.006432
v -0.328693 0.051767 0.006986
v -0.328693 0.051767 0.006986
v -0.328712 0.051729 0.006705
v -0.328712 0.051729 0.006705
v -0.328676 0.05176 0.007264
v -0.328676 0.05176 0.007264
v -0.32866 0.051712 0.00753
v -0.328626 0.051492 0.008035
v -0.328626 0.051492 0.008035
v -0.328626 0.051492 0.008035
v -0.328607 0.05132 0.008262
v -0.328607 0.05132 0.008262
v -0.328538 0.050375 0.008814
v -0.328503 0.04982 0.008846
v -0.328484 0.04954 0.008795
v -0.324766 0.048587 0.006007
v -0.324729 0.048999 0.005617
v -0.324834 0.048225 0.007031
v -0.324871 0.048298 0.00759
v -0.324908 0.048544 0.008098
v -0.324924 0.048718 0.00831
v -0.324957 0.049151 0.00864
v -0.32508 0.051005 0.00854
v -0.325099 0.051225 0.00836
v -0.325117 0.051414 0.008147
v -0.325136 0.051565 0.007908
v -0.325153 0.051675 0.007654
v -0.325203 0.051753 0.00684
v -0.325203 0.051753 0.00684
v -0.325203 0.051753 0.00684
v -0.325222 0.051691 0.006561
v -0.32524 0.051586 0.006297
v -0.325258 0.051442 0.006056
v -0.325258 0.051442 0.006056
v -0.325291 0.051064 0.005667
v -0.325326 0.050571 0.005405
v -0.325345 0.050295 0.005335
v -0.325345 0.050295 0.005335
v -0.325397 0.04947 0.00539
v -0.325431 0.048977 0.005632
v -0.325468 0.048571 0.006029
v -0.325486 0.048422 0.006269
v -0.325486 0.048422 0.006269
v -0.325503 0.048315 0.006523
v -0.325519 0.048249 0.006784
v -0.325536 0.048224 0.007058
v -0.325591 0.048414 0.00788
v -0.325609 0.048559 0.00812
v -0.325609 0.048559 0.00812
v -0.325677 0.049435 0.008764
v -0.325696 0.049712 0.008832
v -0.325714 0.049995 0.008855
v -0.325764 0.050788 0.008669
v -0.325819 0.05143 0.008125
v -0.325837 0.051578 0.007884
v -0.325837 0.051578 0.007884
v -0.325854 0.051683 0.007629
v -0.32587 0.051746 0.007368
v -0.325887 0.051769 0.007094
v -0.325924 0.051683 0.006535
v -0.325942 0.051574 0.006273
v -0.325976 0.051248 0.005827
v -0.325992 0.051043 0.005652
v -0.326028 0.050545 0.005397
v -0.326083 0.049708 0.005333
v -0.326098 0.049446 0.005398
v -0.326115 0.049194 0.005502
v -0.326133 0.048955 0.005648
v -0.326133 0.048955 0.005648
v -0.326151 0.048739 0.005833
v -0.326151 0.048739 0.005833
v -0.326221 0.048245 0.00681
v -0.326238 0.048224 0.007085
v -0.326256 0.048247 0.007366
v -0.326274 0.048315 0.007643
v -0.326293 0.048426 0.007904
v -0.326311 0.048575 0.008141
v -0.326327 0.048754 0.008347
v -0.326343 0.048961 0.008521
v -0.326379 0.049461 0.008772
v -0.326449 0.05056 0.008763
v -0.326502 0.051264 0.008322
v -0.326521 0.051446 0.008103
v -0.326571 0.05175 0.007342
v -0.326571 0.05175 0.007342
v -0.326588 0.051769 0.007067
v -0.326662 0.05141 0.006013
v -0.326694 0.051022 0.005636
v -0.326711 0.050783 0.005494
v -0.32673 0.050519 0.005389
v -0.3268 0.049421 0.005406
v -0.326922 0.048241 0.006836
v -0.326939 0.048224 0.007111
v -0.326939 0.048224 0.007111
v -0.326957 0.048251 0.007393
v -0.326957 0.048251 0.007393
v -0.327029 0.048773 0.008365
v -0.327045 0.048982 0.008536
v -0.327099 0.049766 0.00884
v -0.327118 0.050049 0.008854
v -0.327118 0.050049 0.008854
v -0.327135 0.050324 0.008825
v -0.327135 0.050324 0.008825
v -0.327151 0.050584 0.008755
v -0.327151 0.050584 0.008755
v -0.327167 0.050835 0.008644
v -0.327167 0.050835 0.008644
v -0.327167 0.050835 0.008644
v -0.327167 0.050835 0.008644
v -0.327204 0.051283 0.008302
v -0.327204 0.051283 0.008302
v -0.327223 0.051462 0.00808
v -0.327223 0.051462 0.00808
v -0.327241 0.051601 0.007836
v -0.327257 0.051698 0.00758
v -0.327273 0.051754 0.007316
v -0.327273 0.051754 0.007316
v -0.327308 0.05174 0.006759
v -0.327327 0.051665 0.006484
v -0.327327 0.051665 0.006484
v -0.327346 0.051548 0.006225
v -0.327346 0.051548 0.006225
v -0.327346 0.051548 0.006225
v -0.327363 0.051394 0.005992
v -0.327395 0.051 0.005621
v -0.327413 0.050758 0.005482
v -0.32745 0.050214 0.005323
v -0.32745 0.050214 0.005323
v -0.327469 0.049931 0.005311
v -0.327469 0.049931 0.005311
v -0.327536 0.048911 0.005681
v -0.327591 0.048387 0.006341
v -0.327608 0.048292 0.006598
v -0.327608 0.048292 0.006598
v -0.327624 0.048238 0.006861
v -0.327624 0.048238 0.006861
v -0.327764 0.049247 0.008689
v -0.327782 0.049513 0.008788
v -0.327782 0.049513 0.008788
v -0.327801 0.049793 0.008843
v -0.327924 0.051477 0.008058
v -0.327924 0.051477 0.008058
v -0.327942 0.051612 0.007812
v -0.327942 0.051612 0.007812
v -0.327959 0.051705 0.007555
v -0.327974 0.051757 0.00729
v -0.327992 0.051768 0.007013
v -0.328029 0.051656 0.006458
v -0.328097 0.050978 0.005606
v -0.328097 0.050978 0.005606
v -0.328097 0.050978 0.005606
v -0.328097 0.050978 0.005606
v -0.328115 0.050734 0.00547
v -0.328133 0.050467 0.005373
v -0.32817 0.049905 0.005312
v -0.328187 0.049631 0.005348
v -0.328187 0.049631 0.005348
v -0.328325 0.048235 0.006888
v -0.328343 0.048226 0.007165
v -0.328361 0.048262 0.007446
v -0.32838 0.048343 0.00772
v -0.328431 0.04881 0.008399
v -0.328352 0.050391 0.004145
v -0.32784 0.04911 0.004255
v -0.32784 0.049148 0.004275
v -0.327331 0.049357 0.004189
v -0.329115 -0.0539338 0.0251934
v -0.318497 -0.001626 0.015931
v -0.318496 0.000941 0.020779
v -0.318496 0.000941 0.020779
v -0.318499 -0.002317 0.016413
v -0.318497 0.001621 0.015931
v -0.318496 0.000834 0.01563
v -0.329115 0.060996 0.029082
v -0.318969 -0.029263 0.026082
v -0.318549 -0.009809 0.026082
v -0.329115 -0.006309 0.013496
v -0.329115 -0.0064845 0.015271
v -0.329115 0.006304 0.025986
v -0.329115 0.0496805 0.0223375
v -0.329115 0.064574 0.0160925
v -0.329115 0.0602855 0.025986
v -0.329115 0.0566222 0.0248681
v -0.329115 0.0617472 0.0183855
v -0.329115 0.0659215 0.020184
v -0.329115 0.0652682 0.02451
v -0.329115 -0.050002 0.0210392
v -0.329115 -0.0426598 0.0151482
v -0.329115 -0.036864 0.013496
v -0.329115 -0.0399 0.018689
v -0.329115 -0.0309525 0.00965
v -0.329115 -0.0526276 0.0144536
v -0.329115 -0.0080645 0.00846119
v -0.329115 0.00684525 0.0216071
v -0.329115 0.0271218 0.0265268
v -0.329115 0.00273625 0.027782
v -0.329115 -0.0020905 0.00936825
v -0.329115 0.0502974 0.0154865
v -0.329115 0.0631587 0.00713412
v -0.318842 -0.025023 0.005855
v -0.318141 0.069278 0.029997
v -0.316945 0.05129 0.017997
v -0.316158 0.034663 0.029997
v -0.316158 0.034663 0.029997
v -0.315496 -3e-06 0.029997
v -0.315496 -3e-06 0.029997
v -0.315496 -3e-06 0.029997
v -0.315496 -3e-06 0.029997
v -0.315598 0.013608 0.015291
v -0.315603 0.01394 0.016016
v -0.315608 0.014265 0.016643
v -0.315618 0.01486 0.017701
v -0.31562 0.01503 0.017997
v -0.316158 -0.034668 0.029997
v -0.316158 -0.034668 0.017997
v -0.316093 -0.032943 0.017997
v -0.316093 -0.032943 0.017997
v -0.31562 -0.015036 0.017997
v -0.31562 -0.015028 0.017983
v -0.31562 -0.015028 0.017983
v -0.315618 -0.014865 0.017702
v -0.315618 -0.014865 0.017702
v -0.315618 -0.014865 0.017702
v -0.315608 -0.014271 0.016646
v -0.315608 -0.014265 0.016635
v -0.315605 -0.014073 0.01627
v -0.315593 -0.013292 0.014418
v -0.315589 -0.01303 0.013179
v -0.318141 -0.069283 0.017997
v -0.316945 -0.051295 0.017997
v -0.316945 -0.051295 0.017997
v -0.31957 -0.04409 0.010455
v -0.319614 -0.044995 0.011693
v -0.318885 -0.026533 0.004517
v -0.319933 -0.051002 0.026082
v -0.320222 -0.055892 0.026082
v -0.318885 0.026528 0.004517
v -0.320274 0.056717 0.006003
v -0.320248 0.056301 0.004517
v -0.320018 0.052479 0.01342
v -0.320785 0.064344 0.004517
v -0.320203 0.055572 0.020834
v -0.320238 0.05614 0.019614
v -0.327595 0.0562978 -3e-06
v -0.328176 0.06749 0.000113
v -0.328176 -0.067495 0.000113
v -0.325164 -0.0602932 -3e-06
v -0.305435 -0.0689305 -3e-06
v -0.327595 -0.059519 -3e-06
v -0.305189 -0.060862 -3e-06
v -0.327595 0.035786 -3e-06
v -0.327595 0.024247 -3e-06
v -0.327595 0.014444 -3e-06
v -0.327595 -0.01445 -3e-06
v -0.327595 -0.024252 -3e-06
v -0.326241 -0.0132433 -3e-06
v -0.327595 -0.035792 -3e-06
v -0.324818 -0.060862 -3e-06
v -0.326683 -0.0685491 -3e-06
v -0.306476 -0.063838 -3e-06
v -0.310686 -0.0676558 -3e-06
v -0.310485 -0.0490833 -3e-06
v -0.313945 0.0117 -3e-06
v -0.312419 0.0531482 -3e-06
v -0.298229 -0.0630781 -3e-06
v -0.321115 -0.0627035 0.025701
v -0.321115 -0.05964 0.0240407
v -0.321115 -0.0626565 0.0215977
v -0.321115 -0.0507035 0.009701
v -0.321115 -0.04764 0.00804075
v -0.321115 -0.0506568 0.00559775
v -0.321115 -0.0007045 0.009701
v -0.321115 0.00235925 0.00804075
v -0.321115 -0.00065725 0.00559775
v -0.321115 0.049295 0.009701
v -0.321115 0.0523583 0.00804075
v -0.321115 0.049342 0.00559775
v -0.321115 0.061295 0.025701
v -0.321115 0.0643583 0.0240407
v -0.321115 0.061342 0.0215977
v -0.320785 -0.064349 0.016693
v -0.320693 -0.063046 0.016356
v -0.320193 -0.055421 0.024822
v -0.320224 -0.055914 0.010455
v -0.31957 0.044084 0.010455
v -0.319541 0.043479 0.009044
v -0.316652 -0.051312 0.016143
v -0.315613 -0.015036 0.017704
v -0.315613 -0.015036 0.017704
v -0.315474 -0.015035 0.01668
v -0.315474 -0.015035 0.01668
v -0.3158 -0.032954 0.016143
v -0.314708 -0.015031 0.014817
v -0.314118 -0.015027 0.014025
v -0.317996 -0.069295 0.01668
v -0.31738 0.069339 0.015068
v -0.317804 0.069305 0.016011
v -0.315613 0.01503 0.017704
v -0.317883 -0.070073 0.015636
v -0.318203 -0.070048 0.016646
v -0.318262 -0.070043 0.016945
v -0.318675 -0.070663 0.016551
v -0.318738 -0.070658 0.016871
v -0.318007 0.070058 0.015961
v -0.31483 -0.014257 0.014741
v -0.31483 0.014251 0.014741
v -0.326444 0.001547 0.024862
v -0.32644 -0.001553 0.024744
v -0.32644 0.002673 0.024314
v -0.326568 0.002964 0.024892
v -0.32644 0.003332 0.014065
v -0.32644 0.001741 0.013305
v -0.326568 0.003694 0.013529
v -0.326568 -3e-06 0.012397
v -0.32644 -0.002679 0.024314
v -0.326568 -0.002969 0.024892
v -0.327483 -0.004212 0.012771
v -0.326935 -0.004007 0.013075
v -0.327483 -0.002204 0.011811
v -0.326935 -3e-06 0.011848
v -0.326935 0.002091 0.012162
v -0.321115 0.061997 0.023082
v -0.321115 0.049997 0.007082
v -0.321115 -3e-06 0.007082
v -0.321115 -0.050002 0.007082
v -0.321115 -0.062002 0.023082
v -0.325276 -0.048462 0.004514
v -0.325276 -0.048231 0.004667
v -0.325276 -0.047133 0.006222
v -0.325538 -0.047251 0.005898
v -0.325276 -0.047024 0.006764
v -0.325873 -0.052332 0.008964
v -0.326325 -0.052181 0.009137
v -0.325873 -0.052326 0.008921
v -0.325873 -0.049108 0.009875
v -0.325168 -0.049447 0.009962
v -0.325873 -0.049128 0.009914
v -0.325222 -0.04704 0.006978
v -0.325168 -0.047122 0.006528
v -0.325873 -0.047365 0.00573
v -0.325222 -0.047232 0.006029
v -0.325168 -0.047263 0.006036
v -0.328099 -0.052825 0.006083
v -0.328352 -0.047178 0.008078
v -0.328861 -0.047276 0.008324
v -0.328352 -0.047393 0.008554
v -0.328861 -0.047533 0.008778
v -0.328352 -0.049452 0.010027
v -0.328352 -0.050881 0.009946
v -0.328099 -0.051477 0.009689
v -0.328352 -0.051364 0.00975
v -0.325072 -0.051532 0.007301
v -0.325021 -0.051393 0.007757
v -0.325031 -0.051325 0.007881
v -0.325128 -0.051258 0.007983
v -0.325144 -0.051104 0.008166
v -0.325058 -0.051085 0.008185
v -0.325125 -0.050274 0.008604
v -0.325233 -0.050008 0.008628
v -0.32525 -0.049766 0.00861
v -0.325197 -0.049289 0.008453
v -0.325211 -0.049123 0.008353
v -0.325338 -0.048755 0.007994
v -0.325373 -0.048533 0.007563
v -0.3253 -0.048481 0.007354
v -0.325388 -0.048477 0.007335
v -0.325309 -0.048462 0.007215
v -0.325353 -0.048525 0.006628
v -0.325478 -0.048754 0.006171
v -0.325483 -0.048789 0.006125
v -0.325406 -0.048895 0.006004
v -0.325421 -0.049065 0.005853
v -0.325565 -0.049762 0.005556
v -0.325584 -0.050009 0.005537
v -0.325512 -0.050231 0.005554
v -0.325528 -0.050461 0.005607
v -0.325724 -0.051475 0.006614
v -0.325646 -0.051513 0.006758
v -0.32565 -0.051525 0.006822
v -0.32574 -0.051255 0.007987
v -0.325757 -0.051101 0.008169
v -0.325757 -0.051101 0.008169
v -0.325758 -0.051085 0.008185
v -0.325808 -0.050492 0.008548
v -0.325814 -0.05042 0.00857
v -0.325901 -0.05042 0.00857
v -0.325916 -0.050229 0.008611
v -0.325843 -0.050037 0.008627
v -0.325846 -0.050004 0.008628
v -0.325984 -0.049294 0.008456
v -0.325897 -0.049289 0.008453
v -0.325985 -0.049289 0.008453
v -0.325985 -0.049289 0.008453
v -0.326002 -0.049086 0.008327
v -0.326021 -0.048898 0.008164
v -0.326039 -0.048739 0.007973
v -0.32607 -0.048544 0.007593
v -0.326074 -0.048526 0.007539
v -0.32609 -0.048474 0.00731
v -0.326018 -0.048457 0.007092
v -0.326038 -0.048478 0.006828
v -0.326055 -0.048532 0.006606
v -0.326055 -0.048532 0.006606
v -0.326073 -0.048627 0.006377
v -0.326091 -0.048756 0.006169
v -0.326091 -0.048756 0.006169
v -0.326095 -0.048789 0.006125
v -0.326095 -0.048789 0.006125
v -0.326108 -0.048911 0.005988
v -0.32623 -0.049316 0.005698
v -0.326237 -0.049401 0.005659
v -0.326214 -0.050254 0.005558
v -0.32623 -0.050482 0.005614
v -0.326264 -0.05091 0.005832
v -0.326282 -0.051098 0.005993
v -0.326407 -0.051385 0.006393
v -0.326407 -0.051385 0.006393
v -0.326408 -0.051395 0.006414
v -0.326408 -0.051395 0.006414
v -0.326425 -0.051482 0.006638
v -0.326425 -0.051482 0.006638
v -0.326433 -0.051513 0.006758
v -0.326441 -0.051532 0.006867
v -0.326373 -0.051546 0.007144
v -0.326531 -0.051227 0.008024
v -0.326458 -0.051085 0.008185
v -0.326474 -0.050905 0.008336
v -0.326485 -0.050777 0.008419
v -0.326492 -0.050698 0.008462
v -0.326581 -0.050677 0.008473
v -0.326571 -0.049652 0.008588
v -0.32658 -0.049511 0.008548
v -0.32658 -0.049511 0.008548
v -0.326597 -0.049292 0.008455
v -0.326704 -0.049065 0.008311
v -0.326652 -0.048738 0.007972
v -0.326655 -0.048716 0.00794
v -0.32677 -0.048544 0.007593
v -0.326687 -0.048525 0.007538
v -0.326776 -0.048519 0.007515
v -0.326703 -0.048473 0.007309
v -0.326792 -0.04847 0.007286
v -0.326797 -0.048462 0.007215
v -0.326827 -0.048483 0.0068
v -0.326846 -0.048548 0.00656
v -0.326854 -0.048589 0.006456
v -0.326864 -0.04865 0.006334
v -0.326843 -0.049317 0.005697
v -0.326932 -0.049339 0.005687
v -0.326849 -0.049401 0.005659
v -0.326861 -0.049546 0.005606
v -0.326879 -0.049773 0.005554
v -0.327037 -0.050744 0.005727
v -0.327037 -0.050744 0.005727
v -0.327049 -0.050882 0.005812
v -0.327049 -0.050882 0.005812
v -0.326984 -0.051115 0.006011
v -0.32699 -0.05117 0.006071
v -0.32699 -0.05117 0.006071
v -0.327143 -0.051536 0.006892
v -0.32716 -0.051547 0.007133
v -0.327161 -0.051546 0.007144
v -0.327089 -0.051523 0.007353
v -0.327178 -0.051519 0.007378
v -0.327102 -0.051482 0.007526
v -0.327107 -0.05146 0.007593
v -0.327144 -0.051227 0.008024
v -0.327193 -0.050677 0.008473
v -0.327266 -0.049717 0.008601
v -0.327355 -0.049692 0.008596
v -0.327271 -0.049652 0.008588
v -0.327388 -0.049249 0.008432
v -0.327316 -0.049065 0.008312
v -0.327406 -0.049045 0.008295
v -0.327326 -0.04897 0.008233
v -0.327425 -0.048863 0.008126
v -0.327442 -0.048716 0.00794
v -0.327372 -0.048603 0.00774
v -0.327383 -0.048544 0.007593
v -0.32747 -0.048544 0.007593
v -0.32747 -0.048544 0.007593
v -0.327388 -0.048519 0.007516
v -0.327478 -0.048512 0.007492
v -0.327493 -0.048467 0.007261
v -0.327497 -0.048462 0.007215
v -0.32744 -0.048483 0.0068
v -0.327458 -0.048548 0.00656
v -0.327548 -0.048557 0.006535
v -0.327548 -0.048557 0.006535
v -0.327554 -0.048589 0.006456
v -0.327583 -0.048789 0.006125
v -0.327511 -0.048943 0.005957
v -0.3276 -0.048962 0.00594
v -0.327609 -0.049065 0.005853
v -0.327609 -0.049065 0.005853
v -0.327706 -0.050324 0.005571
v -0.327633 -0.050525 0.005628
v -0.327634 -0.050538 0.005633
v -0.327809 -0.051452 0.007616
v -0.327919 -0.051325 0.007881
v -0.327935 -0.051196 0.008063
v -0.327895 -0.050655 0.008483
v -0.327914 -0.05042 0.00857
v -0.328163 -0.048582 0.007693
v -0.328195 -0.048464 0.007236
v -0.328197 -0.048462 0.007215
v -0.328213 -0.048459 0.006993
v -0.328231 -0.048493 0.006749
v -0.32825 -0.048566 0.006511
v -0.328212 -0.048959 0.005942
v -0.328301 -0.04898 0.005923
v -0.328221 -0.049065 0.005853
v -0.328309 -0.049065 0.005853
v -0.328228 -0.049146 0.005796
v -0.328246 -0.049359 0.005677
v -0.328249 -0.049401 0.005659
v -0.328249 -0.049401 0.005659
v -0.328249 -0.049401 0.005659
v -0.328265 -0.049592 0.005592
v -0.328366 -0.049773 0.005554
v -0.328373 -0.049866 0.005543
v -0.328391 -0.050111 0.005541
v -0.328441 -0.050788 0.005752
v -0.328478 -0.051168 0.006068
v -0.32839 -0.05117 0.006071
v -0.328478 -0.05117 0.006071
v -0.328514 -0.051427 0.006484
v -0.32853 -0.051501 0.006709
v -0.328546 -0.051541 0.006941
v -0.328561 -0.051546 0.007144
v -0.328492 -0.051514 0.0074
v -0.328502 -0.051482 0.007526
v -0.328511 -0.051444 0.007638
v -0.32853 -0.051337 0.007861
v -0.328531 -0.051325 0.007881
v -0.328531 -0.051325 0.007881
v -0.328547 -0.051199 0.00806
v -0.328558 -0.051085 0.008185
v -0.328563 -0.051036 0.00823
v -0.328579 -0.050848 0.008376
v -0.328579 -0.050848 0.008376
v -0.32859 -0.050722 0.00845
v -0.32494 -0.05146 0.006572
v -0.325005 -0.051373 0.006369
v -0.32494 -0.05117 0.006071
v -0.32494 -0.05117 0.006071
v -0.32494 -0.051034 0.005932
v -0.329115 -0.047939 0.007259
v -0.328594 -0.050633 0.008498
v -0.328819 -0.050696 0.008716
v -0.328603 -0.050471 0.008569
v -0.328603 -0.050471 0.008569
v -0.328837 -0.050591 0.008776
v -0.328606 -0.050405 0.008591
v -0.328628 -0.04994 0.008665
v -0.328863 -0.050436 0.008849
v -0.328866 -0.050418 0.008856
v -0.328894 -0.050239 0.008917
v -0.328908 -0.050151 0.00894
v -0.32862 -0.050116 0.008654
v -0.328644 -0.049569 0.008622
v -0.32864 -0.049661 0.008641
v -0.328637 -0.049743 0.008654
v -0.32865 -0.049426 0.008581
v -0.328675 -0.048922 0.008304
v -0.328672 -0.048976 0.008346
v -0.328693 -0.048653 0.008029
v -0.329115 -0.04828 0.008231
v -0.328696 -0.048609 0.00797
v -0.329115 -0.048149 0.008006
v -0.32871 -0.048451 0.00769
v -0.32871 -0.048451 0.00769
v -0.328708 -0.048465 0.00772
v -0.328708 -0.048465 0.00772
v -0.329115 -0.047933 0.007
v -0.32874 -0.048311 0.006958
v -0.328739 -0.04831 0.00699
v -0.328739 -0.04831 0.00699
v -0.328732 -0.048315 0.007142
v -0.329115 -0.048109 0.006244
v -0.328765 -0.048429 0.006383
v -0.328762 -0.048404 0.006452
v -0.328781 -0.048602 0.006055
v -0.329115 -0.048377 0.005799
v -0.328783 -0.048628 0.006017
v -0.328785 -0.048662 0.005971
v -0.329115 -0.049696 0.005035
v -0.328838 -0.049783 0.005302
v -0.32883 -0.049598 0.005343
v -0.328856 -0.05022 0.005284
v -0.328853 -0.05016 0.00528
v -0.329115 -0.050215 0.005023
v -0.328846 -0.04997 0.005281
v -0.32884 -0.049837 0.005294
v -0.328876 -0.050769 0.005419
v -0.328878 -0.050814 0.005438
v -0.328878 -0.050814 0.005438
v -0.328883 -0.050932 0.005496
v -0.328901 -0.051297 0.005752
v -0.328911 -0.051471 0.005931
v -0.328918 -0.05159 0.006087
v -0.32895 -0.051899 0.006901
v -0.328951 -0.051902 0.006928
v -0.328958 -0.051915 0.007123
v -0.328961 -0.051915 0.007201
v -0.328985 -0.051802 0.007808
v -0.328998 -0.051651 0.00813
v -0.328996 -0.051673 0.008091
v -0.328996 -0.051673 0.008091
v -0.328991 -0.051742 0.007954
v -0.329028 -0.051063 0.008758
v -0.329037 -0.050844 0.008889
v -0.329115 -0.050049 0.009152
v -0.329044 -0.049914 0.00908
v -0.329115 -0.049789 0.009142
v -0.328777 -0.050923 0.00855
v -0.328755 -0.051032 0.008448
v -0.324781 -0.048319 0.007348
v -0.324788 -0.048307 0.007166
v -0.324515 -0.049409 0.005204
v -0.324543 -0.049604 0.005181
v -0.324593 -0.049957 0.005191
v -0.324934 -0.050666 0.00568
v -0.324934 -0.050666 0.00568
v -0.324729 -0.050863 0.005552
v -0.324926 -0.050507 0.005608
v -0.324649 -0.050353 0.005281
v -0.324598 -0.049997 0.005196
v -0.324598 -0.049997 0.005196
v -0.324935 -0.050679 0.005687
v -0.324757 -0.051001 0.005672
v -0.324789 -0.051136 0.00582
v -0.324796 -0.051163 0.005856
v -0.324818 -0.051242 0.005968
v -0.32484 -0.05131 0.006085
v -0.324924 -0.051476 0.006568
v -0.324911 -0.051459 0.006486
v -0.324881 -0.051409 0.006312
v -0.324846 -0.048816 0.005951
v -0.324415 -0.04796 0.006741
v -0.324814 -0.048405 0.006588
v -0.324415 -0.048019 0.006488
v -0.324774 -0.04835 0.00753
v -0.324415 -0.04828 0.008231
v -0.324758 -0.048484 0.007907
v -0.324415 -0.04862 0.008624
v -0.324735 -0.048794 0.008349
v -0.324741 -0.048702 0.008245
v -0.324747 -0.048616 0.008132
v -0.324415 -0.049046 0.008919
v -0.324723 -0.049012 0.00854
v -0.324733 -0.048828 0.008383
v -0.324715 -0.049167 0.008643
v -0.324692 -0.049757 0.008859
v -0.324693 -0.049732 0.008854
v -0.324415 -0.049789 0.009142
v -0.3247 -0.049548 0.008809
v -0.324678 -0.050113 0.008887
v -0.324415 -0.050049 0.009152
v -0.324681 -0.050039 0.008887
v -0.324681 -0.050039 0.008887
v -0.324669 -0.050329 0.008869
v -0.324668 -0.050343 0.008867
v -0.324613 -0.051559 0.008122
v -0.324415 -0.051985 0.007677
v -0.324588 -0.05184 0.007551
v -0.324415 -0.052044 0.007424
v -0.324605 -0.051666 0.007958
v -0.32457 -0.051917 0.007091
v -0.324415 -0.052071 0.007165
v -0.324567 -0.051919 0.007018
v -0.324563 -0.051915 0.006897
v -0.324557 -0.051896 0.006722
v -0.325059 -0.048526 0.004621
v -0.325059 -0.047253 0.006258
v -0.325059 -0.047148 0.006777
v -0.325059 -0.047148 0.006777
v -0.325059 -0.047132 0.007042
v -0.328861 -0.050654 0.009973
v -0.328861 -0.047542 0.008735
v -0.328861 -0.04966 0.009995
v -0.324415 -0.047643 0.008718
v -0.324465 -0.047602 0.008746
v -0.324415 -0.047389 0.00827
v -0.324465 -0.048031 0.004928
v -0.324415 -0.048474 0.004653
v -0.324465 -0.048448 0.004611
v -0.324415 -0.052711 0.006134
v -0.324465 -0.052758 0.006117
v -0.324415 -0.052836 0.006633
v -0.326852 -0.050732 0.008944
v -0.326862 -0.050577 0.008998
v -0.326731 -0.050511 0.00878
v -0.326834 -0.051017 0.008806
v -0.326712 -0.050776 0.008677
v -0.326712 -0.050776 0.008677
v -0.326695 -0.051017 0.008536
v -0.326695 -0.051017 0.008536
v -0.326662 -0.051408 0.008162
v -0.326645 -0.05156 0.007928
v -0.32673 -0.051992 0.007278
v -0.32673 -0.051992 0.007278
v -0.326607 -0.051747 0.007392
v -0.326712 -0.051998 0.006963
v -0.32672 -0.052002 0.007115
v -0.326589 -0.051774 0.007111
v -0.326589 -0.051774 0.007111
v -0.326589 -0.051774 0.007111
v -0.326572 -0.051757 0.006835
v -0.326572 -0.051757 0.006835
v -0.326556 -0.0517 0.006572
v -0.326556 -0.0517 0.006572
v -0.32654 -0.0516 0.006316
v -0.32654 -0.0516 0.006316
v -0.32654 -0.0516 0.006316
v -0.326522 -0.051459 0.006073
v -0.326558 -0.050217 0.005094
v -0.326558 -0.050217 0.005094
v -0.326565 -0.050356 0.005114
v -0.326434 -0.050316 0.005338
v -0.326434 -0.050316 0.005338
v -0.326417 -0.050039 0.00531
v -0.326485 -0.048992 0.005356
v -0.326492 -0.049114 0.00529
v -0.326361 -0.049215 0.005494
v -0.326361 -0.049215 0.005494
v -0.326399 -0.04807 0.006566
v -0.326275 -0.048324 0.006511
v -0.326256 -0.048254 0.006787
v -0.32633 -0.048132 0.007791
v -0.326206 -0.048308 0.007606
v -0.326206 -0.048308 0.007606
v -0.326206 -0.048308 0.007606
v -0.326313 -0.048265 0.008074
v -0.326189 -0.04841 0.007862
v -0.326189 -0.04841 0.007862
v -0.326189 -0.04841 0.007862
v -0.326171 -0.048554 0.008104
v -0.326276 -0.048665 0.00857
v -0.326276 -0.048665 0.00857
v -0.326152 -0.048736 0.008323
v -0.326152 -0.048736 0.008323
v -0.326265 -0.048816 0.008693
v -0.326133 -0.048951 0.00851
v -0.326133 -0.048951 0.00851
v -0.326115 -0.049189 0.008658
v -0.326115 -0.049189 0.008658
v -0.326029 -0.05054 0.008771
v -0.326135 -0.051006 0.008812
v -0.326135 -0.051006 0.008812
v -0.32601 -0.050802 0.008664
v -0.326124 -0.051173 0.008704
v -0.325993 -0.05104 0.008519
v -0.325993 -0.05104 0.008519
v -0.326103 -0.051481 0.008429
v -0.325977 -0.051246 0.008345
v -0.325961 -0.051425 0.008139
v -0.32603 -0.051991 0.00729
v -0.325906 -0.051752 0.007363
v -0.325887 -0.051775 0.007082
v -0.325855 -0.051691 0.006545
v -0.325838 -0.051588 0.00629
v -0.325841 -0.049915 0.005084
v -0.325846 -0.050011 0.005082
v -0.325715 -0.05001 0.00531
v -0.325715 -0.05001 0.00531
v -0.325822 -0.049597 0.005124
v -0.325697 -0.049727 0.005331
v -0.325697 -0.049727 0.005331
v -0.325697 -0.049727 0.005331
v -0.325678 -0.04945 0.005398
v -0.325678 -0.04945 0.005398
v -0.325753 -0.048527 0.005732
v -0.325741 -0.048387 0.005903
v -0.32561 -0.04857 0.006037
v -0.32561 -0.04857 0.006037
v -0.325718 -0.048182 0.006253
v -0.325723 -0.048221 0.006173
v -0.325592 -0.048423 0.006276
v -0.325699 -0.048073 0.006554
v -0.325699 -0.048073 0.006554
v -0.325573 -0.048315 0.006539
v -0.325686 -0.048025 0.006783
v -0.325555 -0.048249 0.006817
v -0.325555 -0.048249 0.006817
v -0.325647 -0.048044 0.007488
v -0.325647 -0.048044 0.007488
v -0.325651 -0.048029 0.007409
v -0.32552 -0.048253 0.007372
v -0.325635 -0.048101 0.007704
v -0.325504 -0.048317 0.007633
v -0.325504 -0.048317 0.007633
v -0.325595 -0.048437 0.008327
v -0.325469 -0.048571 0.008129
v -0.325581 -0.048598 0.008506
v -0.32545 -0.048757 0.008345
v -0.32545 -0.048757 0.008345
v -0.325541 -0.049182 0.008907
v -0.325529 -0.049399 0.008989
v -0.325397 -0.049468 0.008773
v -0.325364 -0.050009 0.008855
v -0.325436 -0.050995 0.008818
v -0.325308 -0.050829 0.008651
v -0.325291 -0.051063 0.008502
v -0.325259 -0.051442 0.008116
v -0.325204 -0.051757 0.007333
v -0.325186 -0.051774 0.007052
v -0.325136 -0.051574 0.006264
v -0.325118 -0.051424 0.006024
v -0.325227 -0.051353 0.005608
v -0.32523 -0.051394 0.005647
v -0.325099 -0.051236 0.00581
v -0.325191 -0.050828 0.005261
v -0.325175 -0.050542 0.005157
v -0.325178 -0.05059 0.005171
v -0.325178 -0.05059 0.005171
v -0.325047 -0.050523 0.005388
v -0.325047 -0.050523 0.005388
v -0.325047 -0.050523 0.005388
v -0.325069 -0.048757 0.005517
v -0.325072 -0.048792 0.00549
v -0.32494 -0.048929 0.005671
v -0.324925 -0.048728 0.00585
v -0.324908 -0.048553 0.006061
v -0.325 -0.048077 0.006542
v -0.325003 -0.048088 0.006502
v -0.324871 -0.048306 0.006568
v -0.324964 -0.048004 0.007171
v -0.324835 -0.04823 0.007127
v -0.324818 -0.048258 0.0074
v -0.324818 -0.048258 0.0074
v -0.324818 -0.048258 0.0074
v -0.324932 -0.048123 0.007768
v -0.324932 -0.048123 0.007768
v -0.324933 -0.048111 0.007734
v -0.324802 -0.048326 0.00766
v -0.324802 -0.048326 0.00766
v -0.324802 -0.048326 0.00766
v -0.324785 -0.048437 0.007914
v -0.324785 -0.048437 0.007914
v -0.324767 -0.048589 0.008153
v -0.32467 -0.051806 0.007947
v -0.328732 -0.051643 0.007752
v -0.328768 -0.051353 0.00823
v -0.328783 -0.051164 0.008421
v -0.328783 -0.051164 0.008421
v -0.328949 -0.050784 0.008923
v -0.328968 -0.050479 0.009025
v -0.32895 -0.050768 0.00893
v -0.328969 -0.050463 0.009029
v -0.324598 -0.051967 0.006709
v -0.324792 -0.05007 0.009081
v -0.324773 -0.050388 0.009045
v -0.324811 -0.049729 0.009064
v -0.324811 -0.049729 0.009064
v -0.324826 -0.049456 0.009006
v -0.326817 -0.049164 0.008644
v -0.326835 -0.048927 0.008492
v -0.326873 -0.048537 0.00808
v -0.326873 -0.048537 0.00808
v -0.326907 -0.0483 0.007579
v -0.326891 -0.048397 0.007836
v -0.326923 -0.048245 0.007316
v -0.326958 -0.048259 0.006758
v -0.326977 -0.048334 0.006483
v -0.327013 -0.048605 0.005991
v -0.327013 -0.048605 0.005991
v -0.326996 -0.048451 0.006224
v -0.326996 -0.048451 0.006224
v -0.327046 -0.048999 0.005621
v -0.327063 -0.049241 0.005481
v -0.327063 -0.049241 0.005481
v -0.327152 -0.050603 0.005415
v -0.327186 -0.051089 0.005682
v -0.327186 -0.051089 0.005682
v -0.327168 -0.050853 0.005528
v -0.327168 -0.050853 0.005528
v -0.327168 -0.050853 0.005528
v -0.327224 -0.051476 0.006097
v -0.327291 -0.051774 0.00714
v -0.327274 -0.051761 0.006863
v -0.32738 -0.051206 0.008384
v -0.32747 -0.049921 0.008853
v -0.327487 -0.049646 0.008819
v -0.327519 -0.049138 0.00863
v -0.327575 -0.04852 0.008055
v -0.327575 -0.04852 0.008055
v -0.327556 -0.048695 0.00828
v -0.327556 -0.048695 0.00828
v -0.327609 -0.048293 0.007552
v -0.327609 -0.048293 0.007552
v -0.327592 -0.048385 0.007809
v -0.327592 -0.048385 0.007809
v -0.327592 -0.048385 0.007809
v -0.327592 -0.048385 0.007809
v -0.327625 -0.048241 0.007287
v -0.327625 -0.048241 0.007287
v -0.327642 -0.048231 0.00701
v -0.32766 -0.048265 0.006729
v -0.32766 -0.048265 0.006729
v -0.327679 -0.048344 0.006455
v -0.327679 -0.048344 0.006455
v -0.327715 -0.048623 0.005968
v -0.327698 -0.048466 0.006198
v -0.327747 -0.049023 0.005604
v -0.327747 -0.049023 0.005604
v -0.327747 -0.049023 0.005604
v -0.327731 -0.048809 0.005772
v -0.327731 -0.048809 0.005772
v -0.327731 -0.048809 0.005772
v -0.327731 -0.048809 0.005772
v -0.327821 -0.050098 0.005312
v -0.327853 -0.05063 0.005425
v -0.327837 -0.050372 0.005349
v -0.327888 -0.051112 0.0057
v -0.32787 -0.050879 0.005542
v -0.328011 -0.051736 0.007451
v -0.32803 -0.051654 0.007724
v -0.32803 -0.051654 0.007724
v -0.328049 -0.051531 0.007979
v -0.328049 -0.051531 0.007979
v -0.328098 -0.050969 0.008568
v -0.328098 -0.050969 0.008568
v -0.328135 -0.050454 0.008797
v -0.328135 -0.050454 0.008797
v -0.328116 -0.050722 0.008702
v -0.328171 -0.049891 0.008852
v -0.328188 -0.049618 0.008813
v -0.328188 -0.049618 0.008813
v -0.328188 -0.049618 0.008813
v -0.328204 -0.049361 0.008735
v -0.328239 -0.04888 0.008455
v -0.328276 -0.048504 0.00803
v -0.328276 -0.048504 0.00803
v -0.328258 -0.048675 0.008258
v -0.328294 -0.048373 0.007783
v -0.328294 -0.048373 0.007783
v -0.328326 -0.048238 0.007259
v -0.328326 -0.048238 0.007259
v -0.328326 -0.048238 0.007259
v -0.328344 -0.048232 0.00698
v -0.328362 -0.048271 0.006699
v -0.328362 -0.048271 0.006699
v -0.328381 -0.048355 0.006427
v -0.328399 -0.048481 0.006173
v -0.328433 -0.048829 0.005753
v -0.328433 -0.048829 0.005753
v -0.328449 -0.049048 0.005589
v -0.328467 -0.049295 0.005457
v -0.328467 -0.049295 0.005457
v -0.328486 -0.049565 0.005365
v -0.328504 -0.049846 0.005317
v -0.328504 -0.049846 0.005317
v -0.328504 -0.049846 0.005317
v -0.328522 -0.050127 0.005314
v -0.328522 -0.050127 0.005314
v -0.328555 -0.050656 0.005435
v -0.328555 -0.050656 0.005435
v -0.328539 -0.050399 0.005355
v -0.328539 -0.050399 0.005355
v -0.328572 -0.050904 0.005557
v -0.32859 -0.051135 0.005719
v -0.328609 -0.051339 0.005918
v -0.328609 -0.051339 0.005918
v -0.328645 -0.051636 0.006396
v -0.328677 -0.051767 0.006921
v -0.327004 -0.048349 0.008208
v -0.327012 -0.048271 0.008085
v -0.327012 -0.048271 0.008085
v -0.327117 -0.048172 0.006276
v -0.327145 -0.048426 0.005851
v -0.327135 -0.048322 0.005997
v -0.327135 -0.048322 0.005997
v -0.327127 -0.048252 0.006114
v -0.327184 -0.048982 0.005362
v -0.327194 -0.049144 0.005276
v -0.327317 -0.051228 0.005502
v -0.327306 -0.05107 0.005391
v -0.327355 -0.051665 0.005971
v -0.327362 -0.05173 0.006075
v -0.327501 -0.051497 0.008411
v -0.327511 -0.05136 0.008551
v -0.327693 -0.048461 0.008357
v -0.327711 -0.048278 0.008096
v -0.327711 -0.048278 0.008096
v -0.327729 -0.048141 0.007814
v -0.327724 -0.048178 0.007902
v -0.327724 -0.048178 0.007902
v -0.327761 -0.048007 0.00722
v -0.327756 -0.048015 0.007313
v -0.327779 -0.04801 0.006906
v -0.327851 -0.048503 0.005759
v -0.327879 -0.048898 0.005415
v -0.327867 -0.048719 0.005548
v -0.327867 -0.048719 0.005548
v -0.327862 -0.048655 0.005604
v -0.327984 -0.05071 0.005212
v -0.327973 -0.050496 0.005144
v -0.327989 -0.050783 0.005241
v -0.328019 -0.051254 0.005523
v -0.328006 -0.051059 0.005385
v -0.328001 -0.050991 0.005344
v -0.328147 -0.051942 0.007568
v -0.328165 -0.05184 0.007871
v -0.328229 -0.051092 0.008759
v -0.328229 -0.051092 0.008759
v -0.328216 -0.051289 0.008613
v -0.328233 -0.051038 0.008793
v -0.328266 -0.050512 0.009016
v -0.328251 -0.050756 0.008935
v -0.328251 -0.050756 0.008935
v -0.328306 -0.049818 0.009074
v -0.328306 -0.049818 0.009074
v -0.328323 -0.049514 0.009022
v -0.32832 -0.049569 0.009035
v -0.32837 -0.048737 0.008631
v -0.328374 -0.048694 0.008595
v -0.328392 -0.048469 0.008367
v -0.328411 -0.048284 0.008106
v -0.328425 -0.048165 0.007872
v -0.328444 -0.048054 0.007535
v -0.328458 -0.048012 0.007281
v -0.328496 -0.04806 0.006604
v -0.328533 -0.048309 0.006018
v -0.328531 -0.048285 0.006056
v -0.328566 -0.04871 0.005556
v -0.328564 -0.048679 0.005583
v -0.328583 -0.04896 0.005375
v -0.328617 -0.049509 0.005144
v -0.328601 -0.049242 0.005232
v -0.328598 -0.049205 0.005248
v -0.328619 -0.049547 0.005135
v -0.328638 -0.049864 0.005087
v -0.328636 -0.049826 0.00509
v -0.328656 -0.05018 0.00509
v -0.328672 -0.050484 0.005141
v -0.328723 -0.051305 0.005566
v -0.328863 -0.051854 0.007838
v -0.328846 -0.051945 0.007555
v -0.3289 -0.051513 0.008392
v -0.329038 -0.050768 0.00893
v -0.324511 -0.049623 0.005119
v -0.32453 -0.049954 0.005083
v -0.32453 -0.049954 0.005083
v -0.324563 -0.050554 0.00516
v -0.324547 -0.050254 0.005098
v -0.324564 -0.050568 0.005164
v -0.324652 -0.051754 0.006119
v -0.324703 -0.052001 0.007025
v -0.324719 -0.051988 0.007316
v -0.324775 -0.051657 0.008205
v -0.324775 -0.051657 0.008205
v -0.324776 -0.051641 0.008229
v -0.324807 -0.051242 0.008651
v -0.324793 -0.051445 0.008468
v -0.324791 -0.051465 0.008447
v -0.324809 -0.051218 0.00867
v -0.324879 -0.05007 0.009081
v -0.324863 -0.050354 0.009051
v -0.324881 -0.050035 0.009082
v -0.324897 -0.049756 0.009067
v -0.324946 -0.048897 0.008749
v -0.324931 -0.049137 0.008885
v -0.324949 -0.048864 0.008727
v -0.324984 -0.048429 0.008317
v -0.324965 -0.048646 0.008553
v -0.325157 -0.048757 0.005517
v -0.325192 -0.049302 0.005209
v -0.325192 -0.049302 0.005209
v -0.325177 -0.049061 0.005318
v -0.325229 -0.049927 0.005084
v -0.325333 -0.051571 0.005843
v -0.325318 -0.051399 0.005651
v -0.325314 -0.051353 0.005608
v -0.325337 -0.05161 0.005894
v -0.325352 -0.051748 0.006108
v -0.325541 -0.050708 0.008954
v -0.325527 -0.05093 0.008854
v -0.325523 -0.050995 0.008818
v -0.325546 -0.050636 0.008979
v -0.325579 -0.050083 0.009081
v -0.325565 -0.050323 0.009056
v -0.32556 -0.0504 0.009042
v -0.32556 -0.0504 0.009042
v -0.325583 -0.050004 0.009082
v -0.325739 -0.048028 0.007405
v -0.325734 -0.048044 0.007488
v -0.325755 -0.048002 0.007095
v -0.325787 -0.048073 0.006554
v -0.325774 -0.048025 0.006778
v -0.325768 -0.048014 0.006868
v -0.325824 -0.048336 0.005976
v -0.325811 -0.048223 0.006169
v -0.325916 -0.049696 0.005106
v -0.32591 -0.049597 0.005124
v -0.32602 -0.051421 0.005673
v -0.326014 -0.051344 0.005599
v -0.326074 -0.051909 0.006479
v -0.326084 -0.051959 0.006671
v -0.326084 -0.051959 0.006671
v -0.326106 -0.052002 0.007085
v -0.326118 -0.051991 0.00729
v -0.326143 -0.0519 0.007714
v -0.326155 -0.051824 0.007906
v -0.326206 -0.051261 0.008636
v -0.326196 -0.051404 0.008509
v -0.326196 -0.051404 0.008509
v -0.32619 -0.051481 0.008429
v -0.32619 -0.051481 0.008429
v -0.326241 -0.05072 0.008949
v -0.326241 -0.05072 0.008949
v -0.326223 -0.051006 0.008812
v -0.326248 -0.050606 0.008989
v -0.326312 -0.049479 0.009013
v -0.326352 -0.048814 0.008692
v -0.326363 -0.048665 0.00857
v -0.32645 -0.048005 0.007196
v -0.326457 -0.048002 0.007065
v -0.326486 -0.04807 0.006566
v -0.326475 -0.04803 0.006748
v -0.326468 -0.048012 0.006881
v -0.326523 -0.048329 0.005986
v -0.326513 -0.048237 0.006142
v -0.326627 -0.049902 0.005085
v -0.326636 -0.050045 0.005083
v -0.326669 -0.050651 0.005191
v -0.326695 -0.051081 0.005398
v -0.326685 -0.050934 0.005313
v -0.326677 -0.050805 0.005251
v -0.326677 -0.050805 0.005251
v -0.326767 -0.05187 0.006368
v -0.326791 -0.051983 0.006804
v -0.326783 -0.051957 0.00666
v -0.326817 -0.051992 0.007278
v -0.326826 -0.051971 0.007432
v -0.326922 -0.051017 0.008806
v -0.326931 -0.050875 0.008882
v -0.326959 -0.050425 0.009037
v -0.326968 -0.050262 0.009065
v -0.327027 -0.049205 0.008917
v -0.327091 -0.048349 0.008208
v -0.327073 -0.048551 0.008459
v -0.327081 -0.048453 0.008347
v -0.327081 -0.048453 0.008347
v -0.327167 -0.048011 0.006893
v -0.327177 -0.048036 0.006717
v -0.327204 -0.048172 0.006276
v -0.327222 -0.048322 0.005997
v -0.327248 -0.048631 0.005626
v -0.327255 -0.048729 0.00554
v -0.327282 -0.049143 0.005277
v -0.32729 -0.049266 0.005223
v -0.327377 -0.050794 0.005246
v -0.327387 -0.050961 0.005327
v -0.327412 -0.051325 0.005582
v -0.327424 -0.051464 0.005718
v -0.327431 -0.051547 0.005813
v -0.327442 -0.051663 0.005969
v -0.327449 -0.05173 0.006075
v -0.32746 -0.051819 0.006246
v -0.327467 -0.051866 0.006357
v -0.327483 -0.051954 0.006648
v -0.327499 -0.051998 0.006951
v -0.32751 -0.052001 0.007145
v -0.327547 -0.051879 0.007773
v -0.327554 -0.051835 0.007883
v -0.327554 -0.051835 0.007883
v -0.327565 -0.051745 0.008063
v -0.327658 -0.050438 0.009034
v -0.327658 -0.050438 0.009034
v -0.32767 -0.050232 0.009069
v -0.32767 -0.050232 0.009069
v -0.327676 -0.050121 0.009079
v -0.327711 -0.049503 0.009019
v -0.327721 -0.049312 0.00896
v -0.327762 -0.048684 0.008587
v -0.327832 -0.048051 0.007523
v -0.327921 -0.048316 0.006007
v -0.327934 -0.048444 0.005829
v -0.327954 -0.048719 0.005548
v -0.327966 -0.048894 0.005417
v -0.327966 -0.048894 0.005417
v -0.327971 -0.048971 0.005369
v -0.328007 -0.04956 0.005132
v -0.32813 -0.051539 0.005803
v -0.328216 -0.051995 0.007253
v -0.32823 -0.051959 0.007493
v -0.328234 -0.051942 0.007568
v -0.328234 -0.051942 0.007568
v -0.328249 -0.051868 0.007801
v -0.328253 -0.05184 0.007871
v -0.328304 -0.051289 0.008613
v -0.328317 -0.051097 0.008756
v -0.32832 -0.051038 0.008793
v -0.328334 -0.05082 0.008908
v -0.328426 -0.049227 0.008926
v -0.328439 -0.049004 0.008815
v -0.328439 -0.049004 0.008815
v -0.328443 -0.04895 0.008783
v -0.328443 -0.04895 0.008783
v -0.328458 -0.048742 0.008635
v -0.32848 -0.048469 0.008367
v -0.328548 -0.048008 0.007233
v -0.328565 -0.048009 0.006919
v -0.328581 -0.048048 0.006657
v -0.328635 -0.048463 0.005806
v -0.328638 -0.048495 0.005768
v -0.328723 -0.049818 0.005091
v -0.328775 -0.050771 0.005236
v -0.32879 -0.051013 0.005357
v -0.328811 -0.051305 0.005566
v -0.328827 -0.051505 0.005763
v -0.328829 -0.051531 0.005793
v -0.328846 -0.051697 0.006021
v -0.328848 -0.051717 0.006053
v -0.328863 -0.051843 0.0063
v -0.328896 -0.051993 0.006892
v -0.328897 -0.051996 0.006926
v -0.328913 -0.051998 0.007206
v -0.328913 -0.051998 0.007206
v -0.328915 -0.051996 0.00724
v -0.32895 -0.051857 0.00783
v -0.328952 -0.051845 0.00786
v -0.328952 -0.051845 0.00786
v -0.328969 -0.051714 0.008116
v -0.328969 -0.051714 0.008116
v -0.32897 -0.051698 0.008142
v -0.32897 -0.051698 0.008142
v -0.329018 -0.051072 0.008772
v -0.32902 -0.051049 0.008786
v -0.329036 -0.050792 0.00892
v -0.328521 -0.049897 0.008852
v -0.328571 -0.049117 0.008618
v -0.328571 -0.049117 0.008618
v -0.328644 -0.048376 0.007788
v -0.328749 -0.048477 0.006178
v -0.328766 -0.048638 0.005951
v -0.328766 -0.048638 0.005951
v -0.328693 -0.048232 0.006986
v -0.328712 -0.04827 0.006705
v -0.328676 -0.048239 0.007264
v -0.328626 -0.048507 0.008035
v -0.328589 -0.048885 0.008459
v -0.328589 -0.048885 0.008459
v -0.328607 -0.048679 0.008262
v -0.328554 -0.049366 0.008737
v -0.328538 -0.049624 0.008814
v -0.328484 -0.050459 0.008795
v -0.324802 -0.051676 0.006498
v -0.324785 -0.051564 0.006245
v -0.324785 -0.051564 0.006245
v -0.324766 -0.051411 0.006007
v -0.324748 -0.051221 0.005795
v -0.324834 -0.051774 0.007031
v -0.32489 -0.051597 0.007856
v -0.324908 -0.051455 0.008098
v -0.324908 -0.051455 0.008098
v -0.324908 -0.051455 0.008098
v -0.324924 -0.051281 0.00831
v -0.324924 -0.051281 0.00831
v -0.32494 -0.05108 0.00849
v -0.32494 -0.05108 0.00849
v -0.324994 -0.050314 0.008827
v -0.324994 -0.050314 0.008827
v -0.325013 -0.050031 0.008855
v -0.325013 -0.050031 0.008855
v -0.325062 -0.049235 0.008681
v -0.32508 -0.048993 0.00854
v -0.32508 -0.048993 0.00854
v -0.325099 -0.048774 0.00836
v -0.325117 -0.048585 0.008147
v -0.325185 -0.04823 0.00712
v -0.325222 -0.048308 0.006561
v -0.32524 -0.048413 0.006297
v -0.325275 -0.048732 0.005846
v -0.325291 -0.048934 0.005667
v -0.325291 -0.048934 0.005667
v -0.325308 -0.049168 0.005518
v -0.325308 -0.049168 0.005518
v -0.325326 -0.049428 0.005405
v -0.325345 -0.049704 0.005335
v -0.325363 -0.049986 0.00531
v -0.325397 -0.050528 0.00539
v -0.325449 -0.05124 0.005814
v -0.325449 -0.05124 0.005814
v -0.325468 -0.051428 0.006029
v -0.325468 -0.051428 0.006029
v -0.325519 -0.051749 0.006784
v -0.325626 -0.051263 0.008329
v -0.325626 -0.051263 0.008329
v -0.325659 -0.050824 0.008653
v -0.325659 -0.050824 0.008653
v -0.325677 -0.050564 0.008764
v -0.325677 -0.050564 0.008764
v -0.325677 -0.050564 0.008764
v -0.325696 -0.050287 0.008832
v -0.325714 -0.050004 0.008855
v -0.325714 -0.050004 0.008855
v -0.325764 -0.049211 0.008669
v -0.325782 -0.048971 0.008525
v -0.32587 -0.048253 0.007368
v -0.325887 -0.048229 0.007094
v -0.325887 -0.048229 0.007094
v -0.325905 -0.04825 0.006813
v -0.325905 -0.04825 0.006813
v -0.325924 -0.048316 0.006535
v -0.325924 -0.048316 0.006535
v -0.325942 -0.048425 0.006273
v -0.325942 -0.048425 0.006273
v -0.32596 -0.048573 0.006034
v -0.32596 -0.048573 0.006034
v -0.325976 -0.04875 0.005827
v -0.326047 -0.049731 0.005331
v -0.326098 -0.050553 0.005398
v -0.326151 -0.05126 0.005833
v -0.326151 -0.05126 0.005833
v -0.326205 -0.051692 0.006548
v -0.326205 -0.051692 0.006548
v -0.326221 -0.051754 0.00681
v -0.326238 -0.051775 0.007085
v -0.326238 -0.051775 0.007085
v -0.326256 -0.051752 0.007366
v -0.326274 -0.051684 0.007643
v -0.326311 -0.051424 0.008141
v -0.326327 -0.051245 0.008347
v -0.326327 -0.051245 0.008347
v -0.326327 -0.051245 0.008347
v -0.326343 -0.051038 0.008521
v -0.326343 -0.051038 0.008521
v -0.32636 -0.0508 0.008665
v -0.32636 -0.0508 0.008665
v -0.32636 -0.0508 0.008665
v -0.326379 -0.050538 0.008772
v -0.326379 -0.050538 0.008772
v -0.326433 -0.0497 0.008829
v -0.326449 -0.049439 0.008763
v -0.326449 -0.049439 0.008763
v -0.326466 -0.049187 0.008657
v -0.326483 -0.048949 0.008509
v -0.326521 -0.048553 0.008103
v -0.326571 -0.048249 0.007342
v -0.326588 -0.048229 0.007067
v -0.326607 -0.048254 0.006786
v -0.326607 -0.048254 0.006786
v -0.326625 -0.048325 0.006509
v -0.326644 -0.048438 0.006249
v -0.326711 -0.049216 0.005494
v -0.326749 -0.049758 0.005327
v -0.326767 -0.05004 0.00531
v -0.3268 -0.050577 0.005406
v -0.326816 -0.050828 0.005514
v -0.326816 -0.050828 0.005514
v -0.326834 -0.051066 0.005664
v -0.326853 -0.051279 0.005853
v -0.326853 -0.051279 0.005853
v -0.326872 -0.051459 0.006073
v -0.32689 -0.051601 0.006317
v -0.326906 -0.0517 0.006573
v -0.326922 -0.051757 0.006836
v -0.326957 -0.051747 0.007393
v -0.326957 -0.051747 0.007393
v -0.326976 -0.051675 0.007668
v -0.326976 -0.051675 0.007668
v -0.327012 -0.051408 0.008162
v -0.327029 -0.051226 0.008365
v -0.327062 -0.050776 0.008677
v -0.327062 -0.050776 0.008677
v -0.327081 -0.050511 0.00878
v -0.327099 -0.050233 0.00884
v -0.327135 -0.049675 0.008825
v -0.327151 -0.049415 0.008755
v -0.327167 -0.049164 0.008644
v -0.327204 -0.048716 0.008302
v -0.327204 -0.048716 0.008302
v -0.327223 -0.048537 0.00808
v -0.327241 -0.048398 0.007836
v -0.327257 -0.048301 0.00758
v -0.327257 -0.048301 0.00758
v -0.327308 -0.048259 0.006759
v -0.327327 -0.048334 0.006484
v -0.327327 -0.048334 0.006484
v -0.327346 -0.048451 0.006225
v -0.327346 -0.048451 0.006225
v -0.327363 -0.048605 0.005992
v -0.327379 -0.048787 0.005792
v -0.327379 -0.048787 0.005792
v -0.327395 -0.048998 0.005621
v -0.327413 -0.04924 0.005482
v -0.327501 -0.050602 0.005414
v -0.327518 -0.050852 0.005527
v -0.327536 -0.051087 0.005681
v -0.327555 -0.051298 0.005873
v -0.327555 -0.051298 0.005873
v -0.327573 -0.051475 0.006096
v -0.327591 -0.051612 0.006341
v -0.327608 -0.051707 0.006598
v -0.327624 -0.051761 0.006861
v -0.327641 -0.051774 0.007138
v -0.327678 -0.051666 0.007694
v -0.327678 -0.051666 0.007694
v -0.327697 -0.051547 0.007952
v -0.327697 -0.051547 0.007952
v -0.327764 -0.050752 0.008689
v -0.327782 -0.050485 0.008788
v -0.327782 -0.050485 0.008788
v -0.327782 -0.050485 0.008788
v -0.327801 -0.050206 0.008843
v -0.327801 -0.050206 0.008843
v -0.327801 -0.050206 0.008843
v -0.327801 -0.050206 0.008843
v -0.327852 -0.04939 0.008746
v -0.327887 -0.048906 0.008476
v -0.327906 -0.048697 0.008282
v -0.327959 -0.048293 0.007555
v -0.327974 -0.048242 0.00729
v -0.328065 -0.048621 0.005971
v -0.328097 -0.04902 0.005606
v -0.328097 -0.04902 0.005606
v -0.328097 -0.04902 0.005606
v -0.328097 -0.04902 0.005606
v -0.328115 -0.049265 0.00547
v -0.328115 -0.049265 0.00547
v -0.328115 -0.049265 0.00547
v -0.328133 -0.049532 0.005373
v -0.328133 -0.049532 0.005373
v -0.328133 -0.049532 0.005373
v -0.328152 -0.049812 0.00532
v -0.328257 -0.051316 0.005893
v -0.328257 -0.051316 0.005893
v -0.328275 -0.05149 0.006118
v -0.328275 -0.05149 0.006118
v -0.328343 -0.051773 0.007165
v -0.328361 -0.051737 0.007446
v -0.328361 -0.051737 0.007446
v -0.32838 -0.051656 0.00772
v -0.32838 -0.051656 0.00772
v -0.32838 -0.051656 0.00772
v -0.32838 -0.051656 0.00772
v -0.328398 -0.051533 0.007975
v -0.328398 -0.051533 0.007975
v -0.328398 -0.051533 0.007975
v -0.328398 -0.051533 0.007975
v -0.328416 -0.051375 0.008204
v -0.328431 -0.051189 0.008399
v -0.328448 -0.050973 0.008566
v -0.328448 -0.050973 0.008566
v -0.328466 -0.050727 0.0087
v -0.328466 -0.050727 0.0087
v -0.32784 -0.052619 0.008405
v -0.327331 -0.05274 0.008215
v -0.327331 -0.052723 0.008175
v -0.328352 -0.052192 0.009079
v -0.328352 -0.052189 0.009035
v -0.32784 -0.052356 0.008883
v -0.328352 -0.051377 0.009708
v -0.328352 -0.0509 0.009907
v -0.328352 -0.049912 0.010014
v -0.328352 -0.04988 0.010043
v -0.328352 -0.049428 0.00999
v -0.32784 -0.049681 0.010029
v -0.328352 -0.047694 0.008941
v -0.328352 -0.047406 0.008512
v -0.327331 -0.047416 0.008465
v -0.328352 -0.047197 0.008039
v -0.32784 -0.04729 0.008278
v -0.32784 -0.04729 0.008278
v -0.327331 -0.047403 0.008507
v -0.328352 -0.052826 0.006184
v -0.32784 -0.052738 0.005944
v -0.322198 -0.020622 0.075344
v -0.322198 -0.020476 0.075107
v -0.322198 -0.018422 0.073831
v -0.322198 -0.018691 0.073881
v -0.322198 -0.018691 0.073881
v -0.322198 -0.018147 0.073804
v -0.322198 -0.016094 0.074488
v -0.322198 -0.015161 0.077742
v -0.323248 -0.016248 0.079223
v -0.323511 -0.016142 0.079143
v -0.322795 -0.016907 0.079583
v -0.323248 -0.016696 0.079491
v -0.322795 -0.019868 0.079139
v -0.323248 -0.019684 0.079275
v -0.322795 -0.019872 0.079095
v -0.322795 -0.016946 0.079565
v -0.322795 -0.016946 0.079565
v -0.323511 -0.016661 0.079404
v -0.322795 -0.016986 0.079547
v -0.323511 -0.016186 0.079137
v -0.322795 -0.015414 0.078238
v -0.323511 -0.015258 0.077915
v -0.323511 -0.015299 0.077932
v -0.32209 -0.015192 0.077632
v -0.32209 -0.015089 0.077131
v -0.322795 -0.015039 0.076812
v -0.322144 -0.015059 0.077139
v -0.323511 -0.015395 0.075455
v -0.322795 -0.015252 0.07578
v -0.323511 -0.015353 0.075468
v -0.32209 -0.015873 0.07478
v -0.322144 -0.015891 0.074716
v -0.32209 -0.016256 0.074441
v -0.322144 -0.016234 0.074418
v -0.32209 -0.018178 0.073869
v -0.322144 -0.018747 0.073927
v -0.32209 -0.018684 0.073944
v -0.322144 -0.018687 0.073912
v -0.324763 -0.015648 0.074945
v -0.325274 -0.015086 0.076116
v -0.324763 -0.015038 0.07637
v -0.325274 -0.018238 0.079782
v -0.321956 -0.019548 0.076808
v -0.321983 -0.019496 0.077192
v -0.321906 -0.019455 0.077324
v -0.321995 -0.019448 0.077342
v -0.321925 -0.019352 0.07755
v -0.321925 -0.019352 0.07755
v -0.321961 -0.019046 0.077935
v -0.321978 -0.018858 0.078083
v -0.321981 -0.018821 0.078107
v -0.321993 -0.018654 0.078197
v -0.322082 -0.018637 0.078205
v -0.322095 -0.018469 0.078269
v -0.3221 -0.018409 0.078287
v -0.322029 -0.018186 0.07833
v -0.322118 -0.018167 0.078333
v -0.322036 -0.018088 0.078339
v -0.322048 -0.017937 0.07834
v -0.322048 -0.017937 0.07834
v -0.322066 -0.017701 0.078312
v -0.322223 -0.016855 0.077831
v -0.322148 -0.016745 0.077695
v -0.322152 -0.016715 0.077651
v -0.322171 -0.016595 0.077434
v -0.322177 -0.016561 0.077354
v -0.322265 -0.016561 0.077354
v -0.322189 -0.016511 0.077202
v -0.322278 -0.016506 0.077183
v -0.322257 -0.016554 0.076257
v -0.32226 -0.01657 0.076216
v -0.322294 -0.016799 0.075827
v -0.322312 -0.016967 0.075649
v -0.322329 -0.017156 0.075503
v -0.322329 -0.017156 0.075503
v -0.322417 -0.017172 0.075493
v -0.322344 -0.017355 0.075393
v -0.322344 -0.017355 0.075393
v -0.322431 -0.017355 0.075393
v -0.322344 -0.017362 0.07539
v -0.322469 -0.017851 0.075258
v -0.322469 -0.017851 0.075258
v -0.322399 -0.018079 0.075253
v -0.322488 -0.0181 0.075254
v -0.322488 -0.0181 0.075254
v -0.322401 -0.018111 0.075254
v -0.322524 -0.018576 0.075361
v -0.322539 -0.018788 0.075465
v -0.322467 -0.018967 0.075588
v -0.322556 -0.018982 0.075601
v -0.322484 -0.019137 0.075747
v -0.322484 -0.019145 0.075755
v -0.322592 -0.019308 0.075968
v -0.3226 -0.019362 0.076062
v -0.322611 -0.019423 0.076188
v -0.322629 -0.019502 0.076421
v -0.322542 -0.019502 0.076423
v -0.322557 -0.01954 0.076638
v -0.322568 -0.019548 0.076808
v -0.322656 -0.019548 0.076808
v -0.322573 -0.019546 0.076873
v -0.322573 -0.019546 0.076873
v -0.32259 -0.019515 0.07711
v -0.322663 -0.019029 0.077951
v -0.322679 -0.018839 0.078095
v -0.322768 -0.018822 0.078106
v -0.322768 -0.018821 0.078107
v -0.322785 -0.017437 0.078234
v -0.322793 -0.017334 0.078189
v -0.32289 -0.017207 0.078121
v -0.322818 -0.017029 0.077996
v -0.322907 -0.017013 0.077983
v -0.32282 -0.017008 0.077979
v -0.322848 -0.016745 0.077695
v -0.322854 -0.016702 0.077631
v -0.322854 -0.016702 0.077631
v -0.322873 -0.016585 0.077412
v -0.322877 -0.016561 0.077354
v -0.322891 -0.016505 0.077179
v -0.322923 -0.01646 0.076708
v -0.322932 -0.016471 0.076591
v -0.323103 -0.017001 0.075619
v -0.323119 -0.017193 0.07548
v -0.323131 -0.017355 0.075393
v -0.323046 -0.017383 0.07538
v -0.323063 -0.017611 0.075301
v -0.323171 -0.017877 0.075256
v -0.323171 -0.017877 0.075256
v -0.323188 -0.018111 0.075254
v -0.323188 -0.018111 0.075254
v -0.323244 -0.01884 0.075497
v -0.323258 -0.019002 0.075617
v -0.323275 -0.019175 0.07579
v -0.323294 -0.019321 0.075991
v -0.323213 -0.019362 0.076062
v -0.323224 -0.019424 0.076191
v -0.323348 -0.019544 0.076683
v -0.323268 -0.019548 0.076808
v -0.323274 -0.019545 0.076895
v -0.323274 -0.019545 0.076895
v -0.32338 -0.019505 0.077156
v -0.323296 -0.019496 0.077192
v -0.323354 -0.019121 0.077862
v -0.323364 -0.019012 0.077966
v -0.323381 -0.018821 0.078107
v -0.323468 -0.018821 0.078107
v -0.32347 -0.018802 0.078119
v -0.323486 -0.018591 0.078225
v -0.323465 -0.017701 0.078312
v -0.32347 -0.017646 0.0783
v -0.32347 -0.017646 0.0783
v -0.323493 -0.017334 0.078189
v -0.323519 -0.017011 0.077982
v -0.323607 -0.017008 0.077979
v -0.32352 -0.017008 0.077979
v -0.323556 -0.016689 0.077611
v -0.323679 -0.016683 0.075991
v -0.323768 -0.016696 0.07597
v -0.323689 -0.016759 0.075878
v -0.323777 -0.016759 0.075878
v -0.323777 -0.016759 0.075878
v -0.323698 -0.016829 0.07579
v -0.323787 -0.016845 0.075772
v -0.323787 -0.016845 0.075772
v -0.323804 -0.01702 0.075603
v -0.323804 -0.01702 0.075603
v -0.323732 -0.017194 0.075479
v -0.323747 -0.017404 0.075371
v -0.323837 -0.017426 0.075362
v -0.323765 -0.017634 0.075295
v -0.323854 -0.017658 0.075289
v -0.323854 -0.017658 0.075289
v -0.323772 -0.017724 0.075276
v -0.323859 -0.017724 0.075276
v -0.323859 -0.017724 0.075276
v -0.323873 -0.017903 0.075254
v -0.323854 -0.018809 0.075478
v -0.323856 -0.01884 0.075497
v -0.323884 -0.019137 0.075747
v -0.323888 -0.019176 0.07579
v -0.323888 -0.019176 0.07579
v -0.323925 -0.019434 0.076213
v -0.324015 -0.019443 0.076236
v -0.323942 -0.019502 0.076423
v -0.324029 -0.019502 0.076423
v -0.324029 -0.019502 0.076423
v -0.323976 -0.019543 0.076918
v -0.323993 -0.019505 0.077156
v -0.323996 -0.019496 0.077192
v -0.324112 -0.019351 0.077551
v -0.324112 -0.019351 0.077551
v -0.32403 -0.019315 0.077611
v -0.324119 -0.019301 0.077633
v -0.324048 -0.019168 0.07781
v -0.324136 -0.018088 0.078339
v -0.324153 -0.017866 0.078335
v -0.324243 -0.01784 0.078333
v -0.324165 -0.017701 0.078312
v -0.324253 -0.017701 0.078312
v -0.324171 -0.017623 0.078294
v -0.324171 -0.017623 0.078294
v -0.324189 -0.017394 0.078217
v -0.324293 -0.017165 0.078095
v -0.324307 -0.017008 0.077979
v -0.324307 -0.017008 0.077979
v -0.324221 -0.016994 0.077967
v -0.324239 -0.016821 0.077792
v -0.324239 -0.016821 0.077792
v -0.324248 -0.016745 0.077695
v -0.324277 -0.016561 0.077354
v -0.324294 -0.016495 0.077134
v -0.324311 -0.01646 0.076897
v -0.324416 -0.016465 0.076637
v -0.324419 -0.016471 0.076591
v -0.32436 -0.01657 0.076216
v -0.324362 -0.016581 0.076191
v -0.324452 -0.016591 0.076166
v -0.32447 -0.016711 0.075948
v -0.32447 -0.016711 0.075948
v -0.324389 -0.016759 0.075878
v -0.324399 -0.016845 0.075773
v -0.324505 -0.017026 0.075598
v -0.324417 -0.017026 0.075598
v -0.324433 -0.017213 0.075468
v -0.324472 -0.017724 0.075276
v -0.324575 -0.017929 0.075252
v -0.324588 -0.018111 0.075254
v -0.324588 -0.018111 0.075254
v -0.324504 -0.018151 0.075258
v -0.324594 -0.018178 0.075261
v -0.324612 -0.018419 0.075308
v -0.324643 -0.01884 0.075497
v -0.324644 -0.01885 0.075504
v -0.324644 -0.01885 0.075504
v -0.324661 -0.01904 0.075651
v -0.324584 -0.019137 0.075747
v -0.32459 -0.019191 0.075809
v -0.324717 -0.019452 0.076261
v -0.324645 -0.019513 0.07647
v -0.324677 -0.019541 0.076941
v -0.324713 -0.01942 0.077412
v -0.324802 -0.019408 0.077438
v -0.32484 -0.019134 0.077849
v -0.324784 -0.018782 0.07813
v -0.3248 -0.018569 0.078234
v -0.3248 -0.018569 0.078234
v -0.324807 -0.018469 0.078269
v -0.32489 -0.017373 0.078207
v -0.324893 -0.017334 0.078189
v -0.324893 -0.017334 0.078189
v -0.324906 -0.017167 0.078096
v -0.324995 -0.017144 0.078081
v -0.325007 -0.017008 0.077979
v -0.324948 -0.016745 0.077695
v -0.324948 -0.016745 0.077695
v -0.324959 -0.016665 0.07757
v -0.325005 -0.016468 0.076978
v -0.325012 -0.016459 0.076875
v -0.325118 -0.016468 0.076612
v -0.325119 -0.016471 0.076591
v -0.325045 -0.016508 0.076402
v -0.32506 -0.01657 0.076216
v -0.325101 -0.01686 0.075755
v -0.32524 -0.017473 0.075344
v -0.325259 -0.017724 0.075276
v -0.325277 -0.017955 0.075251
v -0.325277 -0.017955 0.075251
v -0.325277 -0.017955 0.075251
v -0.325288 -0.018111 0.075254
v -0.325295 -0.018204 0.075264
v -0.325314 -0.018444 0.075315
v -0.325314 -0.018444 0.075315
v -0.325257 -0.018847 0.075502
v -0.325273 -0.019037 0.075648
v -0.325363 -0.019059 0.075668
v -0.325371 -0.019137 0.075747
v -0.325347 -0.019518 0.076492
v -0.325453 -0.019547 0.076757
v -0.325368 -0.019548 0.076808
v -0.325456 -0.019548 0.076808
v -0.325415 -0.01941 0.077434
v -0.325425 -0.019351 0.077551
v -0.325433 -0.019289 0.077651
v -0.325452 -0.019137 0.077846
v -0.325454 -0.019121 0.077862
v -0.325512 -0.018821 0.078107
v -0.325512 -0.01865 0.078199
v -0.325502 -0.018548 0.078242
v -0.325512 -0.018469 0.078269
v -0.325512 -0.018409 0.078287
v -0.321862 -0.019502 0.076423
v -0.321862 -0.019259 0.075897
v -0.325944 -0.018847 0.078583
v -0.325815 -0.019435 0.075627
v -0.325808 -0.0193 0.07549
v -0.325808 -0.0193 0.07549
v -0.326037 -0.019522 0.07539
v -0.325743 -0.017752 0.075037
v -0.326037 -0.01763 0.074759
v -0.326037 -0.017888 0.074729
v -0.32565 -0.01633 0.076601
v -0.326037 -0.01595 0.076521
v -0.326037 -0.01595 0.076521
v -0.325742 -0.018325 0.078541
v -0.32576 -0.01821 0.078577
v -0.325533 -0.017961 0.078362
v -0.32583 -0.017745 0.078641
v -0.325542 -0.017772 0.078355
v -0.325563 -0.017331 0.078244
v -0.325559 -0.017408 0.078273
v -0.325912 -0.017151 0.078545
v -0.325926 -0.017047 0.078506
v -0.325926 -0.017047 0.078506
v -0.325967 -0.016756 0.07836
v -0.325967 -0.016756 0.07836
v -0.32559 -0.016803 0.077889
v -0.326037 -0.016671 0.078381
v -0.325583 -0.016911 0.077988
v -0.325615 -0.01648 0.077427
v -0.325618 -0.01645 0.07736
v -0.326037 -0.015993 0.077296
v -0.325623 -0.016412 0.07726
v -0.325632 -0.016357 0.077052
v -0.32563 -0.01637 0.077111
v -0.326037 -0.015932 0.07678
v -0.325639 -0.016332 0.076873
v -0.325646 -0.016326 0.076693
v -0.326037 -0.016001 0.076266
v -0.326037 -0.016083 0.076019
v -0.326037 -0.016083 0.076019
v -0.32567 -0.016434 0.076131
v -0.325661 -0.016371 0.076339
v -0.325661 -0.016371 0.076339
v -0.325661 -0.016371 0.076339
v -0.325655 -0.016343 0.076488
v -0.325655 -0.016343 0.076488
v -0.326037 -0.016337 0.075566
v -0.325678 -0.016508 0.075961
v -0.325673 -0.016454 0.07608
v -0.325673 -0.016454 0.07608
v -0.325696 -0.016731 0.075625
v -0.325696 -0.016731 0.075625
v -0.326037 -0.016504 0.075367
v -0.325696 -0.016742 0.075612
v -0.325703 -0.016858 0.07549
v -0.326037 -0.016695 0.075191
v -0.326037 -0.016695 0.075191
v -0.325705 -0.016893 0.075458
v -0.326037 -0.016906 0.07504
v -0.325719 -0.017192 0.075242
v -0.325712 -0.017036 0.075342
v -0.325726 -0.017359 0.075158
v -0.325726 -0.017359 0.075158
v -0.326037 -0.018148 0.074731
v -0.326037 -0.018657 0.074832
v -0.325768 -0.018362 0.075031
v -0.325763 -0.01823 0.075014
v -0.325785 -0.018779 0.075152
v -0.325785 -0.018779 0.075152
v -0.326037 -0.018898 0.074929
v -0.326037 -0.018898 0.074929
v -0.325785 -0.018782 0.075153
v -0.325785 -0.018782 0.075153
v -0.325799 -0.019112 0.075338
v -0.326037 -0.019334 0.075211
v -0.325801 -0.019152 0.075367
v -0.325806 -0.019255 0.075449
v -0.326037 -0.019686 0.075592
v -0.326037 -0.019933 0.076048
v -0.325829 -0.019635 0.075901
v -0.325825 -0.019588 0.075826
v -0.325852 -0.019856 0.076453
v -0.325848 -0.01983 0.076349
v -0.325841 -0.019769 0.076169
v -0.325858 -0.019884 0.076609
v -0.326037 -0.020073 0.076812
v -0.325871 -0.019896 0.076995
v -0.326037 -0.020054 0.077071
v -0.326037 -0.020004 0.077326
v -0.325881 -0.019861 0.077251
v -0.325888 -0.019812 0.077441
v -0.325888 -0.019812 0.077441
v -0.325884 -0.019844 0.077327
v -0.325884 -0.019844 0.077327
v -0.326037 -0.01931 0.078401
v -0.32593 -0.019194 0.078356
v -0.325919 -0.019415 0.078143
v -0.326037 -0.019099 0.078552
v -0.32594 -0.018948 0.078527
v -0.32594 -0.018948 0.078527
v -0.325937 -0.019019 0.078484
v -0.325937 -0.019019 0.078484
v -0.32593 -0.019178 0.078369
v -0.325959 -0.018432 0.078742
v -0.325967 -0.018235 0.078782
v -0.326037 -0.01688 0.078536
v -0.325967 -0.016918 0.078476
v -0.325699 -0.018582 0.078428
v -0.325627 -0.018981 0.078138
v -0.325623 -0.019002 0.078116
v -0.321445 -0.019763 0.075929
v -0.321337 -0.019824 0.075812
v -0.321458 -0.019877 0.076261
v -0.321463 -0.019901 0.076372
v -0.32177 -0.019507 0.076152
v -0.32177 -0.019507 0.076152
v -0.321783 -0.017414 0.075282
v -0.321801 -0.017791 0.075203
v -0.321801 -0.017791 0.075203
v -0.321801 -0.017791 0.075203
v -0.321438 -0.017831 0.074834
v -0.321802 -0.017819 0.075201
v -0.321802 -0.017819 0.075201
v -0.321809 -0.01797 0.075198
v -0.321814 -0.018076 0.075204
v -0.321814 -0.018076 0.075204
v -0.321493 -0.018218 0.074893
v -0.321817 -0.018154 0.075213
v -0.321817 -0.018154 0.075213
v -0.321817 -0.018154 0.075213
v -0.321826 -0.01833 0.075248
v -0.321856 -0.018955 0.075572
v -0.321856 -0.018955 0.075572
v -0.321652 -0.019175 0.075489
v -0.321635 -0.019097 0.075402
v -0.321633 -0.019089 0.075393
v -0.321633 -0.019089 0.075393
v -0.321633 -0.019089 0.075393
v -0.321625 -0.019051 0.075355
v -0.321625 -0.019051 0.075355
v -0.321598 -0.018899 0.075224
v -0.321545 -0.018564 0.07502
v -0.321521 -0.018407 0.074953
v -0.321674 -0.019265 0.075609
v -0.321679 -0.019283 0.075636
v -0.321679 -0.019283 0.075636
v -0.321711 -0.019383 0.07581
v -0.321718 -0.019402 0.07585
v -0.32174 -0.019454 0.075977
v -0.321833 -0.019554 0.07653
v -0.321803 -0.019543 0.076349
v -0.321803 -0.019543 0.076349
v -0.321779 -0.017322 0.075317
v -0.321776 -0.017249 0.075349
v -0.321745 -0.016668 0.075804
v -0.321747 -0.016706 0.07576
v -0.321753 -0.016792 0.075668
v -0.321759 -0.016893 0.075576
v -0.321671 -0.016406 0.077479
v -0.321672 -0.016396 0.077451
v -0.32168 -0.016342 0.077271
v -0.321688 -0.016308 0.077088
v -0.321692 -0.016298 0.07699
v -0.321692 -0.016298 0.07699
v -0.321695 -0.016293 0.076902
v -0.321337 -0.016671 0.078381
v -0.321337 -0.01688 0.078536
v -0.321337 -0.01688 0.078536
v -0.321631 -0.016992 0.078257
v -0.321631 -0.016992 0.078257
v -0.321614 -0.017377 0.078477
v -0.321624 -0.017133 0.078353
v -0.321598 -0.017759 0.078589
v -0.3216 -0.017719 0.078581
v -0.321337 -0.017599 0.078827
v -0.321608 -0.017533 0.078533
v -0.321591 -0.017934 0.078611
v -0.321591 -0.017948 0.078612
v -0.321583 -0.018138 0.078615
v -0.321579 -0.018227 0.07861
v -0.321565 -0.01858 0.078545
v -0.321565 -0.01858 0.078545
v -0.321337 -0.01887 0.078676
v -0.321558 -0.01876 0.078483
v -0.321558 -0.01876 0.078483
v -0.321337 -0.019099 0.078552
v -0.321549 -0.018983 0.078374
v -0.321551 -0.018934 0.078401
v -0.321557 -0.018789 0.078471
v -0.321337 -0.019501 0.078225
v -0.321547 -0.019039 0.078341
v -0.321518 -0.019592 0.077817
v -0.321518 -0.019592 0.077817
v -0.321518 -0.019592 0.077817
v -0.321337 -0.019668 0.078025
v -0.321337 -0.019668 0.078025
v -0.321513 -0.01966 0.077712
v -0.32151 -0.019695 0.077653
v -0.321337 -0.019922 0.077573
v -0.321337 -0.019922 0.077573
v -0.321525 -0.019483 0.077959
v -0.321525 -0.019483 0.077959
v -0.321525 -0.019483 0.077959
v -0.321525 -0.019473 0.07797
v -0.321525 -0.019473 0.07797
v -0.321503 -0.019781 0.077477
v -0.321492 -0.01987 0.07722
v -0.321337 -0.020004 0.077326
v -0.32149 -0.019887 0.077149
v -0.321337 -0.020054 0.077071
v -0.321485 -0.01991 0.07703
v -0.321485 -0.01991 0.07703
v -0.321479 -0.01993 0.076855
v -0.321479 -0.01993 0.076855
v -0.321337 -0.020073 0.076812
v -0.321337 -0.020073 0.076812
v -0.321479 -0.019931 0.076835
v -0.321479 -0.019931 0.076835
v -0.32147 -0.019927 0.076567
v -0.321476 -0.019933 0.076763
v -0.321476 -0.019933 0.076763
v -0.321337 -0.019933 0.076048
v -0.321435 -0.019632 0.075684
v -0.321337 -0.019686 0.075592
v -0.32143 -0.019565 0.075585
v -0.321407 -0.019109 0.07513
v -0.321414 -0.019265 0.075254
v -0.321982 -0.020513 0.075404
v -0.321982 -0.018665 0.074004
v -0.321982 -0.018665 0.074004
v -0.321982 -0.018405 0.073954
v -0.321982 -0.018141 0.073929
v -0.321982 -0.015977 0.074762
v -0.321982 -0.015279 0.077703
v -0.325783 -0.018011 0.07976
v -0.325783 -0.015243 0.077876
v -0.321337 -0.020507 0.078198
v -0.321337 -0.015165 0.076364
v -0.321387 -0.015116 0.076356
v -0.321337 -0.015288 0.075864
v -0.321387 -0.017022 0.074046
v -0.321337 -0.017537 0.073964
v -0.321387 -0.017529 0.073915
v -0.321387 -0.017529 0.073915
v -0.321337 -0.01805 0.073926
v -0.321387 -0.018051 0.073876
v -0.321387 -0.019541 0.074314
v -0.321337 -0.019926 0.074666
v -0.321387 -0.01996 0.074629
v -0.321387 -0.020902 0.076452
v -0.321337 -0.020867 0.076972
v -0.321387 -0.020917 0.076975
v -0.321337 -0.020622 0.077967
v -0.321387 -0.020668 0.077988
v -0.323846 -0.017084 0.078572
v -0.323723 -0.017066 0.078301
v -0.323839 -0.017215 0.078634
v -0.323707 -0.017304 0.078425
v -0.323617 -0.018677 0.078435
v -0.323601 -0.018919 0.078313
v -0.323601 -0.018919 0.078313
v -0.323512 -0.019726 0.077209
v -0.323618 -0.020002 0.076808
v -0.323626 -0.019996 0.076953
v -0.323495 -0.01977 0.076935
v -0.323495 -0.01977 0.076935
v -0.323479 -0.01977 0.076667
v -0.323462 -0.019729 0.076395
v -0.323407 -0.019348 0.075642
v -0.323497 -0.018926 0.075022
v -0.323503 -0.019046 0.07509
v -0.323372 -0.018927 0.075284
v -0.323372 -0.018927 0.075284
v -0.323444 -0.01802 0.074796
v -0.323321 -0.018144 0.075029
v -0.323321 -0.018144 0.075029
v -0.323302 -0.017859 0.075029
v -0.323302 -0.017859 0.075029
v -0.323302 -0.017859 0.075029
v -0.323302 -0.017859 0.075029
v -0.323407 -0.017392 0.074892
v -0.323407 -0.017392 0.074892
v -0.323415 -0.017524 0.074854
v -0.323284 -0.017579 0.075075
v -0.323284 -0.017579 0.075075
v -0.323397 -0.017226 0.074953
v -0.323266 -0.017314 0.075162
v -0.323375 -0.016846 0.075164
v -0.323381 -0.016955 0.075092
v -0.32325 -0.017074 0.075286
v -0.32325 -0.017074 0.075286
v -0.323234 -0.016854 0.075446
v -0.323216 -0.016655 0.075644
v -0.323268 -0.016003 0.076778
v -0.323275 -0.016007 0.076655
v -0.323144 -0.016234 0.076671
v -0.323253 -0.016023 0.077081
v -0.323253 -0.016023 0.077081
v -0.323259 -0.016009 0.076958
v -0.323128 -0.016236 0.07694
v -0.323128 -0.016236 0.07694
v -0.323235 -0.016092 0.077386
v -0.323111 -0.016279 0.077211
v -0.323111 -0.016279 0.077211
v -0.323093 -0.016367 0.077479
v -0.323147 -0.017073 0.078567
v -0.323021 -0.01709 0.078316
v -0.323021 -0.01709 0.078316
v -0.32313 -0.017355 0.078688
v -0.323137 -0.017245 0.078647
v -0.323006 -0.017331 0.078436
v -0.323006 -0.017331 0.078436
v -0.323076 -0.018298 0.078774
v -0.323082 -0.018181 0.078788
v -0.322951 -0.018161 0.078562
v -0.323057 -0.018607 0.078702
v -0.323047 -0.018794 0.078633
v -0.322915 -0.018704 0.078424
v -0.322899 -0.018943 0.078299
v -0.322793 -0.019772 0.076907
v -0.322777 -0.019768 0.076638
v -0.322886 -0.019915 0.076211
v -0.322873 -0.019841 0.07601
v -0.322742 -0.019632 0.076099
v -0.322742 -0.019632 0.076099
v -0.322723 -0.0195 0.075847
v -0.322813 -0.019194 0.07519
v -0.322818 -0.019271 0.07525
v -0.322687 -0.019127 0.075425
v -0.322687 -0.019127 0.075425
v -0.322797 -0.018937 0.075028
v -0.322802 -0.019019 0.075073
v -0.322671 -0.018903 0.075269
v -0.322671 -0.018903 0.075269
v -0.322655 -0.018661 0.07515
v -0.322619 -0.018114 0.075027
v -0.322726 -0.017713 0.074817
v -0.3226 -0.017829 0.075032
v -0.3226 -0.017829 0.075032
v -0.3226 -0.017829 0.075032
v -0.3226 -0.017829 0.075032
v -0.322708 -0.017404 0.074888
v -0.322713 -0.017492 0.074862
v -0.322582 -0.01755 0.075082
v -0.322582 -0.01755 0.075082
v -0.322582 -0.01755 0.075082
v -0.322691 -0.017116 0.075003
v -0.322691 -0.017116 0.075003
v -0.322696 -0.017196 0.074966
v -0.322564 -0.017288 0.075174
v -0.322675 -0.016856 0.075157
v -0.32268 -0.016928 0.075109
v -0.322549 -0.01705 0.075301
v -0.322549 -0.01705 0.075301
v -0.322659 -0.016617 0.075354
v -0.322663 -0.016681 0.075294
v -0.322532 -0.016832 0.075465
v -0.322532 -0.016832 0.075465
v -0.32264 -0.016406 0.075591
v -0.322514 -0.016636 0.075666
v -0.322514 -0.016636 0.075666
v -0.322496 -0.016473 0.075899
v -0.322585 -0.016031 0.076461
v -0.322569 -0.016003 0.076766
v -0.322573 -0.016005 0.076687
v -0.322442 -0.016232 0.076699
v -0.322553 -0.016021 0.077069
v -0.322558 -0.016012 0.07699
v -0.322426 -0.016238 0.076968
v -0.322426 -0.016238 0.076968
v -0.322409 -0.016286 0.07724
v -0.322518 -0.016204 0.077671
v -0.322391 -0.016378 0.077507
v -0.322391 -0.016378 0.077507
v -0.322372 -0.016513 0.077758
v -0.322481 -0.016571 0.078192
v -0.322485 -0.016518 0.078136
v -0.322354 -0.016686 0.077983
v -0.322354 -0.016686 0.077983
v -0.322336 -0.01689 0.078176
v -0.322431 -0.017343 0.078684
v -0.322431 -0.017343 0.078684
v -0.322435 -0.017275 0.078659
v -0.322304 -0.017358 0.078447
v -0.322413 -0.017648 0.078764
v -0.322418 -0.017576 0.07875
v -0.322418 -0.017576 0.07875
v -0.322286 -0.017624 0.078528
v -0.322286 -0.017624 0.078528
v -0.322376 -0.018286 0.078776
v -0.32238 -0.018215 0.078785
v -0.322249 -0.018191 0.078559
v -0.322358 -0.018595 0.078706
v -0.322231 -0.018469 0.078506
v -0.322345 -0.018823 0.07862
v -0.322214 -0.01873 0.078412
v -0.322214 -0.01873 0.078412
v -0.322272 -0.019768 0.077736
v -0.322276 -0.019736 0.077793
v -0.322145 -0.019539 0.07768
v -0.322254 -0.019895 0.077443
v -0.322257 -0.019874 0.077502
v -0.322126 -0.019661 0.077422
v -0.322236 -0.019973 0.077137
v -0.322108 -0.019739 0.077151
v -0.322222 -0.02 0.076889
v -0.322091 -0.019773 0.076879
v -0.322091 -0.019773 0.076879
v -0.322204 -0.019984 0.076529
v -0.322076 -0.019765 0.07661
v -0.322076 -0.019765 0.07661
v -0.322186 -0.019919 0.076224
v -0.322186 -0.019919 0.076224
v -0.32219 -0.019935 0.076279
v -0.322058 -0.019715 0.076338
v -0.322058 -0.019715 0.076338
v -0.322171 -0.019828 0.075979
v -0.32204 -0.01962 0.076072
v -0.322149 -0.019641 0.07565
v -0.322021 -0.019483 0.075822
v -0.322131 -0.019439 0.075404
v -0.322003 -0.019309 0.075598
v -0.322116 -0.019245 0.075229
v -0.321985 -0.019104 0.075407
v -0.322082 -0.018668 0.07491
v -0.322064 -0.018363 0.074829
v -0.322067 -0.018413 0.074838
v -0.321935 -0.018366 0.075061
v -0.322048 -0.018095 0.074798
v -0.321917 -0.018084 0.075025
v -0.321917 -0.018084 0.075025
v -0.321917 -0.018084 0.075025
v -0.321917 -0.018084 0.075025
v -0.321898 -0.017799 0.075035
v -0.321898 -0.017799 0.075035
v -0.321898 -0.017799 0.075035
v -0.322009 -0.017416 0.074884
v -0.322009 -0.017416 0.074884
v -0.32188 -0.017522 0.07509
v -0.32188 -0.017522 0.07509
v -0.321994 -0.017167 0.074979
v -0.321863 -0.017262 0.075185
v -0.321863 -0.017262 0.075185
v -0.321863 -0.017262 0.075185
v -0.321863 -0.017262 0.075185
v -0.321847 -0.017026 0.075316
v -0.321959 -0.016626 0.075345
v -0.32183 -0.01681 0.075484
v -0.32183 -0.01681 0.075484
v -0.321941 -0.016414 0.075581
v -0.321944 -0.01644 0.075547
v -0.321812 -0.016618 0.075689
v -0.321812 -0.016618 0.075689
v -0.321812 -0.016618 0.075689
v -0.321923 -0.01624 0.07585
v -0.321925 -0.01626 0.075814
v -0.321794 -0.016458 0.075925
v -0.321725 -0.016241 0.076996
v -0.321725 -0.016241 0.076996
v -0.321707 -0.016294 0.077268
v -0.321689 -0.016391 0.077534
v -0.321689 -0.016391 0.077534
v -0.321593 -0.019575 0.078031
v -0.321574 -0.019753 0.077763
v -0.321574 -0.019753 0.077763
v -0.321415 -0.019219 0.075209
v -0.325722 -0.018596 0.078466
v -0.325706 -0.018846 0.078355
v -0.325872 -0.018366 0.078763
v -0.325909 -0.017726 0.078777
v -0.325891 -0.01803 0.078796
v -0.325944 -0.017127 0.078594
v -0.325944 -0.017127 0.078594
v -0.325959 -0.016865 0.078441
v -0.325944 -0.017116 0.078589
v -0.321488 -0.019926 0.076247
v -0.321505 -0.019988 0.076554
v -0.321537 -0.019968 0.077165
v -0.321537 -0.019971 0.077149
v -0.321537 -0.019971 0.077149
v -0.321521 -0.020001 0.076857
v -0.321627 -0.019117 0.078457
v -0.321643 -0.018853 0.078606
v -0.321678 -0.018248 0.078781
v -0.321696 -0.017953 0.078795
v -0.321716 -0.017609 0.078757
v -0.32374 -0.016845 0.078138
v -0.32383 -0.016234 0.076911
v -0.323845 -0.016236 0.076642
v -0.3239 -0.016504 0.075848
v -0.3239 -0.016504 0.075848
v -0.323936 -0.016876 0.075427
v -0.323918 -0.016675 0.075621
v -0.323918 -0.016675 0.075621
v -0.323968 -0.017341 0.075151
v -0.323968 -0.017341 0.075151
v -0.323952 -0.017098 0.075272
v -0.323986 -0.017608 0.075068
v -0.323986 -0.017608 0.075068
v -0.324074 -0.018951 0.075299
v -0.324058 -0.018714 0.075172
v -0.324146 -0.019655 0.076154
v -0.324146 -0.019655 0.076154
v -0.324164 -0.019735 0.076423
v -0.324213 -0.019719 0.077237
v -0.324251 -0.019492 0.077756
v -0.324251 -0.019492 0.077756
v -0.324251 -0.019492 0.077756
v -0.324232 -0.019627 0.077505
v -0.324232 -0.019627 0.077505
v -0.324287 -0.019118 0.078174
v -0.324392 -0.017539 0.078507
v -0.324374 -0.017816 0.078559
v -0.324409 -0.017278 0.078414
v -0.324425 -0.017042 0.078286
v -0.324425 -0.017042 0.078286
v -0.324441 -0.016823 0.078119
v -0.324441 -0.016823 0.078119
v -0.32446 -0.016628 0.077916
v -0.324547 -0.016239 0.076614
v -0.324564 -0.016289 0.076341
v -0.324583 -0.016384 0.076074
v -0.324583 -0.016384 0.076074
v -0.324583 -0.016384 0.076074
v -0.324602 -0.016521 0.075823
v -0.324637 -0.016898 0.075409
v -0.32462 -0.016695 0.075599
v -0.324706 -0.017919 0.075025
v -0.324725 -0.018204 0.075035
v -0.324725 -0.018204 0.075035
v -0.324743 -0.01848 0.075089
v -0.324743 -0.01848 0.075089
v -0.324776 -0.018975 0.075314
v -0.324776 -0.018975 0.075314
v -0.324811 -0.019386 0.075688
v -0.324811 -0.019386 0.075688
v -0.324811 -0.019386 0.075688
v -0.324829 -0.019546 0.075924
v -0.324829 -0.019546 0.075924
v -0.324848 -0.019665 0.076182
v -0.324866 -0.019741 0.076452
v -0.324882 -0.019774 0.076723
v -0.324915 -0.019712 0.077266
v -0.324898 -0.019764 0.076993
v -0.324934 -0.019615 0.077532
v -0.324953 -0.019476 0.077781
v -0.324971 -0.0193 0.078003
v -0.325094 -0.01751 0.078499
v -0.325111 -0.017252 0.078402
v -0.325126 -0.017018 0.07827
v -0.32518 -0.016452 0.077655
v -0.325233 -0.016231 0.076855
v -0.325249 -0.016242 0.076585
v -0.325249 -0.016242 0.076585
v -0.325303 -0.016537 0.075798
v -0.325355 -0.017146 0.075244
v -0.325371 -0.017395 0.075131
v -0.325371 -0.017395 0.075131
v -0.325389 -0.017666 0.075056
v -0.325389 -0.017666 0.075056
v -0.325408 -0.017948 0.075024
v -0.325408 -0.017948 0.075024
v -0.325427 -0.018233 0.075038
v -0.325427 -0.018233 0.075038
v -0.325445 -0.018509 0.075097
v -0.325462 -0.018765 0.075196
v -0.325494 -0.019214 0.075502
v -0.325584 -0.019775 0.076751
v -0.323968 -0.016002 0.07679
v -0.32409 -0.017094 0.075014
v -0.324196 -0.018916 0.075017
v -0.324351 -0.019907 0.077407
v -0.324382 -0.019684 0.077879
v -0.32437 -0.019785 0.077702
v -0.324418 -0.019261 0.07835
v -0.324407 -0.019411 0.078216
v -0.324529 -0.017379 0.078696
v -0.324578 -0.016597 0.078219
v -0.324701 -0.016096 0.076191
v -0.324874 -0.018542 0.07487
v -0.324861 -0.018313 0.07482
v -0.324942 -0.019563 0.075546
v -0.324942 -0.019563 0.075546
v -0.324928 -0.019403 0.075368
v -0.324946 -0.019612 0.075608
v -0.324946 -0.019612 0.075608
v -0.325001 -0.019977 0.07648
v -0.325017 -0.020002 0.076784
v -0.325029 -0.01999 0.077018
v -0.325228 -0.01739 0.0787
v -0.325315 -0.016227 0.077717
v -0.325312 -0.016253 0.077765
v -0.325367 -0.016003 0.076814
v -0.325435 -0.016349 0.07567
v -0.325419 -0.016211 0.075907
v -0.325503 -0.017317 0.074917
v -0.325488 -0.017073 0.075025
v -0.325595 -0.018894 0.075006
v -0.325593 -0.018863 0.074991
v -0.325822 -0.019194 0.078403
v -0.325837 -0.018954 0.078555
v -0.325838 -0.018938 0.078564
v -0.325854 -0.018672 0.07868
v -0.32596 -0.018349 0.078766
v -0.32147 -0.018679 0.074914
v -0.321487 -0.018972 0.075046
v -0.321503 -0.019227 0.075215
v -0.321502 -0.019214 0.075204
v -0.321575 -0.019922 0.076236
v -0.321608 -0.020002 0.076844
v -0.321643 -0.019882 0.077479
v -0.321642 -0.019891 0.077455
v -0.321764 -0.018273 0.078778
v -0.321748 -0.018552 0.078719
v -0.321802 -0.017635 0.078762
v -0.321802 -0.017635 0.078762
v -0.321785 -0.017918 0.078794
v -0.321785 -0.017918 0.078794
v -0.321783 -0.017953 0.078795
v -0.321804 -0.0176 0.078755
v -0.321836 -0.017052 0.078556
v -0.321821 -0.017298 0.078668
v -0.321851 -0.016796 0.078391
v -0.321871 -0.016535 0.078154
v -0.32189 -0.016337 0.077903
v -0.321887 -0.01636 0.077937
v -0.321887 -0.01636 0.077937
v -0.321924 -0.016084 0.077362
v -0.321976 -0.016041 0.076404
v -0.321991 -0.016112 0.076143
v -0.321991 -0.016112 0.076143
v -0.322049 -0.016662 0.075311
v -0.322063 -0.016866 0.07515
v -0.322114 -0.017725 0.074815
v -0.322099 -0.017467 0.074869
v -0.322291 -0.019984 0.076529
v -0.322278 -0.019936 0.076285
v -0.322341 -0.019895 0.077443
v -0.322413 -0.019144 0.078438
v -0.322464 -0.018286 0.078776
v -0.322464 -0.018286 0.078776
v -0.32245 -0.018523 0.078727
v -0.322482 -0.017966 0.078796
v -0.322535 -0.017062 0.078561
v -0.322605 -0.016204 0.077671
v -0.322591 -0.01632 0.077877
v -0.322587 -0.016367 0.077947
v -0.322641 -0.016021 0.077069
v -0.322641 -0.016021 0.077069
v -0.322628 -0.016065 0.077292
v -0.322624 -0.016088 0.077374
v -0.322645 -0.016011 0.076985
v -0.322645 -0.016011 0.076985
v -0.322661 -0.016006 0.076682
v -0.322657 -0.016003 0.076766
v -0.322657 -0.016003 0.076766
v -0.322778 -0.017116 0.075003
v -0.322778 -0.017116 0.075003
v -0.322783 -0.0172 0.074964
v -0.322813 -0.017713 0.074817
v -0.323023 -0.019975 0.077125
v -0.323012 -0.019998 0.076925
v -0.323012 -0.019998 0.076925
v -0.323006 -0.020002 0.07682
v -0.323207 -0.017541 0.078742
v -0.323234 -0.017073 0.078567
v -0.323225 -0.017243 0.078646
v -0.323225 -0.017243 0.078646
v -0.323218 -0.017355 0.078688
v -0.323218 -0.017355 0.078688
v -0.32324 -0.016971 0.078509
v -0.323257 -0.01672 0.07833
v -0.32325 -0.016816 0.078406
v -0.32325 -0.016816 0.078406
v -0.323713 -0.019996 0.076954
v -0.323706 -0.020002 0.076808
v -0.32374 -0.019903 0.077419
v -0.323749 -0.019849 0.077565
v -0.323804 -0.019286 0.07833
v -0.323804 -0.019286 0.07833
v -0.323795 -0.019402 0.078225
v -0.323812 -0.019164 0.078424
v -0.323812 -0.019164 0.078424
v -0.323844 -0.018619 0.078698
v -0.323844 -0.018619 0.078698
v -0.323853 -0.018464 0.078742
v -0.323909 -0.017511 0.078735
v -0.323881 -0.017991 0.078796
v -0.323891 -0.017826 0.078788
v -0.323899 -0.017673 0.078769
v -0.323942 -0.016946 0.078494
v -0.323942 -0.016946 0.078494
v -0.323917 -0.017367 0.078692
v -0.323917 -0.017367 0.078692
v -0.323926 -0.017215 0.078635
v -0.323934 -0.017084 0.078572
v -0.323976 -0.016474 0.078086
v -0.323949 -0.016826 0.078413
v -0.323967 -0.016588 0.07821
v -0.323967 -0.016588 0.07821
v -0.324014 -0.016145 0.077536
v -0.323995 -0.016287 0.077824
v -0.324004 -0.016215 0.077694
v -0.324022 -0.016095 0.077399
v -0.324032 -0.016051 0.077233
v -0.324039 -0.016025 0.077094
v -0.324118 -0.016312 0.075728
v -0.324126 -0.016391 0.075611
v -0.324145 -0.016599 0.075371
v -0.324162 -0.016836 0.075171
v -0.32417 -0.016981 0.075077
v -0.324187 -0.017255 0.074941
v -0.324194 -0.01738 0.074895
v -0.324353 -0.019787 0.075892
v -0.324494 -0.019411 0.078216
v -0.324599 -0.017685 0.078771
v -0.324611 -0.017482 0.078727
v -0.324617 -0.017379 0.078696
v -0.324633 -0.017095 0.078578
v -0.324643 -0.016921 0.078478
v -0.324649 -0.016836 0.07842
v -0.32466 -0.016674 0.078291
v -0.324666 -0.016597 0.078219
v -0.324666 -0.016597 0.078219
v -0.324678 -0.016454 0.078062
v -0.324678 -0.016454 0.078062
v -0.324684 -0.016389 0.077978
v -0.324703 -0.016221 0.077705
v -0.324766 -0.016013 0.076594
v -0.324771 -0.016025 0.076498
v -0.324826 -0.016383 0.075622
v -0.324983 -0.018905 0.075011
v -0.324994 -0.019096 0.075121
v -0.325048 -0.019741 0.075808
v -0.325053 -0.019781 0.075881
v -0.325089 -0.019977 0.07648
v -0.325089 -0.019977 0.07648
v -0.325101 -0.020001 0.076709
v -0.325116 -0.019991 0.077013
v -0.325121 -0.019981 0.077088
v -0.325157 -0.019791 0.077691
v -0.325171 -0.019668 0.077903
v -0.325175 -0.019625 0.077965
v -0.325175 -0.019625 0.077965
v -0.325261 -0.018336 0.078768
v -0.325275 -0.018086 0.078794
v -0.325316 -0.01739 0.0787
v -0.325329 -0.017161 0.078611
v -0.325332 -0.017105 0.078583
v -0.32538 -0.016435 0.078038
v -0.325384 -0.016397 0.077989
v -0.325402 -0.016227 0.077717
v -0.325421 -0.016103 0.077423
v -0.325435 -0.016039 0.077174
v -0.325435 -0.016039 0.077174
v -0.325438 -0.016029 0.077118
v -0.325438 -0.016029 0.077118
v -0.325451 -0.016004 0.076869
v -0.325454 -0.016003 0.076814
v -0.32547 -0.016023 0.07651
v -0.325488 -0.016092 0.076203
v -0.32568 -0.018857 0.074988
v -0.325682 -0.018894 0.075006
v -0.325715 -0.019394 0.075359
v -0.325788 -0.019975 0.076468
v -0.325837 -0.019914 0.077382
v -0.325837 -0.019914 0.077382
v -0.325854 -0.019811 0.077649
v -0.325891 -0.01945 0.078176
v -0.325893 -0.019428 0.078198
v -0.32591 -0.019194 0.078403
v -0.325924 -0.018961 0.078551
v -0.325924 -0.018961 0.078551
v -0.325444 -0.017515 0.0785
v -0.325444 -0.017515 0.0785
v -0.325566 -0.016262 0.077131
v -0.325566 -0.016262 0.077131
v -0.325566 -0.016262 0.077131
v -0.325721 -0.017389 0.075133
v -0.325705 -0.017141 0.075247
v -0.325705 -0.017141 0.075247
v -0.325671 -0.016711 0.075582
v -0.325616 -0.016296 0.076318
v -0.325616 -0.016296 0.076318
v -0.325616 -0.016296 0.076318
v -0.325634 -0.016394 0.076052
v -0.325599 -0.016242 0.076591
v -0.325599 -0.016242 0.076591
v -0.325583 -0.016231 0.07686
v -0.325583 -0.016231 0.07686
v -0.325548 -0.016336 0.077401
v -0.325548 -0.016336 0.077401
v -0.325511 -0.016613 0.077897
v -0.325511 -0.016613 0.077897
v -0.32553 -0.016455 0.07766
v -0.32546 -0.017257 0.078404
v -0.32546 -0.017257 0.078404
v -0.32546 -0.017257 0.078404
v -0.325425 -0.017792 0.078556
v -0.325425 -0.017792 0.078556
v -0.325407 -0.018077 0.078567
v -0.325407 -0.018077 0.078567
v -0.32174 -0.019774 0.076858
v -0.321724 -0.019763 0.076589
v -0.321707 -0.019709 0.076318
v -0.321707 -0.019709 0.076318
v -0.321707 -0.019709 0.076318
v -0.321689 -0.019611 0.076052
v -0.321689 -0.019611 0.076052
v -0.321689 -0.019611 0.076052
v -0.32167 -0.019471 0.075804
v -0.321652 -0.019294 0.075582
v -0.321652 -0.019294 0.075582
v -0.321775 -0.019668 0.077401
v -0.321793 -0.01955 0.07766
v -0.321793 -0.01955 0.07766
v -0.321812 -0.019392 0.077897
v -0.321847 -0.018984 0.078272
v -0.321862 -0.018749 0.078404
v -0.321879 -0.01849 0.0785
v -0.321898 -0.018213 0.078556
v -0.321916 -0.017928 0.078567
v -0.321916 -0.017928 0.078567
v -0.321916 -0.017928 0.078567
v -0.321935 -0.017646 0.078532
v -0.321935 -0.017646 0.078532
v -0.321935 -0.017646 0.078532
v -0.321953 -0.017378 0.078455
v -0.321969 -0.017132 0.07834
v -0.321985 -0.016907 0.078189
v -0.322002 -0.016701 0.078
v -0.322021 -0.016526 0.077777
v -0.322021 -0.016526 0.077777
v -0.32204 -0.016388 0.077527
v -0.32204 -0.016388 0.077527
v -0.322058 -0.016292 0.077261
v -0.322058 -0.016292 0.077261
v -0.322075 -0.01624 0.07699
v -0.322107 -0.016264 0.076448
v -0.322107 -0.016264 0.076448
v -0.322125 -0.016341 0.076178
v -0.322125 -0.016341 0.076178
v -0.322181 -0.016815 0.07548
v -0.322181 -0.016815 0.07548
v -0.322197 -0.017031 0.075313
v -0.322213 -0.017267 0.075183
v -0.322213 -0.017267 0.075183
v -0.322213 -0.017267 0.075183
v -0.32223 -0.017528 0.075088
v -0.322267 -0.018091 0.075025
v -0.322353 -0.019313 0.075602
v -0.322353 -0.019313 0.075602
v -0.322372 -0.019487 0.075827
v -0.322409 -0.019716 0.076343
v -0.322426 -0.019766 0.076615
v -0.322441 -0.019773 0.076884
v -0.322458 -0.019738 0.077157
v -0.322458 -0.019738 0.077157
v -0.322476 -0.019659 0.077427
v -0.322532 -0.01918 0.078121
v -0.322548 -0.018963 0.078286
v -0.322548 -0.018963 0.078286
v -0.322581 -0.018464 0.078507
v -0.322581 -0.018464 0.078507
v -0.322599 -0.018186 0.078559
v -0.322599 -0.018186 0.078559
v -0.322618 -0.017901 0.078566
v -0.322654 -0.017353 0.078445
v -0.32267 -0.01711 0.078328
v -0.32267 -0.01711 0.078328
v -0.322686 -0.016886 0.078173
v -0.322723 -0.016511 0.077754
v -0.322723 -0.016511 0.077754
v -0.322723 -0.016511 0.077754
v -0.322741 -0.016377 0.077502
v -0.322741 -0.016377 0.077502
v -0.322741 -0.016377 0.077502
v -0.322741 -0.016377 0.077502
v -0.32276 -0.016285 0.077235
v -0.32276 -0.016285 0.077235
v -0.32276 -0.016285 0.077235
v -0.32276 -0.016285 0.077235
v -0.322777 -0.016238 0.076964
v -0.322777 -0.016238 0.076964
v -0.322777 -0.016238 0.076964
v -0.322792 -0.016233 0.076695
v -0.322809 -0.01627 0.076422
v -0.322899 -0.017053 0.075299
v -0.322915 -0.017291 0.075172
v -0.322915 -0.017291 0.075172
v -0.322932 -0.017554 0.075081
v -0.322932 -0.017554 0.075081
v -0.32295 -0.017833 0.075031
v -0.323092 -0.019634 0.076102
v -0.323143 -0.019771 0.07691
v -0.323143 -0.019771 0.07691
v -0.323143 -0.019771 0.07691
v -0.323143 -0.019771 0.07691
v -0.32316 -0.019732 0.077183
v -0.32316 -0.019732 0.077183
v -0.323178 -0.019649 0.077452
v -0.323215 -0.019357 0.077939
v -0.323233 -0.01916 0.078138
v -0.323233 -0.01916 0.078138
v -0.32325 -0.018941 0.0783
v -0.32325 -0.018941 0.0783
v -0.323265 -0.018702 0.078425
v -0.323338 -0.017593 0.078521
v -0.323338 -0.017593 0.078521
v -0.323338 -0.017593 0.078521
v -0.323356 -0.017329 0.078436
v -0.323356 -0.017329 0.078436
v -0.323356 -0.017329 0.078436
v -0.323356 -0.017329 0.078436
v -0.323372 -0.017088 0.078315
v -0.323372 -0.017088 0.078315
v -0.323388 -0.016866 0.078156
v -0.323388 -0.016866 0.078156
v -0.323424 -0.016496 0.077731
v -0.323443 -0.016366 0.077477
v -0.323548 -0.016489 0.075872
v -0.323566 -0.016656 0.075642
v -0.323566 -0.016656 0.075642
v -0.3236 -0.017075 0.075285
v -0.323616 -0.017315 0.075162
v -0.323634 -0.01758 0.075074
v -0.323634 -0.01758 0.075074
v -0.323652 -0.01786 0.075029
v -0.323722 -0.018928 0.075284
v -0.323757 -0.019348 0.075643
v -0.323757 -0.019348 0.075643
v -0.323775 -0.019516 0.075873
v -0.323812 -0.019729 0.076395
v -0.323845 -0.01977 0.076936
v -0.323845 -0.01977 0.076936
v -0.323862 -0.019726 0.077209
v -0.323862 -0.019726 0.077209
v -0.32388 -0.019639 0.077478
v -0.323917 -0.01934 0.07796
v -0.323935 -0.01914 0.078155
v -0.323935 -0.01914 0.078155
v -0.323935 -0.01914 0.078155
v -0.323951 -0.018919 0.078313
v -0.323967 -0.018677 0.078435
v -0.323985 -0.018412 0.078521
v -0.323985 -0.018412 0.078521
v -0.324003 -0.018131 0.078564
v -0.324003 -0.018131 0.078564
v -0.324022 -0.017846 0.078562
v -0.324022 -0.017846 0.078562
v -0.324022 -0.017846 0.078562
v -0.32404 -0.017567 0.078514
v -0.32404 -0.017567 0.078514
v -0.32404 -0.017567 0.078514
v -0.324057 -0.017305 0.078426
v -0.324057 -0.017305 0.078426
v -0.324057 -0.017305 0.078426
v -0.324073 -0.017066 0.078301
v -0.324073 -0.017066 0.078301
v -0.32409 -0.016845 0.078139
v -0.324108 -0.016648 0.077939
v -0.324108 -0.016648 0.077939
v -0.324108 -0.016648 0.077939
v -0.324126 -0.016482 0.077707
v -0.324126 -0.016482 0.077707
v -0.324145 -0.016356 0.077452
v -0.324163 -0.016273 0.077183
v -0.324163 -0.016273 0.077183
v -0.32418 -0.016234 0.076912
v -0.324195 -0.016236 0.076643
v -0.324231 -0.016371 0.076102
v -0.32425 -0.016504 0.075849
v -0.324268 -0.016674 0.075622
v -0.324268 -0.016674 0.075622
v -0.324286 -0.016875 0.075428
v -0.324302 -0.017097 0.075272
v -0.324302 -0.017097 0.075272
v -0.324318 -0.01734 0.075152
v -0.324335 -0.017606 0.075068
v -0.324354 -0.017887 0.075027
v -0.324373 -0.018172 0.075031
v -0.324391 -0.018451 0.075081
v -0.324459 -0.019366 0.075663
v -0.324477 -0.01953 0.075896
v -0.324496 -0.019654 0.076152
v -0.324514 -0.019735 0.076421
v -0.32453 -0.019772 0.076693
v -0.324546 -0.019767 0.076962
v -0.324563 -0.01972 0.077235
v -0.324582 -0.019628 0.077503
v -0.3246 -0.019494 0.077754
v -0.324619 -0.019322 0.07798
v -0.324636 -0.01912 0.078172
v -0.324669 -0.018653 0.078445
v -0.324669 -0.018653 0.078445
v -0.324724 -0.017819 0.078559
v -0.324742 -0.017541 0.078508
v -0.324742 -0.017541 0.078508
v -0.324759 -0.017281 0.078415
v -0.324775 -0.017044 0.078287
v -0.324775 -0.017044 0.078287
v -0.324791 -0.016825 0.078121
v -0.324791 -0.016825 0.078121
v -0.324809 -0.01663 0.077918
v -0.324809 -0.01663 0.077918
v -0.324809 -0.01663 0.077918
v -0.324809 -0.01663 0.077918
v -0.324828 -0.016468 0.077684
v -0.324828 -0.016468 0.077684
v -0.324828 -0.016468 0.077684
v -0.324847 -0.016346 0.077427
v -0.324881 -0.016232 0.076886
v -0.324897 -0.016239 0.076617
v -0.324933 -0.016382 0.076077
v -0.324951 -0.016519 0.075826
v -0.32497 -0.016692 0.075602
v -0.32497 -0.016692 0.075602
v -0.324987 -0.016895 0.075411
v -0.325125 -0.018972 0.075312
v -0.325125 -0.018972 0.075312
v -0.325142 -0.01919 0.07548
v -0.325142 -0.01919 0.07548
v -0.32516 -0.019383 0.075684
v -0.325179 -0.019544 0.07592
v -0.325215 -0.01974 0.076448
v -0.325215 -0.01974 0.076448
v -0.325232 -0.019773 0.076719
v -0.325232 -0.019773 0.076719
v -0.325232 -0.019773 0.076719
v -0.325232 -0.019773 0.076719
v -0.325248 -0.019765 0.076988
v -0.325248 -0.019765 0.076988
v -0.325283 -0.019617 0.077528
v -0.325302 -0.019479 0.077777
v -0.325302 -0.019479 0.077777
v -0.325302 -0.019479 0.077777
v -0.325302 -0.019479 0.077777
v -0.325321 -0.019304 0.078
v -0.325321 -0.019304 0.078
v -0.325321 -0.019304 0.078
v -0.325338 -0.019099 0.078189
v -0.325388 -0.018359 0.078532
v -0.325274 -0.018266 0.079748
v -0.324763 -0.016143 0.079064
v -0.324254 -0.016302 0.079223
v -0.324254 -0.016345 0.079215
v -0.325274 -0.015346 0.078109
v -0.325274 -0.01536 0.078068
v -0.325274 -0.015078 0.076576
v -0.324763 -0.015039 0.076799
v -0.324763 -0.01507 0.076829
v -0.324763 -0.015073 0.076345
v -0.325274 -0.015904 0.074748
v -0.324763 -0.015735 0.074937
v -0.325274 -0.01586 0.074749
v -0.324763 -0.015691 0.074941
v -0.324254 -0.01554 0.075147
v -0.325276 -0.06096 0.020274
v -0.325276 -0.059494 0.021445
v -0.325276 -0.059133 0.022222
v -0.325873 -0.059012 0.023262
v -0.326589 -0.059012 0.0229
v -0.325276 -0.059433 0.024623
v -0.326589 -0.059322 0.024419
v -0.325276 -0.060629 0.025744
v -0.325276 -0.06047 0.025656
v -0.325276 -0.063542 0.025651
v -0.326325 -0.062862 0.025951
v -0.326325 -0.064505 0.024727
v -0.326589 -0.064429 0.024837
v -0.325276 -0.064953 0.022574
v -0.325168 -0.064897 0.022618
v -0.326589 -0.064421 0.024794
v -0.325222 -0.063447 0.02567
v -0.325168 -0.063428 0.025645
v -0.325873 -0.063096 0.025837
v -0.326589 -0.062755 0.025948
v -0.325873 -0.061069 0.025895
v -0.326589 -0.060778 0.025747
v -0.325873 -0.061108 0.025875
v -0.325222 -0.060483 0.025627
v -0.325873 -0.059512 0.02469
v -0.326589 -0.059337 0.024378
v -0.325222 -0.059414 0.024527
v -0.325168 -0.05944 0.024508
v -0.325222 -0.059183 0.023997
v -0.325168 -0.059231 0.024042
v -0.325168 -0.059231 0.024042
v -0.325873 -0.059042 0.02323
v -0.325222 -0.05904 0.022978
v -0.325168 -0.059262 0.022036
v -0.325168 -0.061042 0.020311
v -0.325222 -0.061028 0.020283
v -0.325168 -0.062048 0.02015
v -0.325222 -0.062044 0.020119
v -0.325168 -0.062556 0.020203
v -0.328861 -0.059276 0.024324
v -0.328352 -0.059393 0.024554
v -0.328352 -0.059961 0.025275
v -0.327331 -0.063359 0.025752
v -0.32784 -0.063124 0.025859
v -0.328352 -0.063473 0.025691
v -0.32784 -0.063693 0.025554
v -0.32784 -0.063589 0.025622
v -0.328099 -0.063477 0.025689
v -0.328099 -0.064582 0.024602
v -0.325072 -0.063532 0.023301
v -0.325039 -0.063268 0.023968
v -0.325058 -0.063085 0.024184
v -0.32516 -0.062927 0.02432
v -0.325173 -0.062777 0.024419
v -0.325177 -0.062722 0.024449
v -0.325196 -0.062496 0.024547
v -0.325144 -0.062027 0.024627
v -0.325161 -0.061784 0.024612
v -0.325171 -0.061652 0.024587
v -0.32523 -0.060931 0.024196
v -0.325255 -0.060716 0.02394
v -0.325284 -0.060539 0.023581
v -0.325309 -0.060462 0.023214
v -0.325316 -0.060457 0.023115
v -0.325423 -0.060474 0.022851
v -0.325372 -0.060617 0.022397
v -0.325478 -0.060754 0.022171
v -0.325483 -0.060789 0.022125
v -0.325406 -0.060895 0.022004
v -0.325495 -0.060908 0.02199
v -0.325509 -0.061065 0.021853
v -0.325595 -0.062161 0.021545
v -0.325601 -0.06225 0.021557
v -0.325528 -0.062461 0.021607
v -0.325617 -0.062479 0.021613
v -0.325534 -0.062538 0.021633
v -0.325544 -0.062681 0.021694
v -0.325561 -0.062881 0.021812
v -0.325562 -0.062891 0.021818
v -0.325635 -0.063468 0.022595
v -0.325646 -0.063513 0.022758
v -0.32565 -0.063525 0.022822
v -0.32565 -0.063525 0.022822
v -0.32579 -0.063482 0.023526
v -0.325704 -0.063475 0.023548
v -0.325793 -0.063469 0.023568
v -0.325723 -0.063382 0.023778
v -0.325723 -0.063382 0.023778
v -0.325731 -0.063325 0.02388
v -0.325814 -0.06242 0.02457
v -0.325843 -0.062037 0.024627
v -0.325931 -0.062037 0.024627
v -0.325846 -0.062004 0.024628
v -0.325846 -0.062004 0.024628
v -0.325935 -0.061982 0.024627
v -0.325863 -0.061762 0.024609
v -0.325871 -0.061652 0.024587
v -0.325871 -0.061652 0.024587
v -0.325879 -0.061532 0.024554
v -0.325968 -0.061513 0.024548
v -0.325895 -0.061312 0.024465
v -0.325897 -0.061288 0.024453
v -0.326013 -0.06097 0.024233
v -0.326021 -0.060898 0.024164
v -0.326055 -0.060532 0.022605
v -0.326163 -0.060638 0.022357
v -0.32618 -0.060769 0.022151
v -0.326121 -0.061065 0.021853
v -0.326209 -0.061065 0.021853
v -0.326123 -0.061089 0.021835
v -0.326212 -0.061107 0.021822
v -0.326267 -0.061788 0.021552
v -0.326286 -0.062034 0.021537
v -0.326286 -0.062034 0.021537
v -0.326286 -0.062034 0.021537
v -0.326295 -0.062161 0.021545
v -0.326303 -0.062275 0.021561
v -0.326234 -0.062538 0.021633
v -0.326246 -0.062702 0.021704
v -0.326282 -0.063098 0.021993
v -0.32629 -0.06317 0.02207
v -0.32639 -0.063272 0.022202
v -0.326319 -0.063385 0.022394
v -0.326407 -0.063385 0.022393
v -0.326336 -0.063475 0.022616
v -0.326461 -0.063546 0.023144
v -0.326387 -0.063527 0.023329
v -0.326476 -0.063523 0.023352
v -0.326476 -0.063523 0.023352
v -0.326402 -0.063482 0.023526
v -0.32649 -0.063482 0.023526
v -0.326495 -0.06346 0.023593
v -0.326519 -0.063325 0.02388
v -0.326531 -0.063227 0.024024
v -0.326531 -0.063227 0.024024
v -0.326458 -0.063085 0.024184
v -0.326474 -0.062905 0.024336
v -0.326485 -0.062777 0.024419
v -0.326599 -0.062446 0.024562
v -0.326601 -0.06242 0.02457
v -0.326529 -0.062226 0.024611
v -0.326547 -0.06198 0.024627
v -0.326565 -0.061739 0.024605
v -0.326565 -0.061739 0.024605
v -0.326571 -0.061652 0.024587
v -0.326686 -0.061271 0.024444
v -0.326704 -0.061065 0.024311
v -0.326723 -0.06088 0.024145
v -0.326687 -0.060525 0.023537
v -0.326809 -0.060457 0.023045
v -0.326825 -0.060478 0.022827
v -0.326767 -0.060589 0.022456
v -0.326854 -0.060589 0.022456
v -0.326775 -0.060638 0.022355
v -0.326864 -0.06065 0.022334
v -0.326864 -0.06065 0.022334
v -0.32688 -0.061789 0.021552
v -0.32688 -0.061789 0.021552
v -0.326898 -0.062035 0.021537
v -0.326898 -0.062035 0.021537
v -0.326907 -0.062161 0.021545
v -0.326915 -0.062276 0.021561
v -0.326934 -0.062538 0.021633
v -0.326948 -0.062722 0.021715
v -0.326948 -0.062722 0.021715
v -0.326966 -0.062929 0.021846
v -0.32699 -0.06317 0.02207
v -0.327003 -0.063272 0.022202
v -0.327021 -0.063396 0.022415
v -0.327038 -0.063482 0.022638
v -0.327053 -0.063532 0.022867
v -0.327143 -0.063535 0.022891
v -0.327107 -0.06346 0.023593
v -0.327126 -0.06336 0.023819
v -0.327215 -0.063348 0.023842
v -0.327131 -0.063325 0.02388
v -0.327219 -0.063325 0.02388
v -0.327144 -0.063227 0.024024
v -0.327144 -0.063227 0.024024
v -0.327158 -0.063085 0.024184
v -0.32716 -0.063069 0.0242
v -0.327176 -0.062886 0.024349
v -0.327265 -0.062865 0.024364
v -0.327185 -0.062777 0.024419
v -0.327273 -0.062777 0.024419
v -0.327193 -0.062677 0.024472
v -0.327212 -0.062446 0.024562
v -0.327214 -0.06242 0.02457
v -0.327331 -0.062037 0.024627
v -0.327249 -0.061957 0.024627
v -0.327355 -0.061692 0.024596
v -0.327358 -0.061652 0.024587
v -0.327371 -0.061466 0.024532
v -0.327371 -0.061466 0.024532
v -0.327385 -0.061288 0.024453
v -0.327335 -0.060881 0.024146
v -0.327354 -0.060725 0.023952
v -0.327355 -0.060716 0.02394
v -0.327372 -0.060603 0.023739
v -0.327372 -0.060603 0.023739
v -0.327493 -0.060467 0.023261
v -0.327554 -0.060589 0.022456
v -0.327566 -0.060663 0.022311
v -0.327566 -0.060663 0.022311
v -0.327583 -0.060789 0.022125
v -0.3276 -0.060961 0.02194
v -0.327521 -0.061065 0.021853
v -0.327527 -0.061127 0.021808
v -0.327563 -0.061569 0.021599
v -0.327579 -0.061773 0.021554
v -0.327666 -0.061773 0.021554
v -0.327666 -0.061773 0.021554
v -0.327671 -0.06184 0.021545
v -0.327671 -0.06184 0.021545
v -0.327689 -0.062086 0.021539
v -0.327649 -0.062743 0.021726
v -0.327661 -0.062881 0.021812
v -0.327667 -0.062948 0.02186
v -0.327667 -0.062948 0.02186
v -0.327686 -0.063131 0.022028
v -0.327719 -0.063385 0.022393
v -0.327807 -0.063385 0.022393
v -0.327723 -0.063405 0.022436
v -0.327723 -0.063405 0.022436
v -0.327739 -0.063488 0.02266
v -0.327828 -0.063495 0.022685
v -0.327833 -0.063513 0.022758
v -0.327755 -0.063535 0.02289
v -0.327844 -0.063538 0.022916
v -0.327885 -0.062777 0.024419
v -0.327895 -0.062655 0.024483
v -0.327895 -0.062655 0.024483
v -0.327985 -0.06263 0.024494
v -0.327914 -0.062423 0.024569
v -0.327914 -0.06242 0.02457
v -0.327932 -0.062179 0.024617
v -0.327943 -0.062037 0.024627
v -0.328031 -0.062037 0.024627
v -0.32804 -0.061905 0.024625
v -0.328058 -0.061652 0.024587
v -0.328073 -0.061443 0.024523
v -0.328026 -0.06097 0.024233
v -0.328037 -0.060864 0.024128
v -0.328037 -0.060864 0.024128
v -0.328055 -0.060716 0.02394
v -0.328142 -0.060716 0.02394
v -0.328142 -0.060716 0.02394
v -0.328056 -0.060712 0.023933
v -0.328145 -0.060696 0.023909
v -0.328145 -0.060696 0.023909
v -0.328073 -0.060593 0.023718
v -0.328163 -0.060582 0.023693
v -0.328083 -0.060543 0.023593
v -0.32809 -0.060512 0.023494
v -0.328106 -0.060467 0.023264
v -0.328109 -0.060462 0.023214
v -0.328213 -0.060459 0.022993
v -0.328225 -0.060478 0.022827
v -0.328225 -0.060478 0.022827
v -0.328225 -0.060478 0.022827
v -0.328231 -0.060493 0.022748
v -0.32825 -0.060566 0.022511
v -0.328167 -0.060589 0.022456
v -0.328179 -0.060661 0.022314
v -0.328212 -0.060959 0.021942
v -0.328212 -0.060959 0.021942
v -0.328221 -0.061065 0.021853
v -0.328249 -0.0614 0.021659
v -0.328307 -0.062161 0.021545
v -0.328307 -0.062161 0.021545
v -0.328319 -0.062321 0.02157
v -0.328319 -0.062321 0.02157
v -0.328319 -0.062321 0.02157
v -0.328408 -0.062348 0.021576
v -0.328334 -0.062538 0.021633
v -0.328351 -0.062763 0.021737
v -0.328361 -0.062881 0.021812
v -0.328361 -0.062881 0.021812
v -0.328369 -0.062967 0.021875
v -0.32839 -0.06317 0.02207
v -0.328406 -0.063299 0.022242
v -0.328406 -0.063299 0.022242
v -0.328496 -0.063315 0.022267
v -0.328424 -0.063415 0.022457
v -0.328457 -0.063538 0.022912
v -0.328473 -0.063546 0.023144
v -0.328561 -0.063546 0.023144
v -0.328492 -0.063514 0.023399
v -0.32859 -0.063415 0.023708
v -0.32859 -0.063215 0.02404
v -0.32859 -0.062938 0.024311
v -0.32859 -0.062938 0.024311
v -0.328579 -0.062848 0.024375
v -0.32859 -0.062777 0.024419
v -0.32859 -0.062777 0.024419
v -0.32494 -0.06349 0.022666
v -0.32494 -0.06346 0.022571
v -0.32494 -0.063385 0.022393
v -0.325005 -0.063372 0.022368
v -0.324987 -0.063242 0.02216
v -0.32494 -0.063287 0.022225
v -0.32494 -0.063287 0.022225
v -0.32494 -0.06317 0.02207
v -0.32494 -0.063034 0.021932
v -0.329023 -0.063179 0.024672
v -0.328893 -0.063146 0.02163
v -0.328893 -0.063146 0.02163
v -0.328886 -0.062985 0.021525
v -0.329115 -0.06318 0.02138
v -0.328821 -0.061376 0.02142
v -0.328728 -0.060327 0.023255
v -0.329115 -0.059939 0.023259
v -0.328603 -0.062471 0.024568
v -0.328606 -0.062404 0.024591
v -0.328644 -0.061569 0.024622
v -0.328644 -0.061569 0.024622
v -0.32864 -0.061661 0.024641
v -0.32864 -0.061661 0.024641
v -0.32898 -0.061629 0.024981
v -0.32899 -0.061551 0.024975
v -0.329004 -0.06144 0.024959
v -0.329004 -0.06144 0.024959
v -0.328651 -0.061399 0.024572
v -0.329115 -0.060823 0.024784
v -0.328667 -0.061068 0.02441
v -0.328667 -0.061068 0.02441
v -0.329115 -0.061046 0.024919
v -0.328661 -0.061195 0.024483
v -0.328693 -0.060652 0.024029
v -0.329115 -0.06028 0.024231
v -0.329115 -0.06028 0.024231
v -0.328696 -0.060609 0.02397
v -0.328696 -0.060609 0.02397
v -0.329115 -0.060149 0.024006
v -0.329115 -0.060149 0.024006
v -0.32871 -0.060451 0.02369
v -0.32871 -0.060451 0.02369
v -0.328708 -0.060465 0.02372
v -0.329115 -0.059978 0.023516
v -0.328724 -0.060343 0.023345
v -0.328748 -0.060326 0.022774
v -0.32874 -0.060311 0.022957
v -0.32874 -0.060311 0.022957
v -0.328739 -0.06031 0.02299
v -0.328739 -0.06031 0.02299
v -0.328732 -0.060315 0.023142
v -0.329115 -0.060109 0.022244
v -0.329115 -0.060109 0.022244
v -0.328765 -0.060429 0.022383
v -0.328765 -0.060429 0.022383
v -0.328762 -0.060404 0.022452
v -0.328762 -0.060404 0.022452
v -0.329115 -0.060019 0.022487
v -0.328758 -0.060371 0.022558
v -0.328773 -0.060506 0.022215
v -0.329115 -0.060229 0.022013
v -0.328781 -0.060602 0.022055
v -0.329115 -0.060377 0.021799
v -0.329115 -0.060377 0.021799
v -0.328783 -0.060628 0.022017
v -0.329115 -0.060551 0.021606
v -0.329115 -0.060551 0.021606
v -0.329115 -0.060747 0.021435
v -0.329115 -0.060747 0.021435
v -0.328797 -0.060873 0.021742
v -0.328797 -0.060873 0.021742
v -0.328795 -0.060839 0.021773
v -0.32879 -0.060743 0.021873
v -0.328785 -0.060662 0.021971
v -0.328804 -0.061018 0.021623
v -0.328804 -0.061018 0.021623
v -0.328829 -0.061555 0.021355
v -0.328856 -0.062219 0.021284
v -0.329115 -0.062471 0.021066
v -0.328863 -0.062406 0.021309
v -0.328869 -0.062589 0.021354
v -0.328895 -0.063179 0.021655
v -0.329115 -0.063724 0.021933
v -0.329115 -0.063855 0.022158
v -0.328926 -0.063689 0.022249
v -0.329115 -0.064026 0.022648
v -0.328949 -0.063894 0.022866
v -0.328949 -0.063894 0.022866
v -0.329115 -0.064065 0.022905
v -0.329115 -0.064065 0.022905
v -0.32895 -0.063899 0.022901
v -0.32895 -0.063899 0.022901
v -0.328951 -0.063902 0.022927
v -0.328985 -0.063802 0.023808
v -0.329007 -0.063504 0.024346
v -0.329115 -0.063775 0.024151
v -0.329001 -0.063605 0.024204
v -0.328998 -0.063651 0.02413
v -0.328996 -0.063673 0.024091
v -0.328991 -0.063742 0.023954
v -0.328991 -0.063742 0.023954
v -0.329028 -0.063063 0.024758
v -0.329028 -0.063063 0.024758
v -0.329028 -0.063063 0.024758
v -0.32903 -0.063017 0.024789
v -0.329037 -0.062844 0.024888
v -0.329044 -0.06266 0.024971
v -0.328777 -0.062922 0.02455
v -0.328705 -0.063248 0.024179
v -0.328731 -0.063143 0.024324
v -0.328738 -0.063112 0.024361
v -0.328755 -0.063032 0.024448
v -0.3287 -0.063264 0.024154
v -0.328677 -0.063336 0.024025
v -0.32866 -0.063381 0.023923
v -0.328616 -0.063457 0.023676
v -0.32862 -0.063452 0.023699
v -0.32865 -0.063403 0.023866
v -0.324515 -0.063406 0.021701
v -0.324523 -0.063532 0.021854
v -0.324415 -0.063567 0.021727
v -0.32454 -0.063763 0.022256
v -0.32465 -0.062774 0.024747
v -0.324653 -0.062713 0.024771
v -0.324848 -0.063331 0.022127
v -0.324848 -0.063331 0.022127
v -0.324848 -0.063331 0.022127
v -0.324861 -0.061099 0.021732
v -0.324506 -0.061345 0.021216
v -0.324878 -0.06145 0.021573
v -0.324515 -0.061409 0.021204
v -0.324886 -0.061623 0.021529
v -0.324891 -0.061728 0.021512
v -0.324703 -0.062713 0.021448
v -0.324672 -0.062515 0.021344
v -0.324919 -0.062341 0.021553
v -0.324649 -0.062353 0.02128
v -0.324622 -0.062165 0.021227
v -0.324598 -0.061996 0.021195
v -0.324757 -0.063001 0.021672
v -0.324789 -0.063136 0.02182
v -0.324796 -0.063163 0.021855
v -0.324818 -0.063241 0.021967
v -0.324924 -0.063476 0.022568
v -0.324924 -0.063476 0.022568
v -0.324911 -0.063459 0.022485
v -0.324415 -0.060963 0.021291
v -0.324857 -0.061017 0.021786
v -0.324801 -0.060333 0.022858
v -0.324806 -0.060353 0.022762
v -0.324814 -0.060405 0.022588
v -0.324415 -0.060019 0.022487
v -0.324822 -0.060484 0.022404
v -0.324825 -0.060511 0.022352
v -0.32483 -0.060575 0.022244
v -0.324758 -0.060484 0.023907
v -0.324735 -0.060794 0.024349
v -0.324723 -0.061012 0.02454
v -0.324733 -0.060828 0.024383
v -0.324715 -0.061167 0.024643
v -0.324692 -0.061757 0.024859
v -0.324685 -0.061921 0.02488
v -0.324657 -0.062615 0.024804
v -0.324657 -0.062615 0.024804
v -0.324645 -0.062887 0.024695
v -0.324415 -0.06304 0.024873
v -0.324643 -0.062946 0.024664
v -0.324643 -0.062946 0.024664
v -0.324415 -0.063257 0.024729
v -0.324415 -0.063453 0.024559
v -0.324627 -0.063302 0.02441
v -0.324634 -0.063134 0.024546
v -0.324415 -0.063627 0.024365
v -0.324415 -0.063775 0.024151
v -0.324613 -0.063559 0.024121
v -0.324614 -0.06354 0.024148
v -0.324614 -0.06354 0.024148
v -0.32462 -0.063438 0.024272
v -0.324624 -0.063349 0.024365
v -0.324591 -0.063819 0.023617
v -0.324588 -0.06384 0.023551
v -0.324415 -0.064044 0.023424
v -0.324415 -0.064044 0.023424
v -0.324603 -0.063692 0.023909
v -0.324605 -0.063666 0.023957
v -0.324577 -0.063899 0.023284
v -0.324579 -0.063893 0.02332
v -0.32458 -0.063886 0.023361
v -0.324415 -0.064026 0.022648
v -0.324415 -0.064026 0.022648
v -0.324556 -0.063893 0.022702
v -0.324415 -0.063956 0.022398
v -0.324547 -0.063829 0.022436
v -0.324547 -0.063831 0.022441
v -0.324554 -0.06388 0.022631
v -0.324499 -0.063068 0.021407
v -0.324492 -0.0629 0.021303
v -0.324415 -0.061696 0.021035
v -0.324485 -0.061706 0.021104
v -0.324485 -0.061622 0.021119
v -0.325059 -0.06483 0.022595
v -0.325059 -0.062569 0.020269
v -0.325059 -0.062307 0.020229
v -0.325059 -0.062043 0.020213
v -0.325059 -0.059736 0.02132
v -0.325059 -0.059583 0.021537
v -0.325059 -0.059253 0.022258
v -0.325059 -0.059148 0.022777
v -0.325059 -0.059132 0.023042
v -0.325059 -0.059231 0.023828
v -0.325059 -0.059231 0.023828
v -0.325059 -0.059311 0.024081
v -0.328861 -0.063612 0.025533
v -0.328861 -0.063603 0.025576
v -0.328861 -0.059824 0.025092
v -0.328861 -0.059292 0.024283
v -0.328861 -0.061121 0.025912
v -0.328861 -0.061159 0.025891
v -0.328861 -0.064914 0.023424
v -0.324465 -0.064475 0.024635
v -0.324415 -0.064121 0.025018
v -0.324465 -0.064158 0.025052
v -0.324415 -0.063306 0.025639
v -0.324465 -0.063328 0.025684
v -0.324415 -0.062828 0.025831
v -0.324415 -0.060368 0.025442
v -0.324465 -0.06034 0.025483
v -0.324415 -0.059973 0.025112
v -0.324415 -0.059643 0.024717
v -0.324465 -0.059602 0.024746
v -0.324415 -0.059389 0.02427
v -0.324415 -0.059138 0.023276
v -0.324465 -0.059089 0.02328
v -0.324415 -0.05915 0.022762
v -0.324465 -0.059205 0.022243
v -0.324415 -0.059444 0.02178
v -0.324415 -0.059444 0.02178
v -0.324465 -0.0594 0.021757
v -0.324465 -0.0594 0.021757
v -0.324415 -0.059718 0.021344
v -0.324465 -0.059678 0.021314
v -0.324415 -0.060065 0.020964
v -0.324465 -0.060031 0.020928
v -0.324415 -0.063417 0.020586
v -0.324465 -0.063442 0.020542
v -0.324465 -0.063442 0.020542
v -0.324415 -0.06384 0.020879
v -0.324415 -0.06384 0.020879
v -0.324465 -0.063872 0.02084
v -0.324465 -0.063872 0.02084
v -0.324415 -0.064204 0.021242
v -0.324465 -0.064243 0.02121
v -0.324465 -0.064921 0.023147
v -0.324415 -0.064814 0.023657
v -0.324465 -0.064863 0.023667
v -0.326907 -0.061793 0.025071
v -0.326899 -0.061943 0.025081
v -0.326768 -0.06195 0.024854
v -0.326852 -0.062732 0.024944
v -0.326862 -0.062577 0.024998
v -0.326731 -0.062511 0.02478
v -0.326731 -0.062511 0.02478
v -0.326834 -0.063017 0.024806
v -0.326712 -0.062776 0.024677
v -0.326695 -0.063016 0.024536
v -0.326662 -0.063408 0.024162
v -0.326645 -0.06356 0.023928
v -0.326645 -0.06356 0.023928
v -0.326748 -0.063936 0.023592
v -0.326626 -0.063675 0.023668
v -0.326626 -0.063675 0.023668
v -0.326607 -0.063747 0.023392
v -0.326607 -0.063747 0.023392
v -0.326712 -0.063998 0.022963
v -0.32672 -0.064002 0.023114
v -0.326589 -0.063774 0.023111
v -0.326589 -0.063774 0.023111
v -0.326589 -0.063774 0.023111
v -0.326663 -0.063736 0.022086
v -0.326671 -0.063805 0.022218
v -0.32654 -0.0636 0.022316
v -0.326522 -0.063459 0.022072
v -0.326625 -0.063334 0.021591
v -0.326616 -0.063201 0.021482
v -0.326484 -0.063065 0.021664
v -0.32659 -0.062805 0.021251
v -0.326581 -0.06265 0.02119
v -0.32645 -0.062576 0.021405
v -0.326434 -0.062315 0.021338
v -0.326417 -0.062039 0.02131
v -0.326417 -0.062039 0.02131
v -0.326417 -0.062039 0.02131
v -0.326521 -0.061585 0.021126
v -0.326521 -0.061585 0.021126
v -0.326398 -0.061757 0.021327
v -0.326398 -0.061757 0.021327
v -0.326398 -0.061757 0.021327
v -0.326511 -0.061411 0.021172
v -0.32638 -0.061478 0.021389
v -0.32638 -0.061478 0.021389
v -0.326485 -0.060992 0.021356
v -0.326475 -0.060844 0.021452
v -0.326344 -0.060976 0.021637
v -0.326344 -0.060976 0.021637
v -0.326435 -0.060329 0.021986
v -0.326312 -0.060587 0.022014
v -0.326294 -0.060437 0.02225
v -0.326294 -0.060437 0.02225
v -0.326362 -0.060005 0.023195
v -0.326238 -0.060229 0.023068
v -0.326221 -0.060249 0.023344
v -0.32633 -0.060132 0.023791
v -0.32633 -0.060132 0.023791
v -0.326337 -0.060091 0.023673
v -0.326206 -0.060308 0.023606
v -0.32632 -0.060206 0.023962
v -0.326189 -0.06041 0.023862
v -0.326152 -0.060736 0.024323
v -0.326224 -0.061479 0.025013
v -0.326099 -0.061441 0.024764
v -0.326214 -0.061664 0.025053
v -0.326083 -0.061702 0.024829
v -0.326083 -0.061702 0.024829
v -0.326066 -0.061979 0.024855
v -0.326172 -0.062413 0.02504
v -0.326048 -0.062262 0.024836
v -0.326029 -0.06254 0.024771
v -0.326135 -0.063006 0.024812
v -0.326142 -0.062905 0.024867
v -0.32601 -0.062802 0.024664
v -0.326068 -0.063824 0.023906
v -0.326068 -0.063824 0.023906
v -0.326074 -0.063775 0.024007
v -0.325943 -0.063574 0.023902
v -0.325943 -0.063574 0.023902
v -0.326049 -0.063932 0.023605
v -0.326055 -0.0639 0.023711
v -0.325924 -0.063685 0.02364
v -0.325924 -0.063685 0.02364
v -0.325924 -0.063685 0.02364
v -0.32603 -0.063991 0.02329
v -0.326019 -0.064002 0.023081
v -0.325887 -0.063775 0.023081
v -0.325981 -0.063874 0.02238
v -0.325986 -0.063908 0.022476
v -0.325855 -0.063691 0.022545
v -0.325963 -0.063742 0.022096
v -0.325838 -0.063587 0.02229
v -0.32582 -0.063442 0.022048
v -0.325875 -0.06253 0.021153
v -0.325748 -0.06255 0.021396
v -0.325858 -0.062229 0.021095
v -0.325858 -0.062229 0.021095
v -0.325864 -0.062324 0.021108
v -0.325732 -0.062287 0.021333
v -0.325732 -0.062287 0.021333
v -0.325732 -0.062287 0.021333
v -0.325732 -0.062287 0.021333
v -0.325732 -0.062287 0.021333
v -0.325841 -0.061915 0.021084
v -0.325715 -0.06201 0.02131
v -0.325715 -0.06201 0.02131
v -0.325822 -0.061597 0.021124
v -0.325828 -0.061692 0.021106
v -0.325828 -0.061692 0.021106
v -0.325697 -0.061727 0.021331
v -0.325697 -0.061727 0.021331
v -0.325804 -0.06129 0.021213
v -0.325678 -0.06145 0.021398
v -0.325659 -0.061188 0.021507
v -0.325626 -0.060748 0.02183
v -0.325736 -0.060336 0.021975
v -0.32561 -0.06057 0.022037
v -0.325723 -0.060221 0.022173
v -0.325592 -0.060423 0.022276
v -0.325555 -0.060249 0.022817
v -0.325536 -0.060229 0.023098
v -0.325614 -0.060259 0.024062
v -0.325487 -0.060423 0.023888
v -0.325469 -0.060571 0.024128
v -0.325577 -0.060655 0.024561
v -0.325581 -0.060597 0.024506
v -0.32545 -0.060757 0.024344
v -0.325558 -0.060907 0.024756
v -0.325558 -0.060907 0.024756
v -0.325563 -0.060843 0.024712
v -0.325431 -0.060975 0.024527
v -0.325431 -0.060975 0.024527
v -0.325541 -0.061182 0.024906
v -0.325414 -0.061215 0.024671
v -0.325414 -0.061215 0.024671
v -0.325525 -0.061468 0.02501
v -0.325525 -0.061468 0.02501
v -0.325397 -0.061468 0.024772
v -0.325397 -0.061468 0.024772
v -0.325513 -0.061696 0.025059
v -0.325381 -0.061731 0.024834
v -0.325381 -0.061731 0.024834
v -0.325491 -0.062083 0.025081
v -0.325473 -0.0624 0.025042
v -0.325477 -0.062329 0.025055
v -0.325346 -0.062291 0.024831
v -0.325458 -0.062641 0.024977
v -0.325327 -0.062568 0.024762
v -0.325308 -0.062828 0.02465
v -0.325419 -0.063252 0.024644
v -0.325422 -0.063199 0.024684
v -0.325291 -0.063063 0.024502
v -0.325291 -0.063063 0.024502
v -0.325204 -0.063757 0.023333
v -0.325313 -0.064 0.022988
v -0.325186 -0.063774 0.023052
v -0.325186 -0.063774 0.023052
v -0.325169 -0.063748 0.022779
v -0.325264 -0.063748 0.022107
v -0.325136 -0.063574 0.022263
v -0.325118 -0.063424 0.022024
v -0.325118 -0.063424 0.022024
v -0.325227 -0.063353 0.021608
v -0.325212 -0.063147 0.021442
v -0.32508 -0.063017 0.021629
v -0.325175 -0.062542 0.021157
v -0.325047 -0.062523 0.021388
v -0.325159 -0.062242 0.021097
v -0.325031 -0.062259 0.021328
v -0.325031 -0.062259 0.021328
v -0.325013 -0.06198 0.02131
v -0.325123 -0.06161 0.021121
v -0.324995 -0.061698 0.021336
v -0.324995 -0.061698 0.021336
v -0.324976 -0.061421 0.021407
v -0.325086 -0.061014 0.021343
v -0.324957 -0.061162 0.021521
v -0.32494 -0.060929 0.021671
v -0.325037 -0.060343 0.021965
v -0.325019 -0.060187 0.022241
v -0.325021 -0.060206 0.022203
v -0.32489 -0.06041 0.022303
v -0.32489 -0.06041 0.022303
v -0.32489 -0.06041 0.022303
v -0.324871 -0.060306 0.022568
v -0.324853 -0.060245 0.022846
v -0.324964 -0.060004 0.023171
v -0.324947 -0.060041 0.023476
v -0.324949 -0.060034 0.02344
v -0.324818 -0.060258 0.0234
v -0.324818 -0.060258 0.0234
v -0.324932 -0.060123 0.023767
v -0.324933 -0.060111 0.023734
v -0.324802 -0.060326 0.02366
v -0.324802 -0.060326 0.02366
v -0.324785 -0.060436 0.023914
v -0.324767 -0.060589 0.024152
v -0.324877 -0.060646 0.024552
v -0.324748 -0.060779 0.024365
v -0.324748 -0.060779 0.024365
v -0.327433 -0.062483 0.024788
v -0.327433 -0.062483 0.024788
v -0.32473 -0.060999 0.024544
v -0.324652 -0.063921 0.023647
v -0.324509 -0.063112 0.021419
v -0.328713 -0.063729 0.02348
v -0.328768 -0.063353 0.024229
v -0.328768 -0.063353 0.024229
v -0.32875 -0.063516 0.024005
v -0.328783 -0.063164 0.024421
v -0.329021 -0.061538 0.025028
v -0.329021 -0.061538 0.025028
v -0.329022 -0.061526 0.025025
v -0.324565 -0.06376 0.022129
v -0.324651 -0.063926 0.023629
v -0.32472 -0.063242 0.024651
v -0.324721 -0.063225 0.024665
v -0.324721 -0.063225 0.024665
v -0.324688 -0.063646 0.024221
v -0.324738 -0.062964 0.024836
v -0.324736 -0.062984 0.024824
v -0.324756 -0.062673 0.024966
v -0.324755 -0.062696 0.024958
v -0.324755 -0.062696 0.024958
v -0.324793 -0.062043 0.025082
v -0.324721 -0.061116 0.024617
v -0.326817 -0.061163 0.024644
v -0.326835 -0.060927 0.024492
v -0.326835 -0.060927 0.024492
v -0.326873 -0.060537 0.02408
v -0.326854 -0.060715 0.024302
v -0.326854 -0.060715 0.024302
v -0.326854 -0.060715 0.024302
v -0.32694 -0.06023 0.023039
v -0.32694 -0.06023 0.023039
v -0.326977 -0.060334 0.022482
v -0.326977 -0.060334 0.022482
v -0.327013 -0.060605 0.021991
v -0.326996 -0.060451 0.022224
v -0.327046 -0.060999 0.02162
v -0.327063 -0.061241 0.021481
v -0.327063 -0.061241 0.021481
v -0.327136 -0.062344 0.021343
v -0.327186 -0.063088 0.021682
v -0.327168 -0.062853 0.021527
v -0.327258 -0.063707 0.022599
v -0.327291 -0.063774 0.02314
v -0.327274 -0.063761 0.022863
v -0.327309 -0.063742 0.023421
v -0.327347 -0.063546 0.023954
v -0.327347 -0.063546 0.023954
v -0.327364 -0.06339 0.024185
v -0.327396 -0.062993 0.024552
v -0.32747 -0.06192 0.024853
v -0.327451 -0.062203 0.024843
v -0.327451 -0.062203 0.024843
v -0.327487 -0.061646 0.024819
v -0.327487 -0.061646 0.024819
v -0.327502 -0.061388 0.024745
v -0.327502 -0.061388 0.024745
v -0.327609 -0.060292 0.023552
v -0.327625 -0.060241 0.023287
v -0.327679 -0.060344 0.022454
v -0.327715 -0.060623 0.021968
v -0.327698 -0.060466 0.022198
v -0.327698 -0.060466 0.022198
v -0.327731 -0.060808 0.021772
v -0.327765 -0.061268 0.021469
v -0.327784 -0.061536 0.021372
v -0.327802 -0.061816 0.021319
v -0.327802 -0.061816 0.021319
v -0.327802 -0.061816 0.021319
v -0.327888 -0.063112 0.0217
v -0.32787 -0.062879 0.021542
v -0.327926 -0.063492 0.022122
v -0.327926 -0.063492 0.022122
v -0.327943 -0.063625 0.022369
v -0.327943 -0.063625 0.022369
v -0.32796 -0.063715 0.022626
v -0.32796 -0.063715 0.022626
v -0.327976 -0.063764 0.022892
v -0.328049 -0.063531 0.023979
v -0.328066 -0.063372 0.024207
v -0.328066 -0.063372 0.024207
v -0.328082 -0.063185 0.024402
v -0.328098 -0.062968 0.024568
v -0.328116 -0.062722 0.024702
v -0.328153 -0.062173 0.024847
v -0.328188 -0.061618 0.024813
v -0.328276 -0.060504 0.02403
v -0.328276 -0.060504 0.02403
v -0.328276 -0.060504 0.02403
v -0.328258 -0.060675 0.024257
v -0.328258 -0.060675 0.024257
v -0.328311 -0.060285 0.023524
v -0.328344 -0.060232 0.02298
v -0.328344 -0.060232 0.02298
v -0.328362 -0.060271 0.022699
v -0.328362 -0.060271 0.022699
v -0.328362 -0.060271 0.022699
v -0.328362 -0.060271 0.022699
v -0.328381 -0.060355 0.022426
v -0.328417 -0.060641 0.021946
v -0.328399 -0.06048 0.022173
v -0.328486 -0.061565 0.021364
v -0.328522 -0.062127 0.021314
v -0.328555 -0.062656 0.021435
v -0.328539 -0.062399 0.021355
v -0.328539 -0.062399 0.021355
v -0.32859 -0.063135 0.021719
v -0.328609 -0.063339 0.021918
v -0.328627 -0.063508 0.022147
v -0.328695 -0.063771 0.023199
v -0.328695 -0.063771 0.023199
v -0.328695 -0.063771 0.023199
v -0.328677 -0.063767 0.02292
v -0.326975 -0.060674 0.024578
v -0.327004 -0.060349 0.024208
v -0.326994 -0.060452 0.024347
v -0.326985 -0.06055 0.024458
v -0.327012 -0.060271 0.024084
v -0.327071 -0.060002 0.023033
v -0.327062 -0.060006 0.023208
v -0.327145 -0.060426 0.021851
v -0.327152 -0.060511 0.02175
v -0.327184 -0.060982 0.021362
v -0.327202 -0.061266 0.021223
v -0.327194 -0.061144 0.021276
v -0.327257 -0.062205 0.021093
v -0.327267 -0.062387 0.02112
v -0.327306 -0.06307 0.021391
v -0.327429 -0.063993 0.023265
v -0.327484 -0.063685 0.024163
v -0.327564 -0.062544 0.025007
v -0.32757 -0.062438 0.025034
v -0.32757 -0.062438 0.025034
v -0.327834 -0.060316 0.022007
v -0.327829 -0.060268 0.022085
v -0.327883 -0.060971 0.021369
v -0.327896 -0.061174 0.021262
v -0.328006 -0.063059 0.021385
v -0.328057 -0.063683 0.021999
v -0.328043 -0.063539 0.021803
v -0.328079 -0.063861 0.022345
v -0.328075 -0.063833 0.022277
v -0.328184 -0.063692 0.024152
v -0.328201 -0.063505 0.024401
v -0.328374 -0.060694 0.024595
v -0.328389 -0.060505 0.024408
v -0.328442 -0.060065 0.023581
v -0.328428 -0.060145 0.023825
v -0.328478 -0.060009 0.022918
v -0.328494 -0.060049 0.02265
v -0.328533 -0.060309 0.022018
v -0.328617 -0.061508 0.021144
v -0.328619 -0.061547 0.021135
v -0.328672 -0.062484 0.021141
v -0.328721 -0.06328 0.021544
v -0.328723 -0.063305 0.021565
v -0.328826 -0.063997 0.023214
v -0.32881 -0.063996 0.022926
v -0.328828 -0.063996 0.02324
v -0.328899 -0.063527 0.024377
v -0.328883 -0.063698 0.024142
v -0.329038 -0.062767 0.02493
v -0.32453 -0.061954 0.021083
v -0.324548 -0.062269 0.0211
v -0.324547 -0.062254 0.021098
v -0.324547 -0.062254 0.021098
v -0.32458 -0.062854 0.021273
v -0.324579 -0.062839 0.021266
v -0.324634 -0.063579 0.021853
v -0.324686 -0.063968 0.022717
v -0.324685 -0.063964 0.022695
v -0.324738 -0.063926 0.023629
v -0.324721 -0.063985 0.023341
v -0.324775 -0.063657 0.024205
v -0.324758 -0.063801 0.023955
v -0.324807 -0.063242 0.024651
v -0.324809 -0.063218 0.02467
v -0.324809 -0.063218 0.02467
v -0.324824 -0.062984 0.024824
v -0.324879 -0.06207 0.025081
v -0.324863 -0.062353 0.025051
v -0.324946 -0.060897 0.024749
v -0.324946 -0.060897 0.024749
v -0.324949 -0.060864 0.024727
v -0.325127 -0.060371 0.021924
v -0.325157 -0.060757 0.021517
v -0.325144 -0.060569 0.021687
v -0.325141 -0.060535 0.021723
v -0.325174 -0.061014 0.021343
v -0.325195 -0.061354 0.02119
v -0.32521 -0.06161 0.021121
v -0.325333 -0.063571 0.021843
v -0.325333 -0.063571 0.021843
v -0.325314 -0.063353 0.021608
v -0.325337 -0.06361 0.021894
v -0.325369 -0.063879 0.022391
v -0.325401 -0.064 0.022988
v -0.325388 -0.063973 0.022746
v -0.325437 -0.063929 0.023617
v -0.325437 -0.063929 0.023617
v -0.325441 -0.063909 0.023685
v -0.325474 -0.063664 0.024194
v -0.325478 -0.063624 0.024253
v -0.325506 -0.063252 0.024644
v -0.325541 -0.062708 0.024953
v -0.325527 -0.062929 0.024854
v -0.325523 -0.062995 0.024818
v -0.325523 -0.062995 0.024818
v -0.325546 -0.062635 0.024979
v -0.325579 -0.062083 0.025081
v -0.325565 -0.062323 0.025056
v -0.325565 -0.062323 0.025056
v -0.32556 -0.0624 0.025042
v -0.325583 -0.062004 0.025082
v -0.325596 -0.061768 0.025069
v -0.325616 -0.061394 0.024988
v -0.325633 -0.06111 0.024872
v -0.325628 -0.061182 0.024906
v -0.325628 -0.061182 0.024906
v -0.325628 -0.061182 0.024906
v -0.325683 -0.060436 0.024327
v -0.325774 -0.060025 0.022778
v -0.325768 -0.060013 0.022868
v -0.325856 -0.060747 0.021525
v -0.325861 -0.060821 0.021468
v -0.325962 -0.06253 0.021153
v -0.325951 -0.062327 0.021109
v -0.325946 -0.062229 0.021095
v -0.325967 -0.062623 0.021181
v -0.32602 -0.063421 0.021673
v -0.326014 -0.063344 0.021599
v -0.326039 -0.063628 0.021918
v -0.326068 -0.063874 0.02238
v -0.326057 -0.063792 0.022191
v -0.326051 -0.063742 0.022096
v -0.326051 -0.063742 0.022096
v -0.326137 -0.063932 0.023605
v -0.326143 -0.063899 0.023714
v -0.326206 -0.063261 0.024636
v -0.326318 -0.061367 0.024979
v -0.326328 -0.061193 0.024911
v -0.326328 -0.061193 0.024911
v -0.326363 -0.060665 0.02457
v -0.326486 -0.06007 0.022566
v -0.326523 -0.060329 0.021986
v -0.326513 -0.060237 0.022141
v -0.326505 -0.060177 0.022264
v -0.32653 -0.060407 0.021876
v -0.326555 -0.060738 0.021532
v -0.32659 -0.061278 0.021218
v -0.32658 -0.061115 0.02129
v -0.326572 -0.060992 0.021356
v -0.326599 -0.061412 0.021171
v -0.326677 -0.062805 0.021251
v -0.32675 -0.063736 0.022086
v -0.3268 -0.063998 0.022963
v -0.3268 -0.063998 0.022963
v -0.326791 -0.063982 0.022804
v -0.326791 -0.063982 0.022804
v -0.326783 -0.063957 0.022659
v -0.326881 -0.063588 0.024301
v -0.326889 -0.063489 0.024419
v -0.326889 -0.063489 0.024419
v -0.326897 -0.063383 0.024529
v -0.326922 -0.063017 0.024806
v -0.326959 -0.062425 0.025037
v -0.327019 -0.061339 0.024969
v -0.327027 -0.061204 0.024916
v -0.327081 -0.060452 0.024347
v -0.3271 -0.060271 0.024084
v -0.327109 -0.060192 0.023933
v -0.327196 -0.060119 0.022407
v -0.327185 -0.060066 0.022579
v -0.327222 -0.060322 0.021996
v -0.327232 -0.060425 0.021852
v -0.327232 -0.060425 0.021852
v -0.327239 -0.060511 0.02175
v -0.327255 -0.060729 0.02154
v -0.3273 -0.061442 0.021162
v -0.327308 -0.061572 0.021129
v -0.327327 -0.061889 0.021085
v -0.327337 -0.062076 0.021084
v -0.327394 -0.06307 0.021391
v -0.327412 -0.063325 0.021582
v -0.327424 -0.063464 0.021717
v -0.327449 -0.063729 0.022075
v -0.32746 -0.063818 0.022245
v -0.327499 -0.063997 0.02295
v -0.32751 -0.064001 0.023145
v -0.327516 -0.063993 0.023265
v -0.327516 -0.063993 0.023265
v -0.327583 -0.063569 0.024324
v -0.327589 -0.063497 0.02441
v -0.327604 -0.06328 0.024621
v -0.327639 -0.062744 0.024939
v -0.327676 -0.062121 0.025079
v -0.327811 -0.060179 0.023905
v -0.327816 -0.06014 0.023814
v -0.327848 -0.060007 0.02322
v -0.327861 -0.060003 0.023004
v -0.327921 -0.060316 0.022007
v -0.327934 -0.060444 0.021829
v -0.327938 -0.060502 0.021759
v -0.327989 -0.061254 0.021227
v -0.328002 -0.061472 0.021154
v -0.328021 -0.061787 0.021094
v -0.328026 -0.061876 0.021086
v -0.328026 -0.061876 0.021086
v -0.328039 -0.062106 0.021085
v -0.328076 -0.062782 0.021241
v -0.328089 -0.062987 0.021342
v -0.328093 -0.063059 0.021385
v -0.328093 -0.063059 0.021385
v -0.328093 -0.063059 0.021385
v -0.328107 -0.06325 0.02152
v -0.328198 -0.063997 0.022938
v -0.328198 -0.063997 0.022938
v -0.328211 -0.064 0.023176
v -0.328211 -0.064 0.023176
v -0.328216 -0.063995 0.023252
v -0.328249 -0.063868 0.023801
v -0.328253 -0.06384 0.023871
v -0.328372 -0.062201 0.025072
v -0.328376 -0.062134 0.025078
v -0.328394 -0.061818 0.025074
v -0.328407 -0.061575 0.025036
v -0.32841 -0.061514 0.025022
v -0.328426 -0.061227 0.024926
v -0.328439 -0.061004 0.024815
v -0.328439 -0.061004 0.024815
v -0.328443 -0.06095 0.024783
v -0.328461 -0.060694 0.024595
v -0.328476 -0.060509 0.024413
v -0.328565 -0.060009 0.022918
v -0.328618 -0.060282 0.022062
v -0.328621 -0.060309 0.022018
v -0.328704 -0.061501 0.021146
v -0.328743 -0.06218 0.02109
v -0.328758 -0.062443 0.021132
v -0.328808 -0.063274 0.021539
v -0.328897 -0.063996 0.022926
v -0.328952 -0.063845 0.023859
v -0.328952 -0.063845 0.023859
v -0.328969 -0.063714 0.024116
v -0.32897 -0.063698 0.024142
v -0.328986 -0.063532 0.02437
v -0.328986 -0.063532 0.02437
v -0.328987 -0.063513 0.024392
v -0.329018 -0.063072 0.024772
v -0.329018 -0.063072 0.024772
v -0.32902 -0.063049 0.024786
v -0.32902 -0.063049 0.024786
v -0.328521 -0.061896 0.024852
v -0.328571 -0.061117 0.024618
v -0.328571 -0.061117 0.024618
v -0.328571 -0.061117 0.024618
v -0.328644 -0.060376 0.023788
v -0.328799 -0.061042 0.021592
v -0.328782 -0.060825 0.021757
v -0.328749 -0.060477 0.022178
v -0.328749 -0.060477 0.022178
v -0.328731 -0.060353 0.022432
v -0.328731 -0.060353 0.022432
v -0.328693 -0.060232 0.022986
v -0.328693 -0.060232 0.022986
v -0.328712 -0.06027 0.022705
v -0.328712 -0.06027 0.022705
v -0.32866 -0.060287 0.02353
v -0.328589 -0.060885 0.024459
v -0.328607 -0.060679 0.024262
v -0.328554 -0.061366 0.024737
v -0.328538 -0.061623 0.024814
v -0.328538 -0.061623 0.024814
v -0.328538 -0.061623 0.024814
v -0.328503 -0.062178 0.024846
v -0.328484 -0.062459 0.024795
v -0.324818 -0.063745 0.022758
v -0.324802 -0.063676 0.022498
v -0.324785 -0.063564 0.022245
v -0.324766 -0.063411 0.022007
v -0.324766 -0.063411 0.022007
v -0.324766 -0.063411 0.022007
v -0.324748 -0.06322 0.021795
v -0.324852 -0.06376 0.023312
v -0.32489 -0.063597 0.023856
v -0.324908 -0.063455 0.024098
v -0.324924 -0.063281 0.02431
v -0.324924 -0.063281 0.02431
v -0.32494 -0.06308 0.024489
v -0.32494 -0.06308 0.024489
v -0.32494 -0.06308 0.024489
v -0.324994 -0.062313 0.024827
v -0.325013 -0.062031 0.024855
v -0.32503 -0.061752 0.024837
v -0.325046 -0.061488 0.024779
v -0.325062 -0.061235 0.02468
v -0.32508 -0.060993 0.02454
v -0.32508 -0.060993 0.02454
v -0.325099 -0.060773 0.02436
v -0.325117 -0.060584 0.024147
v -0.325117 -0.060584 0.024147
v -0.325136 -0.060433 0.023908
v -0.325153 -0.060324 0.023654
v -0.325168 -0.060257 0.023393
v -0.325185 -0.06023 0.02312
v -0.32524 -0.060413 0.022297
v -0.325258 -0.060557 0.022056
v -0.325258 -0.060557 0.022056
v -0.325275 -0.060732 0.021845
v -0.325275 -0.060732 0.021845
v -0.325291 -0.060934 0.021667
v -0.325291 -0.060934 0.021667
v -0.325308 -0.061168 0.021518
v -0.325326 -0.061427 0.021405
v -0.325397 -0.062528 0.02139
v -0.325413 -0.062781 0.02149
v -0.325431 -0.063022 0.021632
v -0.325431 -0.063022 0.021632
v -0.325431 -0.063022 0.021632
v -0.325449 -0.06324 0.021814
v -0.325449 -0.06324 0.021814
v -0.325468 -0.063427 0.022029
v -0.325468 -0.063427 0.022029
v -0.325486 -0.063577 0.022268
v -0.325503 -0.063684 0.022523
v -0.325503 -0.063684 0.022523
v -0.325519 -0.063749 0.022784
v -0.325519 -0.063749 0.022784
v -0.325519 -0.063749 0.022784
v -0.325519 -0.063749 0.022784
v -0.325536 -0.063774 0.023058
v -0.325554 -0.063756 0.023339
v -0.325573 -0.063692 0.023616
v -0.325573 -0.063692 0.023616
v -0.325591 -0.063585 0.02388
v -0.325609 -0.063439 0.02412
v -0.325609 -0.063439 0.02412
v -0.325626 -0.063263 0.024328
v -0.325641 -0.063059 0.024505
v -0.325641 -0.063059 0.024505
v -0.325659 -0.062824 0.024653
v -0.325659 -0.062824 0.024653
v -0.325677 -0.062563 0.024764
v -0.325677 -0.062563 0.024764
v -0.325696 -0.062287 0.024832
v -0.325696 -0.062287 0.024832
v -0.325696 -0.062287 0.024832
v -0.325714 -0.062004 0.024855
v -0.325714 -0.062004 0.024855
v -0.325714 -0.062004 0.024855
v -0.325732 -0.061726 0.024833
v -0.325748 -0.061463 0.024771
v -0.325748 -0.061463 0.024771
v -0.325748 -0.061463 0.024771
v -0.325748 -0.061463 0.024771
v -0.325764 -0.061211 0.024669
v -0.325764 -0.061211 0.024669
v -0.325764 -0.061211 0.024669
v -0.3258 -0.060754 0.024341
v -0.325819 -0.060568 0.024125
v -0.325905 -0.06025 0.022812
v -0.325924 -0.060316 0.022535
v -0.325942 -0.060425 0.022272
v -0.325992 -0.060955 0.021652
v -0.325992 -0.060955 0.021652
v -0.326083 -0.06229 0.021333
v -0.326098 -0.062553 0.021397
v -0.326115 -0.062805 0.021502
v -0.326151 -0.06326 0.021833
v -0.326151 -0.06326 0.021833
v -0.32617 -0.063443 0.022051
v -0.32617 -0.063443 0.022051
v -0.326188 -0.063589 0.022292
v -0.326188 -0.063589 0.022292
v -0.326205 -0.063692 0.022548
v -0.326274 -0.063684 0.023642
v -0.326274 -0.063684 0.023642
v -0.326327 -0.063244 0.024347
v -0.326327 -0.063244 0.024347
v -0.326343 -0.063038 0.024521
v -0.326343 -0.063038 0.024521
v -0.32636 -0.0628 0.024665
v -0.326398 -0.06226 0.024836
v -0.326416 -0.061977 0.024855
v -0.326433 -0.0617 0.024829
v -0.326433 -0.0617 0.024829
v -0.326449 -0.061439 0.024763
v -0.326449 -0.061439 0.024763
v -0.326466 -0.061187 0.024657
v -0.326483 -0.060949 0.024508
v -0.326502 -0.060735 0.024322
v -0.326556 -0.060308 0.023604
v -0.326571 -0.060248 0.023342
v -0.326607 -0.060254 0.022785
v -0.326625 -0.060324 0.022509
v -0.326644 -0.060438 0.022248
v -0.326644 -0.060438 0.022248
v -0.326662 -0.060588 0.022013
v -0.326678 -0.060769 0.021809
v -0.326694 -0.060977 0.021636
v -0.326711 -0.061216 0.021493
v -0.32673 -0.061479 0.021388
v -0.326749 -0.061758 0.021326
v -0.326767 -0.06204 0.02131
v -0.326767 -0.06204 0.02131
v -0.326767 -0.06204 0.02131
v -0.326784 -0.062316 0.021338
v -0.326784 -0.062316 0.021338
v -0.3268 -0.062577 0.021406
v -0.326816 -0.062828 0.021514
v -0.326816 -0.062828 0.021514
v -0.326816 -0.062828 0.021514
v -0.326834 -0.063065 0.021664
v -0.326834 -0.063065 0.021664
v -0.326853 -0.063279 0.021853
v -0.326872 -0.063459 0.022073
v -0.326872 -0.063459 0.022073
v -0.32689 -0.063601 0.022316
v -0.326906 -0.0637 0.022573
v -0.326922 -0.063757 0.022835
v -0.326922 -0.063757 0.022835
v -0.326922 -0.063757 0.022835
v -0.326922 -0.063757 0.022835
v -0.326939 -0.063774 0.023111
v -0.326939 -0.063774 0.023111
v -0.326995 -0.06356 0.023928
v -0.326995 -0.06356 0.023928
v -0.327012 -0.063407 0.024162
v -0.327012 -0.063407 0.024162
v -0.327012 -0.063407 0.024162
v -0.327029 -0.063226 0.024364
v -0.327029 -0.063226 0.024364
v -0.327029 -0.063226 0.024364
v -0.327045 -0.063016 0.024536
v -0.327045 -0.063016 0.024536
v -0.327062 -0.062776 0.024677
v -0.327062 -0.062776 0.024677
v -0.327081 -0.062511 0.02478
v -0.327081 -0.062511 0.02478
v -0.327099 -0.062232 0.02484
v -0.327118 -0.06195 0.024854
v -0.327135 -0.061675 0.024824
v -0.327151 -0.061414 0.024755
v -0.327204 -0.060716 0.024302
v -0.327223 -0.060537 0.02408
v -0.327223 -0.060537 0.02408
v -0.327241 -0.060397 0.023836
v -0.327241 -0.060397 0.023836
v -0.327241 -0.060397 0.023836
v -0.327257 -0.0603 0.023579
v -0.327327 -0.060333 0.022483
v -0.327363 -0.060604 0.021992
v -0.327363 -0.060604 0.021992
v -0.327379 -0.060787 0.021791
v -0.327395 -0.060998 0.021621
v -0.327395 -0.060998 0.021621
v -0.327432 -0.061506 0.02138
v -0.32745 -0.061785 0.021323
v -0.327469 -0.062067 0.021311
v -0.327518 -0.062852 0.021527
v -0.327536 -0.063087 0.021681
v -0.327536 -0.063087 0.021681
v -0.327536 -0.063087 0.021681
v -0.327555 -0.063298 0.021872
v -0.327555 -0.063298 0.021872
v -0.327555 -0.063298 0.021872
v -0.327591 -0.063612 0.022341
v -0.327591 -0.063612 0.022341
v -0.327608 -0.063707 0.022597
v -0.327624 -0.063761 0.022861
v -0.327624 -0.063761 0.022861
v -0.327641 -0.063774 0.023138
v -0.327641 -0.063774 0.023138
v -0.327641 -0.063774 0.023138
v -0.327641 -0.063774 0.023138
v -0.327659 -0.063742 0.023419
v -0.327714 -0.063391 0.024183
v -0.32773 -0.063207 0.024382
v -0.327746 -0.062995 0.024551
v -0.327764 -0.062751 0.024689
v -0.327764 -0.062751 0.024689
v -0.327782 -0.062485 0.024788
v -0.327782 -0.062485 0.024788
v -0.327782 -0.062485 0.024788
v -0.327801 -0.062205 0.024843
v -0.327801 -0.062205 0.024843
v -0.327819 -0.061923 0.024853
v -0.327819 -0.061923 0.024853
v -0.327906 -0.060697 0.024282
v -0.327924 -0.060522 0.024058
v -0.327942 -0.060386 0.023812
v -0.327942 -0.060386 0.023812
v -0.327959 -0.060293 0.023555
v -0.327974 -0.060241 0.02329
v -0.327992 -0.060231 0.023013
v -0.328047 -0.060464 0.022201
v -0.328047 -0.060464 0.022201
v -0.328065 -0.060621 0.021971
v -0.328065 -0.060621 0.021971
v -0.328081 -0.060806 0.021774
v -0.328097 -0.06102 0.021606
v -0.328097 -0.06102 0.021606
v -0.328115 -0.061265 0.02147
v -0.328133 -0.061532 0.021373
v -0.328133 -0.061532 0.021373
v -0.328152 -0.061812 0.02132
v -0.32817 -0.062094 0.021312
v -0.32817 -0.062094 0.021312
v -0.328187 -0.062368 0.021348
v -0.328187 -0.062368 0.021348
v -0.328187 -0.062368 0.021348
v -0.328203 -0.062626 0.021423
v -0.328203 -0.062626 0.021423
v -0.328203 -0.062626 0.021423
v -0.32822 -0.062875 0.02154
v -0.32822 -0.062875 0.02154
v -0.32822 -0.062875 0.02154
v -0.328238 -0.063108 0.021697
v -0.328238 -0.063108 0.021697
v -0.328238 -0.063108 0.021697
v -0.328238 -0.063108 0.021697
v -0.328275 -0.063489 0.022118
v -0.328275 -0.063489 0.022118
v -0.328293 -0.063623 0.022365
v -0.328293 -0.063623 0.022365
v -0.328309 -0.063714 0.022622
v -0.328325 -0.063764 0.022887
v -0.328343 -0.063773 0.023165
v -0.328343 -0.063773 0.023165
v -0.328343 -0.063773 0.023165
v -0.328343 -0.063773 0.023165
v -0.328361 -0.063737 0.023446
v -0.32838 -0.063656 0.02372
v -0.32838 -0.063656 0.02372
v -0.328352 -0.064505 0.024668
v -0.32784 -0.064633 0.024447
v -0.328352 -0.063812 0.025429
v -0.32784 -0.06365 0.025545
v -0.32784 -0.063598 0.025579
v -0.32784 -0.06314 0.025818
v -0.32784 -0.063156 0.025778
v -0.327331 -0.063371 0.02571
v -0.327331 -0.063384 0.025668
v -0.328352 -0.062422 0.025984
v -0.32784 -0.062648 0.025975
v -0.32784 -0.062671 0.025937
v -0.328352 -0.061368 0.025977
v -0.328352 -0.060005 0.025272
v -0.328352 -0.059406 0.024512
v -0.328352 -0.059406 0.024512
v -0.32784 -0.059539 0.02473
v -0.328352 -0.059418 0.02447
v -0.32784 -0.059548 0.024687
v -0.327331 -0.059695 0.024893
v -0.328352 -0.059039 0.023022
v -0.328352 -0.059071 0.022992
v -0.32784 -0.059074 0.023245
v -0.32784 -0.059654 0.021325
v -0.327331 -0.059512 0.021534
v -0.32784 -0.059611 0.021331
v -0.328352 -0.064826 0.022184
v -0.328352 -0.064787 0.022164
v -0.32784 -0.064738 0.021944
v -0.328352 -0.064933 0.023172
v -0.328352 -0.064963 0.023204
v -0.318806 -0.023708 0.029997
v -0.318806 -0.023708 0.029997
v -0.318769 -0.022222 0.072531
v -0.318736 -0.020833 0.071506
v -0.31873 -0.020573 0.071374
v -0.318694 -0.018923 0.070867
v -0.318806 0.023703 0.029997
v -0.318802 0.023537 0.074492
v -0.318806 0.023703 0.074492
v -0.318786 0.022925 0.073373
v -0.318786 0.022925 0.073373
v -0.318774 0.022455 0.072781
v -0.319818 0.048909 0.074492
v -0.319818 0.048909 0.074492
v -0.31889 0.026703 0.074492
v -0.377873 0.066588 0.195895
v -0.31555 0.00991 0.062389
v -0.315525 0.007224 0.060865
v -0.315525 0.007224 0.060865
v -0.31579 0.023111 0.029997
v -0.31565 0.016718 0.071752
v -0.31565 0.016718 0.071752
v -0.315629 0.01557 0.06888
v -0.315508 0.004593 0.059913
v -0.315506 -0.004289 0.059832
v -0.315522 -0.006937 0.060735
v -0.315547 -0.009649 0.062209
v -0.315573 -0.01185 0.06394
v -0.315603 -0.013923 0.066231
v -0.315627 -0.015428 0.068595
v -0.315627 -0.015428 0.068595
v -0.315661 -0.017312 0.074492
v -0.315661 -0.017312 0.074492
v -0.31566 -0.017265 0.074163
v -0.315648 -0.016628 0.071445
v -0.318141 -0.069283 0.074492
v -0.316672 -0.046215 0.074492
v -0.315661 0.017307 0.074492
v -0.31579 0.023111 0.074492
v -0.31579 0.023111 0.074492
v -0.316672 0.046209 0.074492
v -0.316672 0.046209 0.074492
v -0.316672 0.046209 0.074492
v -0.316672 0.046209 0.074492
v -0.318141 0.069278 0.074492
v -0.365204 0.064576 0.15426
v -0.378343 0.063541 0.195134
v -0.321387 0.068024 0.078296
v -0.321571 0.06801 0.07923
v -0.321571 0.06801 0.07923
v -0.353469 0.065499 0.131218
v -0.35682 0.065235 0.138027
v -0.378343 -0.063547 0.195134
v -0.321057 -0.068055 0.074492
v -0.321071 -0.068054 0.075296
v -0.329118 -0.067421 0.09892
v -0.329118 -0.067421 0.09892
v -0.330457 -0.067316 0.076863
v -0.344401 -0.066218 0.111734
v -0.322523 -0.06794 0.082401
v -0.330053 -0.067347 0.073356
v -0.352027 -0.065618 0.128226
v -0.319985 -0.051914 0.074492
v -0.330105 -0.068351 0.07225
v -0.384489 -0.066072 0.193872
v -0.318905 0.026703 0.075296
v -0.318905 0.026703 0.075296
v -0.319833 0.048909 0.075296
v -0.328679 -0.060002 0.099134
v -0.328679 -0.060002 0.099134
v -0.329514 -0.060002 0.098727
v -0.324142 -0.039495 0.088183
v -0.319774 0.034917 0.079611
v -0.319276 0.026439 0.078633
v -0.319276 0.026439 0.078633
v -0.32365 -0.044512 0.087218
v -0.323714 0.043974 0.087345
v -0.323604 0.044865 0.087127
v -0.321195 0.047113 0.082401
v -0.32194 -0.049348 0.083862
v -0.322116 -0.049521 0.084209
v -0.322684 -0.049121 0.085322
v -0.322991 -0.04825 0.085925
v -0.322296 0.049549 0.084561
v -0.322495 0.049415 0.084952
v -0.322495 0.049415 0.084952
v -0.322664 0.049155 0.085284
v -0.377031 -0.059064 0.191984
v -0.377031 -0.059064 0.191984
v -0.378194 -0.056502 0.194267
v -0.376304 -0.059064 0.192355
v -0.377007 -0.057953 0.193622
v -0.377007 -0.057953 0.193622
v -0.379393 -0.062033 0.196999
v -0.374525 0.059997 0.189333
v -0.375895 0.059464 0.191641
v -0.323004 0.031471 0.088763
v -0.320298 0.017997 0.082796
v -0.320191 0.020137 0.082401
v -0.31914 0.023806 0.078296
v -0.319993 0.045915 0.078296
v -0.319993 0.045915 0.078296
v -0.319993 0.045915 0.078296
v -0.319993 0.045915 0.078296
v -0.322994 -0.031117 0.088768
v -0.319808 0.069147 0.08348
v -0.318141 0.042011 0.08348
v -0.318392 0.069258 0.078029
v -0.317093 0.046188 0.079063
v -0.315753 0.017459 0.076596
v -0.315753 0.017459 0.076596
v -0.315753 0.017459 0.076596
v -0.316061 0.017279 0.07895
v -0.316061 0.017279 0.07895
v -0.331803 -0.068217 0.081318
v -0.330959 -0.068283 0.078739
v -0.320861 -0.004975 0.092825
v -0.320989 -0.003676 0.093157
v -0.321426 -0.03107 0.092934
v -0.322274 -0.053002 0.092502
v -0.318141 -0.042016 0.08348
v -0.319808 -0.069153 0.08348
v -0.319808 -0.069153 0.08348
v -0.322856 -0.055831 0.093521
v -0.3232 -0.056466 0.094274
v -0.326685 -0.068611 0.100681
v -0.329421 -0.057002 0.109016
v -0.334005 -0.068035 0.117637
v -0.372698 -0.056466 0.192508
v -0.373099 -0.055831 0.193233
v -0.373099 -0.055831 0.193233
v -0.373099 -0.055831 0.193233
v -0.376861 -0.063548 0.198439
v -0.373391 -0.055002 0.193798
v -0.377462 -0.062284 0.199549
v -0.377963 -0.053958 0.201254
v -0.373554 -0.054036 0.194164
v -0.373554 -0.054036 0.194164
v -0.373576 -0.053002 0.194306
v -0.376736 0.012769 0.20188
v -0.372742 0.030754 0.194731
v -0.377211 0.035025 0.201638
v -0.373391 0.054997 0.193798
v -0.346793 0.056997 0.145988
v -0.341763 0.067419 0.134347
v -0.338738 0.056997 0.129561
v -0.322376 0.05403 0.092603
v -0.321284 0.025603 0.093006
v -0.318907 0.013033 0.087709
v -0.31807 0.014707 0.085503
v -0.320491 -0.007494 0.09186
v -0.319826 -0.010394 0.090122
v -0.320376 -0.008099 0.091559
v -0.316702 -0.016596 0.081676
v -0.316211 -0.023105 0.079063
v -0.315776 -0.017462 0.076861
v -0.315776 -0.017462 0.076861
v -0.316134 -0.017218 0.079341
v -0.318232 -0.069276 0.076615
v -0.331803 0.068212 0.081318
v -0.330815 0.068289 0.078176
v -0.387459 -0.062033 0.19289
v -0.387415 -0.063292 0.192669
v -0.388675 -0.057059 0.195383
v -0.388055 -0.053403 0.194784
v -0.387755 -0.034978 0.195851
v -0.387755 -0.034978 0.195851
v -0.387208 -0.031305 0.195216
v -0.388675 0.057054 0.195383
v -0.388661 0.05882 0.195168
v -0.38701 0.063867 0.191951
v -0.379441 0.064462 0.179457
v -0.379441 0.064462 0.179457
v -0.37043 0.065171 0.163722
v -0.361842 0.065847 0.147736
v -0.353682 0.06649 0.131501
v -0.345953 -0.067103 0.115019
v -0.374585 0.052997 0.193792
v -0.374341 0.054997 0.193314
v -0.374585 -0.053002 0.193792
v -0.373677 -0.056466 0.19201
v -0.373677 -0.056466 0.19201
v -0.374341 -0.055002 0.193314
v -0.320983 -0.00119 0.09316
v -0.386974 -0.035049 0.198702
v -0.386496 -0.012925 0.198946
v -0.386496 -0.012925 0.198946
v -0.386458 0.009194 0.198965
v -0.379809 0.034956 0.202353
v -0.387708 0.053405 0.198328
v -0.380725 0.057169 0.201886
v -0.386292 0.064976 0.194843
v -0.377703 0.066593 0.195966
v -0.378678 0.06563 0.197692
v -0.379121 0.064976 0.198496
v -0.380161 0.062474 0.200465
v -0.387332 0.062474 0.196811
v -0.38763 0.061176 0.197428
v -0.387744 0.060467 0.197682
v -0.378678 -0.065635 0.197692
v -0.386549 -0.064517 0.195316
v -0.331008 -0.070013 0.081681
v -0.330778 -0.069299 0.078809
v -0.331631 -0.069232 0.081416
v -0.331631 -0.069232 0.081416
v -0.386962 -0.064976 0.192359
v -0.379289 -0.065481 0.179594
v -0.387035 -0.064682 0.192216
v -0.387062 -0.064358 0.192089
v -0.378718 -0.066258 0.179967
v -0.386987 -0.065108 0.193009
v -0.387177 -0.06451 0.192467
v -0.387177 -0.06451 0.192467
v -0.387697 -0.0633 0.195734
v -0.387993 -0.062384 0.196311
v -0.388398 -0.060395 0.197173
v -0.388398 -0.060395 0.197173
v -0.38851 -0.059319 0.19746
v -0.38851 -0.059319 0.19746
v -0.388537 -0.057127 0.197715
v -0.387412 -0.064491 0.19377
v -0.387412 -0.064491 0.19377
v -0.388121 -0.062998 0.195083
v -0.388121 -0.062998 0.195083
v -0.388405 -0.06212 0.195635
v -0.388791 -0.060216 0.196461
v -0.388791 -0.060216 0.196461
v -0.388895 -0.059186 0.196736
v -0.388895 -0.059186 0.196736
v -0.388914 -0.057089 0.196981
v -0.387574 -0.063936 0.193171
v -0.387574 -0.063936 0.193171
v -0.388233 -0.06255 0.194389
v -0.388853 -0.059968 0.195668
v -0.388949 -0.059012 0.195925
v -0.388949 -0.059012 0.195925
v -0.388963 -0.057064 0.196157
v -0.388914 0.057083 0.196981
v -0.388726 0.053325 0.197077
v -0.388349 0.053362 0.19781
v -0.387932 0.031245 0.196682
v -0.388043 -0.034982 0.196625
v -0.387883 0.031258 0.197506
v -0.387505 0.03128 0.19824
v -0.387138 -0.012914 0.198427
v -0.387616 -0.03502 0.198183
v -0.387012 0.063879 0.191953
v -0.387062 0.064352 0.192089
v -0.387062 0.064352 0.192089
v -0.387062 0.064352 0.192089
v -0.386993 0.064869 0.192306
v -0.386993 0.064869 0.192306
v -0.387177 0.064505 0.192467
v -0.387177 0.064505 0.192467
v -0.386523 0.065638 0.192841
v -0.386987 0.065103 0.193009
v -0.386987 0.065103 0.193009
v -0.386517 0.065501 0.193566
v -0.387574 0.063931 0.193171
v -0.388405 0.062115 0.195635
v -0.386959 0.064855 0.194361
v -0.387697 0.063295 0.195734
v -0.387697 0.063295 0.195734
v -0.387993 0.062378 0.196311
v -0.387993 0.062378 0.196311
v -0.387993 0.062378 0.196311
v -0.388398 0.060389 0.197173
v -0.388398 0.060389 0.197173
v -0.388398 0.060389 0.197173
v -0.388791 0.060211 0.196461
v -0.388791 0.060211 0.196461
v -0.388791 0.060211 0.196461
v -0.388853 0.059962 0.195668
v -0.38851 0.059313 0.19746
v -0.38851 0.059313 0.19746
v -0.38851 0.059313 0.19746
v -0.388895 0.059181 0.196736
v -0.388895 0.059181 0.196736
v -0.388895 0.059181 0.196736
v -0.388949 0.059006 0.195925
v -0.388949 0.059006 0.195925
v -0.388949 0.059006 0.195925
v -0.379289 0.065476 0.179594
v -0.379289 0.065476 0.179594
v -0.379289 0.065476 0.179594
v -0.379289 0.065476 0.179594
v -0.35292 0.068283 0.131939
v -0.370273 0.066185 0.163853
v -0.361683 0.066861 0.14786
v -0.353519 0.067504 0.131619
v -0.330633 0.069305 0.07824
v -0.37584 0.064753 0.196653
v -0.367819 0.066138 0.182912
v -0.376179 0.065636 0.196663
v -0.341959 0.068173 0.134282
v -0.334202 0.068783 0.117575
v -0.342399 0.068791 0.134093
v -0.377796 0.065411 0.198035
v -0.378228 0.064776 0.19881
v -0.379633 0.060414 0.201558
v -0.379236 0.062354 0.200712
v -0.379775 0.057223 0.202103
v -0.37584 -0.064758 0.196653
v -0.376179 -0.065641 0.196663
v -0.367819 -0.066143 0.182912
v -0.359199 -0.067474 0.166743
v -0.350584 -0.068152 0.150543
v -0.35877 -0.066855 0.166952
v -0.320009 -0.069906 0.083426
v -0.318981 -0.069987 0.080055
v -0.325793 -0.059469 0.092192
v -0.326835 -0.060002 0.094667
v -0.32486 -0.057952 0.090118
v -0.320232 -0.014294 0.082796
v -0.320298 -0.018002 0.082796
v -0.322 -0.029882 0.085599
v -0.322 -0.029882 0.085599
v -0.322119 -0.048893 0.084283
v -0.321956 0.012316 0.086203
v -0.320302 0.017997 0.082796
v -0.322 0.029876 0.085599
v -0.322 0.029876 0.085599
v -0.322254 0.048544 0.084586
v -0.322254 0.048544 0.084586
v -0.313497 0.00138 0.061358
v -0.313508 0.004077 0.061843
v -0.315381 0.016331 0.074622
v -0.315473 0.016475 0.076621
v -0.320538 -0.001137 0.092677
v -0.315381 -0.016337 0.074622
v -0.314521 -0.006258 0.062323
v -0.314544 -0.008705 0.06365
v -0.314568 -0.010692 0.065208
v -0.314497 0.001402 0.061091
v -0.314507 0.004143 0.061583
v -0.314507 0.004143 0.061583
v -0.315369 -0.01569 0.071748
v -0.315369 -0.01569 0.071748
v -0.315349 -0.014557 0.069059
v -0.315327 -0.013136 0.066831
v -0.315299 -0.011178 0.064671
v -0.315299 -0.011178 0.064671
v -0.315275 -0.009102 0.06304
v -0.315275 -0.009102 0.06304
v -0.315253 -0.006543 0.061651
v -0.315253 -0.006543 0.061651
v -0.315229 0.001466 0.060362
v -0.315239 0.004332 0.060877
v -0.315255 0.006813 0.061774
v -0.315351 0.014691 0.069329
v -0.316293 -0.014365 0.08318
v -0.320435 -0.004739 0.092194
v -0.31996 -0.00771 0.090975
v -0.316382 -0.015705 0.081478
v -0.316382 -0.015705 0.081478
v -0.315839 -0.016265 0.079237
v -0.315496 -0.016479 0.076873
v -0.31569 -0.015031 0.08146
v -0.319037 0.020616 0.0774975
v -0.319037 0.0189555 0.074434
v -0.319037 0.0165121 0.0774507
v -0.319037 0.017997 0.076796
v -0.319037 -0.015384 0.0774975
v -0.319037 -0.0170437 0.074434
v -0.319037 -0.0194871 0.0774507
v -0.319037 -0.018002 0.076796
v -0.325276 0.059601 0.021285
v -0.325276 0.059581 0.021311
v -0.325276 0.060624 0.02042
v -0.325276 0.061316 0.020166
v -0.325276 0.061678 0.020104
v -0.325276 0.061833 0.020092
v -0.325873 0.061143 0.020212
v -0.326589 0.060803 0.020335
v -0.325276 0.060456 0.025651
v -0.325276 0.060534 0.025696
v -0.325276 0.059019 0.023401
v -0.325276 0.059054 0.023642
v -0.325276 0.059002 0.023122
v -0.325222 0.059178 0.022168
v -0.325168 0.059225 0.022123
v -0.325222 0.059062 0.022671
v -0.325168 0.059101 0.022618
v -0.325222 0.059035 0.023187
v -0.325168 0.059064 0.023128
v -0.325222 0.059033 0.023125
v -0.325222 0.059086 0.023639
v -0.325222 0.060552 0.02567
v -0.325222 0.064815 0.023997
v -0.325873 0.064862 0.023705
v -0.325168 0.064768 0.024042
v -0.325873 0.064959 0.023168
v -0.325873 0.064959 0.023168
v -0.326589 0.064948 0.02281
v -0.326589 0.064919 0.022843
v -0.326589 0.064919 0.022843
v -0.325873 0.064927 0.023198
v -0.326589 0.064408 0.021414
v -0.325873 0.064605 0.021675
v -0.326589 0.064416 0.021371
v -0.325222 0.06382 0.020746
v -0.325873 0.063562 0.020602
v -0.325168 0.063846 0.020806
v -0.325222 0.061379 0.020184
v -0.325222 0.061379 0.020184
v -0.325873 0.061123 0.02025
v -0.325168 0.060491 0.020566
v -0.325222 0.05966 0.021259
v -0.328861 0.060257 0.020644
v -0.328352 0.061447 0.020138
v -0.32784 0.061703 0.020102
v -0.327331 0.06196 0.020088
v -0.328352 0.062875 0.020219
v -0.328861 0.062746 0.020183
v -0.328352 0.062993 0.020258
v -0.327331 0.063796 0.020688
v -0.328861 0.06436 0.021243
v -0.328352 0.06451 0.021454
v -0.325054 0.060451 0.023056
v -0.325061 0.060452 0.023144
v -0.32511 0.060614 0.023773
v -0.325119 0.060673 0.02388
v -0.325128 0.060741 0.023983
v -0.325144 0.060894 0.024166
v -0.325071 0.061057 0.024309
v -0.325088 0.061259 0.02444
v -0.325107 0.061484 0.02454
v -0.325171 0.062347 0.024587
v -0.325177 0.062445 0.024561
v -0.325177 0.062445 0.024561
v -0.325282 0.062682 0.024467
v -0.325285 0.06271 0.024453
v -0.325255 0.063282 0.02394
v -0.325342 0.063282 0.02394
v -0.325356 0.063373 0.023785
v -0.325316 0.063541 0.023115
v -0.325334 0.063527 0.02287
v -0.325338 0.063521 0.022827
v -0.325353 0.063474 0.022628
v -0.325367 0.063409 0.022456
v -0.325372 0.063382 0.022397
v -0.325372 0.063382 0.022397
v -0.32539 0.063256 0.022187
v -0.32539 0.063256 0.022187
v -0.325395 0.063209 0.022125
v -0.325483 0.063209 0.022125
v -0.325406 0.063103 0.022004
v -0.325495 0.06309 0.02199
v -0.325421 0.062933 0.021853
v -0.325422 0.062927 0.021849
v -0.325537 0.062598 0.021659
v -0.325457 0.062497 0.02162
v -0.325547 0.062478 0.021614
v -0.325601 0.061748 0.021557
v -0.325617 0.061519 0.021613
v -0.325617 0.061519 0.021613
v -0.325621 0.06146 0.021633
v -0.325621 0.06146 0.021633
v -0.325633 0.061299 0.021703
v -0.325649 0.061117 0.021812
v -0.325651 0.061091 0.02183
v -0.325678 0.060829 0.02207
v -0.325688 0.060741 0.022181
v -0.325688 0.060741 0.022181
v -0.325707 0.060614 0.022391
v -0.325707 0.060614 0.022391
v -0.325619 0.060614 0.022393
v -0.325635 0.06053 0.022595
v -0.325673 0.060452 0.023144
v -0.325685 0.060467 0.023306
v -0.325702 0.060516 0.023526
v -0.32579 0.060516 0.023526
v -0.325723 0.060616 0.023778
v -0.325812 0.060626 0.023797
v -0.325731 0.060673 0.02388
v -0.325731 0.060673 0.02388
v -0.325819 0.060673 0.02388
v -0.32574 0.060744 0.023987
v -0.325829 0.060756 0.024004
v -0.325773 0.061075 0.024323
v -0.325931 0.061961 0.024627
v -0.325879 0.062466 0.024554
v -0.325879 0.062466 0.024554
v -0.325895 0.062686 0.024465
v -0.326002 0.062913 0.024327
v -0.326002 0.062913 0.024327
v -0.325926 0.063028 0.024233
v -0.326013 0.063028 0.024233
v -0.325932 0.063084 0.02418
v -0.325983 0.063455 0.023593
v -0.32607 0.063455 0.023593
v -0.325985 0.063466 0.023559
v -0.325985 0.063466 0.023559
v -0.326074 0.063473 0.023539
v -0.326001 0.063522 0.023331
v -0.326009 0.063536 0.023214
v -0.326018 0.063542 0.023092
v -0.326107 0.063542 0.02307
v -0.326055 0.063466 0.022605
v -0.326055 0.063466 0.022605
v -0.326067 0.063409 0.022456
v -0.326154 0.063409 0.022456
v -0.326163 0.063361 0.022357
v -0.326123 0.062909 0.021835
v -0.326141 0.062703 0.021708
v -0.326141 0.062703 0.021708
v -0.326149 0.062598 0.021659
v -0.326178 0.062233 0.021555
v -0.326179 0.062225 0.021554
v -0.326179 0.062225 0.021554
v -0.326267 0.06221 0.021552
v -0.326286 0.061964 0.021537
v -0.326349 0.061117 0.021812
v -0.326264 0.061088 0.021832
v -0.326408 0.060603 0.022414
v -0.326336 0.060523 0.022616
v -0.326425 0.060517 0.022638
v -0.326369 0.060451 0.023084
v -0.326458 0.060451 0.023107
v -0.326373 0.060452 0.023144
v -0.326373 0.060452 0.023144
v -0.326461 0.060452 0.023144
v -0.326476 0.060475 0.023352
v -0.326599 0.061552 0.024562
v -0.326601 0.061578 0.02457
v -0.326543 0.061961 0.024627
v -0.326547 0.062018 0.024627
v -0.32658 0.062487 0.024548
v -0.326686 0.062727 0.024444
v -0.326704 0.062933 0.024311
v -0.326703 0.063525 0.023309
v -0.326709 0.063536 0.023214
v -0.326825 0.063521 0.022827
v -0.326827 0.063516 0.022799
v -0.326767 0.063409 0.022456
v -0.326775 0.06336 0.022355
v -0.326775 0.06336 0.022355
v -0.326793 0.063229 0.02215
v -0.326793 0.063229 0.02215
v -0.326795 0.063209 0.022125
v -0.326795 0.063209 0.022125
v -0.326883 0.063209 0.022125
v -0.326898 0.063055 0.021956
v -0.326821 0.062933 0.021853
v -0.326825 0.06289 0.021822
v -0.326914 0.062871 0.021808
v -0.326932 0.06266 0.021686
v -0.326932 0.06266 0.021686
v -0.326932 0.06266 0.021686
v -0.326937 0.062598 0.021659
v -0.326898 0.061963 0.021537
v -0.326915 0.061722 0.021561
v -0.326931 0.061495 0.021621
v -0.326948 0.061276 0.021715
v -0.327037 0.061254 0.021727
v -0.32699 0.060829 0.02207
v -0.327003 0.060726 0.022202
v -0.327092 0.060712 0.022223
v -0.327107 0.060614 0.022393
v -0.327107 0.060614 0.022393
v -0.32711 0.060592 0.022437
v -0.327127 0.06051 0.022661
v -0.327133 0.060486 0.022758
v -0.32716 0.060452 0.023133
v -0.327178 0.06048 0.023378
v -0.327197 0.060547 0.023617
v -0.327215 0.060651 0.023842
v -0.327249 0.060947 0.024217
v -0.327265 0.061133 0.024364
v -0.327265 0.061133 0.024364
v -0.327249 0.062042 0.024627
v -0.327266 0.062282 0.024601
v -0.327355 0.062307 0.024596
v -0.327271 0.062347 0.024587
v -0.327335 0.063118 0.024146
v -0.327354 0.063274 0.023952
v -0.327497 0.063536 0.023214
v -0.327511 0.063541 0.023019
v -0.327511 0.063541 0.023019
v -0.327477 0.063349 0.022335
v -0.327566 0.063336 0.022311
v -0.327583 0.063209 0.022125
v -0.327583 0.063209 0.022125
v -0.327584 0.063199 0.022111
v -0.3276 0.063037 0.02194
v -0.327609 0.062933 0.021853
v -0.327616 0.06285 0.021794
v -0.327634 0.062636 0.021676
v -0.327637 0.062598 0.021659
v -0.3276 0.06194 0.021538
v -0.327607 0.061838 0.021545
v -0.327739 0.061232 0.021739
v -0.327749 0.061117 0.021812
v -0.327794 0.060698 0.022245
v -0.327807 0.060614 0.022393
v -0.327723 0.060593 0.022436
v -0.327812 0.060582 0.02246
v -0.327739 0.06051 0.02266
v -0.327828 0.060503 0.022685
v -0.327746 0.060486 0.022758
v -0.327844 0.06046 0.022916
v -0.327772 0.060452 0.023131
v -0.327861 0.060452 0.023144
v -0.327861 0.060452 0.023144
v -0.327773 0.060452 0.023144
v -0.327899 0.060556 0.023642
v -0.327917 0.060664 0.023864
v -0.327858 0.060913 0.024184
v -0.327861 0.060946 0.024215
v -0.327861 0.060946 0.024215
v -0.327877 0.061131 0.024363
v -0.327985 0.061369 0.024494
v -0.328001 0.061578 0.02457
v -0.328003 0.061603 0.024577
v -0.328022 0.061847 0.02462
v -0.328022 0.061847 0.02462
v -0.327943 0.061961 0.024627
v -0.327951 0.062065 0.024626
v -0.32804 0.062093 0.024625
v -0.328057 0.062331 0.024591
v -0.328058 0.062347 0.024587
v -0.327983 0.06253 0.024533
v -0.328073 0.062555 0.024523
v -0.327997 0.06271 0.024453
v -0.328026 0.063028 0.024233
v -0.328037 0.063134 0.024128
v -0.328055 0.063282 0.02394
v -0.328056 0.063287 0.023933
v -0.328145 0.063302 0.023909
v -0.328163 0.063416 0.023693
v -0.32809 0.063486 0.023494
v -0.328179 0.063493 0.023468
v -0.328106 0.063531 0.023264
v -0.328195 0.063534 0.023236
v -0.328141 0.063511 0.022777
v -0.32825 0.063432 0.022511
v -0.328212 0.063039 0.021942
v -0.328212 0.063039 0.021942
v -0.328221 0.062933 0.021853
v -0.328354 0.062378 0.021585
v -0.328354 0.062378 0.021585
v -0.328279 0.062225 0.021554
v -0.328366 0.062225 0.021554
v -0.328283 0.062162 0.021546
v -0.328319 0.061678 0.02157
v -0.328449 0.061117 0.021812
v -0.328459 0.061009 0.021894
v -0.328459 0.061009 0.021894
v -0.328478 0.060831 0.022068
v -0.32853 0.060497 0.022709
v -0.328533 0.060486 0.022758
v -0.328546 0.060458 0.022941
v -0.328561 0.060452 0.023144
v -0.328561 0.060452 0.023144
v -0.328564 0.060455 0.023184
v -0.32859 0.060516 0.023526
v -0.32859 0.060516 0.023526
v -0.32859 0.060584 0.023708
v -0.32859 0.060784 0.02404
v -0.32859 0.060913 0.024184
v -0.328579 0.06115 0.024375
v -0.32859 0.061221 0.024419
v -0.32859 0.061221 0.024419
v -0.32859 0.061276 0.024449
v -0.32859 0.061276 0.024449
v -0.32859 0.061276 0.024449
v -0.324968 0.060921 0.021973
v -0.32494 0.060965 0.021932
v -0.32494 0.061117 0.021812
v -0.329023 0.060819 0.024672
v -0.329021 0.060784 0.024644
v -0.328893 0.060852 0.02163
v -0.328886 0.061014 0.021525
v -0.329115 0.060818 0.02138
v -0.328821 0.062623 0.02142
v -0.328821 0.062623 0.02142
v -0.329115 0.062557 0.021089
v -0.328731 0.063682 0.023164
v -0.328594 0.061366 0.024498
v -0.328594 0.061366 0.024498
v -0.328819 0.061303 0.024716
v -0.328819 0.061303 0.024716
v -0.328819 0.061303 0.024716
v -0.328603 0.061527 0.024568
v -0.328837 0.061407 0.024776
v -0.328837 0.061407 0.024776
v -0.328629 0.062091 0.024665
v -0.32895 0.062147 0.024982
v -0.328628 0.062059 0.024665
v -0.328863 0.061563 0.024849
v -0.328644 0.06243 0.024622
v -0.32864 0.062337 0.024641
v -0.329009 0.062602 0.024951
v -0.328651 0.062599 0.024572
v -0.329034 0.0628 0.024903
v -0.328659 0.062765 0.024502
v -0.328659 0.062765 0.024502
v -0.328661 0.062803 0.024483
v -0.328685 0.063228 0.024166
v -0.328684 0.063221 0.024173
v -0.328693 0.063346 0.024029
v -0.328696 0.063389 0.02397
v -0.328732 0.063683 0.023142
v -0.328756 0.063636 0.022591
v -0.32875 0.063663 0.022719
v -0.328774 0.063484 0.0222
v -0.328781 0.063397 0.022055
v -0.329115 0.063621 0.021799
v -0.328797 0.063125 0.021742
v -0.32879 0.063255 0.021873
v -0.328785 0.063336 0.021971
v -0.328804 0.06298 0.021623
v -0.328838 0.062216 0.021302
v -0.328838 0.062216 0.021302
v -0.32883 0.0624 0.021342
v -0.328829 0.062443 0.021355
v -0.328829 0.062443 0.021355
v -0.328856 0.061779 0.021284
v -0.329115 0.061784 0.021023
v -0.32884 0.062162 0.021294
v -0.328862 0.061595 0.021309
v -0.329115 0.061527 0.021066
v -0.328863 0.061592 0.021309
v -0.328869 0.061409 0.021354
v -0.328872 0.061328 0.021381
v -0.328876 0.061229 0.021419
v -0.329115 0.061041 0.021246
v -0.328878 0.061185 0.021438
v -0.328883 0.061067 0.021496
v -0.328895 0.060819 0.021655
v -0.329115 0.060614 0.021541
v -0.328901 0.060702 0.021752
v -0.329115 0.060432 0.021727
v -0.328911 0.060527 0.021931
v -0.328911 0.060527 0.021931
v -0.328907 0.060597 0.021854
v -0.328907 0.060597 0.021854
v -0.329115 0.060144 0.022158
v -0.328935 0.0602 0.022491
v -0.329115 0.060043 0.022398
v -0.329115 0.059972 0.022648
v -0.328949 0.060104 0.022866
v -0.329115 0.059934 0.022905
v -0.32895 0.060099 0.022901
v -0.32895 0.060099 0.022901
v -0.328951 0.060096 0.022927
v -0.328958 0.060083 0.023123
v -0.328973 0.060115 0.023507
v -0.328973 0.060115 0.023507
v -0.329115 0.059955 0.023424
v -0.328966 0.06009 0.023319
v -0.328966 0.06009 0.023319
v -0.328961 0.060083 0.023201
v -0.329115 0.060104 0.023921
v -0.329115 0.060224 0.024151
v -0.329115 0.060224 0.024151
v -0.328998 0.060347 0.02413
v -0.328996 0.060325 0.024091
v -0.328996 0.060325 0.024091
v -0.329028 0.060935 0.024758
v -0.32903 0.060982 0.024789
v -0.329037 0.061155 0.024888
v -0.329044 0.062085 0.02508
v -0.329115 0.062209 0.025142
v -0.329115 0.062209 0.025142
v -0.329044 0.062168 0.025075
v -0.329115 0.062466 0.025099
v -0.329044 0.06245 0.02503
v -0.328777 0.061076 0.02455
v -0.328777 0.061076 0.02455
v -0.328783 0.061107 0.024576
v -0.328783 0.061107 0.024576
v -0.328783 0.061107 0.024576
v -0.328783 0.061107 0.024576
v -0.328811 0.06126 0.024688
v -0.328817 0.06129 0.024708
v -0.3287 0.060734 0.024154
v -0.3287 0.060734 0.024154
v -0.3287 0.060734 0.024154
v -0.328677 0.060663 0.024025
v -0.328616 0.060541 0.023676
v -0.328616 0.060541 0.023676
v -0.324536 0.060283 0.022153
v -0.32454 0.060236 0.022256
v -0.324788 0.063691 0.023166
v -0.324848 0.060667 0.022127
v -0.324489 0.062773 0.021244
v -0.324506 0.062653 0.021216
v -0.324878 0.062548 0.021573
v -0.324515 0.062589 0.021204
v -0.324879 0.062522 0.021565
v -0.324549 0.062352 0.021179
v -0.32457 0.062199 0.021178
v -0.32457 0.062199 0.021178
v -0.324593 0.062042 0.02119
v -0.324703 0.061285 0.021448
v -0.324926 0.061491 0.021608
v -0.324675 0.061462 0.021353
v -0.324924 0.061538 0.02159
v -0.324649 0.061645 0.02128
v -0.324622 0.061834 0.021227
v -0.324598 0.062002 0.021195
v -0.324757 0.060998 0.021672
v -0.324796 0.060835 0.021855
v -0.324818 0.060757 0.021967
v -0.324857 0.062982 0.021786
v -0.324854 0.063046 0.021833
v -0.324846 0.063182 0.021951
v -0.324838 0.063316 0.022097
v -0.324801 0.063665 0.022858
v -0.324415 0.064038 0.022741
v -0.324814 0.063593 0.022588
v -0.324415 0.06398 0.022487
v -0.324822 0.063514 0.022404
v -0.324798 0.063678 0.022943
v -0.324758 0.063514 0.023907
v -0.324765 0.063587 0.023735
v -0.324415 0.06395 0.023767
v -0.324769 0.063618 0.023642
v -0.324769 0.063618 0.023642
v -0.324773 0.063642 0.023557
v -0.324415 0.063379 0.024623
v -0.324415 0.063379 0.024623
v -0.324735 0.063204 0.024349
v -0.324725 0.06303 0.024507
v -0.324733 0.063171 0.024383
v -0.324733 0.063171 0.024383
v -0.324415 0.062715 0.025024
v -0.324708 0.062666 0.024728
v -0.324708 0.062666 0.024728
v -0.324712 0.062757 0.024684
v -0.324692 0.062242 0.024859
v -0.324702 0.062507 0.024791
v -0.324685 0.062078 0.02488
v -0.324668 0.061655 0.024867
v -0.324415 0.061436 0.025075
v -0.32466 0.061469 0.024829
v -0.324634 0.060865 0.024546
v -0.324613 0.060439 0.024121
v -0.324605 0.060333 0.023957
v -0.324567 0.06008 0.023018
v -0.324547 0.060169 0.022436
v -0.324547 0.060168 0.022441
v -0.324554 0.060119 0.022631
v -0.324554 0.060119 0.022631
v -0.324533 0.060323 0.022078
v -0.32453 0.060357 0.022018
v -0.324415 0.061527 0.021066
v -0.324415 0.061527 0.021066
v -0.324415 0.061784 0.021023
v -0.324485 0.061744 0.021098
v -0.324485 0.061744 0.021098
v -0.324485 0.061543 0.021134
v -0.324415 0.062303 0.021035
v -0.324485 0.062292 0.021104
v -0.324415 0.062044 0.021012
v -0.324485 0.062042 0.021083
v -0.324485 0.062538 0.021157
v -0.324485 0.062376 0.021119
v -0.325059 0.059127 0.023123
v -0.325059 0.059127 0.023123
v -0.325059 0.059168 0.022595
v -0.325059 0.059225 0.022336
v -0.325059 0.059535 0.021606
v -0.325059 0.059682 0.021385
v -0.325059 0.059682 0.021385
v -0.325059 0.060681 0.020532
v -0.325059 0.061172 0.020333
v -0.325059 0.061172 0.020333
v -0.325059 0.061429 0.020269
v -0.325059 0.061691 0.020229
v -0.328861 0.062648 0.020191
v -0.328861 0.064354 0.021287
v -0.328861 0.06025 0.020688
v -0.324465 0.059841 0.025052
v -0.324415 0.060257 0.025365
v -0.324465 0.060227 0.025405
v -0.324465 0.06067 0.025684
v -0.324415 0.06117 0.025831
v -0.324465 0.061156 0.025879
v -0.324415 0.063524 0.020653
v -0.324465 0.063551 0.02061
v -0.324415 0.063066 0.020419
v -0.324465 0.062063 0.020163
v -0.324415 0.061548 0.020247
v -0.324465 0.061541 0.020198
v -0.324415 0.060581 0.020586
v -0.324465 0.060556 0.020542
v -0.324415 0.060158 0.020879
v -0.326731 0.061487 0.02478
v -0.326802 0.060509 0.024419
v -0.326802 0.060509 0.024419
v -0.326679 0.060772 0.024364
v -0.326794 0.060411 0.024301
v -0.326662 0.060591 0.024162
v -0.326662 0.060591 0.024162
v -0.326767 0.060169 0.023895
v -0.326776 0.060239 0.024036
v -0.326645 0.060439 0.023928
v -0.326748 0.060063 0.023592
v -0.326757 0.060109 0.023743
v -0.326626 0.060323 0.023668
v -0.326607 0.060251 0.023392
v -0.326589 0.060224 0.023111
v -0.326589 0.060224 0.023111
v -0.32668 0.060128 0.022368
v -0.326688 0.060081 0.022507
v -0.326556 0.060299 0.022572
v -0.32654 0.060398 0.022316
v -0.326625 0.060664 0.021591
v -0.326625 0.060664 0.021591
v -0.326634 0.060557 0.021694
v -0.326503 0.06072 0.021852
v -0.326607 0.060918 0.021398
v -0.326616 0.060797 0.021482
v -0.326484 0.060934 0.021664
v -0.326484 0.060934 0.021664
v -0.326484 0.060934 0.021664
v -0.32659 0.061193 0.021251
v -0.326598 0.061065 0.021312
v -0.326466 0.061171 0.021514
v -0.326466 0.061171 0.021514
v -0.326466 0.061171 0.021514
v -0.326574 0.06148 0.02115
v -0.326565 0.061643 0.021114
v -0.326434 0.061683 0.021338
v -0.32654 0.062096 0.021085
v -0.32653 0.062273 0.021102
v -0.326398 0.062242 0.021327
v -0.326398 0.062242 0.021327
v -0.326485 0.063006 0.021356
v -0.326361 0.062784 0.021494
v -0.326344 0.063023 0.021637
v -0.326294 0.063562 0.02225
v -0.326238 0.063769 0.023068
v -0.326346 0.063953 0.023499
v -0.326346 0.063953 0.023499
v -0.326353 0.063975 0.023377
v -0.326221 0.06375 0.023344
v -0.326221 0.06375 0.023344
v -0.326221 0.06375 0.023344
v -0.326206 0.06369 0.023606
v -0.326206 0.06369 0.023606
v -0.326313 0.063734 0.024073
v -0.326189 0.063589 0.023862
v -0.326171 0.063445 0.024104
v -0.326133 0.063048 0.02451
v -0.326133 0.063048 0.02451
v -0.326115 0.062809 0.024658
v -0.326224 0.062519 0.025013
v -0.326224 0.062519 0.025013
v -0.32623 0.062629 0.024979
v -0.326099 0.062558 0.024764
v -0.326214 0.062334 0.025053
v -0.326083 0.062296 0.024829
v -0.32619 0.061903 0.02508
v -0.326066 0.062019 0.024855
v -0.326179 0.061703 0.025061
v -0.326048 0.061736 0.024836
v -0.326048 0.061736 0.024836
v -0.325943 0.060425 0.023902
v -0.325943 0.060425 0.023902
v -0.325924 0.060314 0.02364
v -0.325924 0.060314 0.02364
v -0.325906 0.060246 0.023363
v -0.325996 0.060039 0.022671
v -0.325981 0.060124 0.02238
v -0.325986 0.060091 0.022476
v -0.325986 0.060091 0.022476
v -0.325855 0.060307 0.022545
v -0.325855 0.060307 0.022545
v -0.325838 0.060411 0.02229
v -0.32582 0.060557 0.022048
v -0.32582 0.060557 0.022048
v -0.325926 0.060655 0.021599
v -0.325926 0.060655 0.021599
v -0.325932 0.06058 0.02167
v -0.325801 0.060741 0.021831
v -0.325801 0.060741 0.021831
v -0.325801 0.060741 0.021831
v -0.325908 0.060907 0.021405
v -0.325908 0.060907 0.021405
v -0.325908 0.060907 0.021405
v -0.325914 0.060824 0.021462
v -0.325782 0.060957 0.021646
v -0.325782 0.060957 0.021646
v -0.325782 0.060957 0.021646
v -0.325782 0.060957 0.021646
v -0.325896 0.061094 0.021297
v -0.325765 0.061197 0.0215
v -0.325765 0.061197 0.0215
v -0.325748 0.061449 0.021396
v -0.325748 0.061449 0.021396
v -0.325732 0.061711 0.021333
v -0.325785 0.062995 0.021349
v -0.325791 0.062914 0.021305
v -0.325659 0.06281 0.021507
v -0.325659 0.06281 0.021507
v -0.325736 0.063662 0.021975
v -0.32561 0.063428 0.022037
v -0.32561 0.063428 0.022037
v -0.325592 0.063575 0.022276
v -0.325647 0.063955 0.023487
v -0.325647 0.063955 0.023487
v -0.325651 0.06397 0.023409
v -0.32552 0.063745 0.023372
v -0.32552 0.063745 0.023372
v -0.325504 0.063681 0.023633
v -0.325614 0.06374 0.024062
v -0.325487 0.063575 0.023888
v -0.325595 0.063562 0.024327
v -0.325469 0.063428 0.024128
v -0.325469 0.063428 0.024128
v -0.325469 0.063428 0.024128
v -0.32545 0.063241 0.024344
v -0.325541 0.062816 0.024906
v -0.325414 0.062783 0.024671
v -0.325529 0.062599 0.024989
v -0.325397 0.062531 0.024772
v -0.325473 0.061598 0.025042
v -0.325477 0.06167 0.025055
v -0.325346 0.061707 0.024831
v -0.325259 0.060556 0.024116
v -0.325241 0.060411 0.023875
v -0.32535 0.060069 0.023617
v -0.32535 0.060069 0.023617
v -0.325354 0.060088 0.023679
v -0.325222 0.060305 0.023611
v -0.325331 0.060009 0.023303
v -0.325335 0.060017 0.023365
v -0.325204 0.060242 0.023333
v -0.325317 0.059997 0.023048
v -0.325186 0.060224 0.023052
v -0.325186 0.060224 0.023052
v -0.325264 0.06025 0.022107
v -0.325136 0.060424 0.022263
v -0.325246 0.060427 0.021843
v -0.325249 0.060392 0.021888
v -0.325118 0.060574 0.022024
v -0.325118 0.060574 0.022024
v -0.325099 0.060762 0.02181
v -0.32508 0.060982 0.021629
v -0.325047 0.061476 0.021388
v -0.325123 0.062389 0.021121
v -0.325104 0.062697 0.021209
v -0.325107 0.062651 0.021193
v -0.324976 0.062577 0.021407
v -0.324976 0.062577 0.021407
v -0.324976 0.062577 0.021407
v -0.325086 0.062984 0.021343
v -0.324957 0.062836 0.021521
v -0.324957 0.062836 0.021521
v -0.32494 0.063069 0.021671
v -0.32494 0.063069 0.021671
v -0.324908 0.063445 0.022061
v -0.324835 0.063769 0.023127
v -0.324818 0.06374 0.0234
v -0.324802 0.063672 0.02366
v -0.324785 0.063562 0.023914
v -0.324767 0.06341 0.024152
v -0.327433 0.061516 0.024788
v -0.32473 0.062999 0.024544
v -0.32467 0.060193 0.023947
v -0.328732 0.060355 0.023752
v -0.328768 0.060645 0.024229
v -0.32875 0.060483 0.024005
v -0.32875 0.060483 0.024005
v -0.3288 0.061055 0.024584
v -0.328949 0.061215 0.024923
v -0.32895 0.061231 0.02493
v -0.329037 0.06275 0.024935
v -0.324565 0.060244 0.022119
v -0.324565 0.060238 0.022129
v -0.324583 0.060111 0.022415
v -0.324583 0.060111 0.022415
v -0.324583 0.060111 0.022415
v -0.324598 0.060034 0.022695
v -0.324582 0.060115 0.022403
v -0.324615 0.059998 0.023015
v -0.324614 0.059998 0.023
v -0.324705 0.060548 0.024461
v -0.32472 0.060756 0.024651
v -0.324793 0.061955 0.025082
v -0.324859 0.063101 0.024749
v -0.324721 0.062883 0.024617
v -0.324842 0.062828 0.024901
v -0.326817 0.062835 0.024644
v -0.326907 0.063698 0.023579
v -0.326923 0.063754 0.023315
v -0.326958 0.063739 0.022758
v -0.327013 0.063393 0.021991
v -0.327046 0.062999 0.02162
v -0.327046 0.062999 0.02162
v -0.327063 0.062757 0.021481
v -0.327063 0.062757 0.021481
v -0.3271 0.062212 0.021323
v -0.327152 0.061395 0.021415
v -0.327152 0.061395 0.021415
v -0.327186 0.06091 0.021682
v -0.327186 0.06091 0.021682
v -0.327168 0.061145 0.021527
v -0.327168 0.061145 0.021527
v -0.327205 0.0607 0.021874
v -0.327224 0.060523 0.022097
v -0.327224 0.060523 0.022097
v -0.327242 0.060386 0.022342
v -0.327258 0.060291 0.022599
v -0.327258 0.060291 0.022599
v -0.327291 0.060225 0.02314
v -0.327291 0.060225 0.02314
v -0.327274 0.060237 0.022863
v -0.327328 0.060334 0.023696
v -0.327328 0.060334 0.023696
v -0.327309 0.060257 0.023421
v -0.32738 0.060793 0.024383
v -0.32738 0.060793 0.024383
v -0.327396 0.061006 0.024552
v -0.32747 0.062078 0.024853
v -0.32747 0.062078 0.024853
v -0.327451 0.061796 0.024843
v -0.327487 0.062352 0.024819
v -0.327487 0.062352 0.024819
v -0.327609 0.063706 0.023552
v -0.327592 0.063613 0.023809
v -0.327625 0.063757 0.023287
v -0.327625 0.063757 0.023287
v -0.327642 0.063768 0.02301
v -0.32766 0.063733 0.022728
v -0.32766 0.063733 0.022728
v -0.327679 0.063654 0.022454
v -0.327715 0.063375 0.021968
v -0.327715 0.063375 0.021968
v -0.327698 0.063533 0.022198
v -0.327698 0.063533 0.022198
v -0.327698 0.063533 0.022198
v -0.327747 0.062975 0.021604
v -0.327731 0.06319 0.021772
v -0.327765 0.06273 0.021469
v -0.327821 0.0619 0.021312
v -0.327853 0.061369 0.021424
v -0.327837 0.061627 0.021349
v -0.32787 0.06112 0.021542
v -0.32787 0.06112 0.021542
v -0.327926 0.060507 0.022122
v -0.327943 0.060374 0.022369
v -0.327943 0.060374 0.022369
v -0.327993 0.060226 0.02317
v -0.327993 0.060226 0.02317
v -0.327993 0.060226 0.02317
v -0.327976 0.060234 0.022892
v -0.327976 0.060234 0.022892
v -0.327976 0.060234 0.022892
v -0.327976 0.060234 0.022892
v -0.328011 0.060263 0.023451
v -0.32803 0.060344 0.023724
v -0.32803 0.060344 0.023724
v -0.328098 0.06103 0.024568
v -0.328135 0.061545 0.024796
v -0.328135 0.061545 0.024796
v -0.328116 0.061276 0.024702
v -0.328153 0.061825 0.024847
v -0.328171 0.062107 0.024851
v -0.328188 0.06238 0.024813
v -0.328204 0.062637 0.024735
v -0.328221 0.062886 0.024616
v -0.328276 0.063494 0.02403
v -0.328311 0.063713 0.023524
v -0.328362 0.063727 0.022699
v -0.328381 0.063643 0.022426
v -0.328381 0.063643 0.022426
v -0.328399 0.063518 0.022173
v -0.328449 0.062951 0.021588
v -0.328467 0.062703 0.021457
v -0.328467 0.062703 0.021457
v -0.328486 0.062434 0.021364
v -0.328486 0.062434 0.021364
v -0.328555 0.061342 0.021435
v -0.328572 0.061094 0.021556
v -0.328572 0.061094 0.021556
v -0.328572 0.061094 0.021556
v -0.32859 0.060863 0.021719
v -0.328609 0.06066 0.021918
v -0.328645 0.060362 0.022395
v -0.328661 0.060276 0.022654
v -0.328695 0.060228 0.023199
v -0.328677 0.060231 0.02292
v -0.328677 0.060231 0.02292
v -0.327039 0.063916 0.023642
v -0.327045 0.06395 0.023511
v -0.327045 0.06395 0.023511
v -0.327054 0.063979 0.023345
v -0.327221 0.062426 0.021129
v -0.327232 0.06224 0.021097
v -0.327289 0.061205 0.021246
v -0.327317 0.060771 0.021502
v -0.327306 0.060929 0.021391
v -0.327325 0.060674 0.021582
v -0.327355 0.060334 0.021971
v -0.327362 0.060269 0.022075
v -0.327389 0.060072 0.022537
v -0.327395 0.060044 0.022648
v -0.327459 0.06012 0.023775
v -0.327448 0.060059 0.02358
v -0.327564 0.061454 0.025007
v -0.32757 0.061561 0.025034
v -0.32757 0.061561 0.025034
v -0.327601 0.062088 0.02508
v -0.327589 0.061877 0.025079
v -0.327583 0.06177 0.025069
v -0.327607 0.062193 0.025073
v -0.327618 0.062398 0.025042
v -0.327729 0.063858 0.023814
v -0.327779 0.063989 0.022906
v -0.327797 0.063935 0.022591
v -0.327792 0.063956 0.022683
v -0.327834 0.063683 0.022007
v -0.327829 0.06373 0.022085
v -0.327851 0.063496 0.021759
v -0.327862 0.063343 0.021603
v -0.327956 0.061806 0.021091
v -0.327984 0.061288 0.021212
v -0.327973 0.061503 0.021144
v -0.328006 0.060939 0.021385
v -0.328001 0.061007 0.021344
v -0.328079 0.060137 0.022345
v -0.328075 0.060166 0.022277
v -0.328124 0.059999 0.023181
v -0.328111 0.060002 0.022938
v -0.328111 0.060002 0.022938
v -0.328111 0.060002 0.022938
v -0.328107 0.060008 0.022867
v -0.328147 0.060056 0.023567
v -0.328229 0.060906 0.024759
v -0.328233 0.06096 0.024793
v -0.328338 0.062771 0.024926
v -0.328515 0.063837 0.022299
v -0.328583 0.063038 0.021375
v -0.328688 0.061227 0.021236
v -0.328705 0.06095 0.021378
v -0.328703 0.060979 0.021361
v -0.328742 0.060467 0.021793
v -0.32874 0.060488 0.021769
v -0.328778 0.060142 0.022334
v -0.328776 0.060153 0.022307
v -0.328794 0.06005 0.022624
v -0.328809 0.060005 0.0229
v -0.324492 0.062685 0.021204
v -0.32453 0.062058 0.021083
v -0.324493 0.062674 0.0212
v -0.324511 0.062376 0.021119
v -0.32453 0.062045 0.021083
v -0.32453 0.062045 0.021083
v -0.324563 0.061445 0.02116
v -0.324548 0.06173 0.0211
v -0.324547 0.061744 0.021098
v -0.324547 0.061744 0.021098
v -0.324564 0.06143 0.021164
v -0.324597 0.060886 0.021419
v -0.324579 0.06116 0.021266
v -0.324598 0.060871 0.021429
v -0.324653 0.060234 0.022137
v -0.324652 0.060244 0.022119
v -0.324738 0.060073 0.023629
v -0.324809 0.06078 0.02467
v -0.324842 0.061302 0.024958
v -0.324824 0.061014 0.024824
v -0.324879 0.061928 0.025081
v -0.324879 0.061928 0.025081
v -0.324863 0.061645 0.025051
v -0.324881 0.061964 0.025082
v -0.324913 0.062542 0.025006
v -0.324897 0.062243 0.025067
v -0.324915 0.062577 0.024996
v -0.325037 0.063965 0.023433
v -0.325035 0.063957 0.023476
v -0.325072 0.063978 0.022808
v -0.325069 0.063984 0.022855
v -0.325124 0.063655 0.021965
v -0.325127 0.063627 0.021924
v -0.325157 0.063241 0.021517
v -0.325141 0.063463 0.021723
v -0.325159 0.063201 0.021486
v -0.325333 0.060427 0.021843
v -0.325337 0.060388 0.021894
v -0.325352 0.06025 0.022107
v -0.325388 0.060025 0.022746
v -0.325385 0.060037 0.022683
v -0.325506 0.060747 0.024644
v -0.325579 0.061916 0.025081
v -0.325565 0.061675 0.025056
v -0.32556 0.061598 0.025042
v -0.325596 0.06223 0.025069
v -0.325646 0.063091 0.024756
v -0.325633 0.062889 0.024872
v -0.325683 0.063562 0.024327
v -0.325688 0.063614 0.024258
v -0.325734 0.063955 0.023487
v -0.325774 0.063973 0.022778
v -0.325768 0.063985 0.022868
v -0.325806 0.063816 0.022252
v -0.325845 0.063409 0.021666
v -0.32584 0.063471 0.021732
v -0.3261 0.059999 0.022975
v -0.326106 0.059997 0.023085
v -0.326241 0.061278 0.024949
v -0.326229 0.061096 0.024868
v -0.326278 0.061903 0.02508
v -0.326285 0.062025 0.025082
v -0.326312 0.062519 0.025013
v -0.326302 0.062337 0.025053
v -0.326318 0.062632 0.024979
v -0.326334 0.062916 0.024859
v -0.326328 0.062805 0.024911
v -0.326328 0.062805 0.024911
v -0.326382 0.063554 0.024337
v -0.32639 0.063632 0.024233
v -0.326418 0.063867 0.023791
v -0.3264 0.063734 0.024073
v -0.326424 0.063908 0.023671
v -0.326486 0.063929 0.022566
v -0.326475 0.063968 0.022747
v -0.326555 0.06326 0.021532
v -0.32654 0.06348 0.021741
v -0.326563 0.063153 0.021451
v -0.326627 0.062096 0.021085
v -0.326636 0.061953 0.021083
v -0.326662 0.06148 0.02115
v -0.326669 0.061348 0.02119
v -0.326677 0.061193 0.021251
v -0.326732 0.060443 0.021823
v -0.32674 0.060352 0.021944
v -0.3268 0.06 0.022963
v -0.326808 0.059997 0.023115
v -0.326817 0.060006 0.023278
v -0.326913 0.060852 0.024722
v -0.326889 0.060509 0.024419
v -0.326897 0.060615 0.024529
v -0.326897 0.060615 0.024529
v -0.326905 0.060728 0.024628
v -0.326905 0.060728 0.024628
v -0.326931 0.061123 0.024882
v -0.32694 0.061266 0.024944
v -0.326986 0.062055 0.025081
v -0.326986 0.062055 0.025081
v -0.326959 0.061573 0.025037
v -0.326968 0.061736 0.025065
v -0.326977 0.06189 0.025079
v -0.326995 0.062205 0.025071
v -0.327109 0.063807 0.023933
v -0.327117 0.063862 0.023802
v -0.327117 0.063862 0.023802
v -0.327126 0.063916 0.023643
v -0.327159 0.063996 0.023034
v -0.327133 0.06395 0.023511
v -0.327142 0.063979 0.023346
v -0.327149 0.063993 0.023208
v -0.327149 0.063993 0.023208
v -0.327196 0.063879 0.022407
v -0.327167 0.063988 0.022893
v -0.327177 0.063963 0.022717
v -0.327185 0.063932 0.022579
v -0.327222 0.063676 0.021996
v -0.327319 0.062241 0.021097
v -0.327327 0.062109 0.021085
v -0.327354 0.061613 0.021119
v -0.327361 0.061491 0.021147
v -0.327449 0.060269 0.022075
v -0.327477 0.060073 0.022535
v -0.327483 0.060044 0.022648
v -0.327492 0.060012 0.022833
v -0.327499 0.060001 0.02295
v -0.327516 0.060005 0.023265
v -0.327583 0.060429 0.024324
v -0.327589 0.060501 0.02441
v -0.327639 0.061255 0.024939
v -0.327651 0.061451 0.025006
v -0.327651 0.061451 0.025006
v -0.327658 0.061561 0.025034
v -0.327658 0.061561 0.025034
v -0.32767 0.061767 0.025069
v -0.327762 0.063314 0.024587
v -0.32795 0.063346 0.021606
v -0.327954 0.063279 0.021548
v -0.327954 0.063279 0.021548
v -0.327966 0.063104 0.021417
v -0.328021 0.062211 0.021094
v -0.328026 0.062122 0.021086
v -0.328026 0.062122 0.021086
v -0.328144 0.060318 0.021995
v -0.328149 0.060275 0.022064
v -0.328166 0.060137 0.022345
v -0.328198 0.060002 0.022938
v -0.328198 0.060002 0.022938
v -0.328211 0.059999 0.023176
v -0.328284 0.060448 0.024347
v -0.328288 0.060493 0.024401
v -0.328353 0.061481 0.025015
v -0.328357 0.061548 0.025031
v -0.32841 0.062484 0.025022
v -0.328422 0.062714 0.024949
v -0.328422 0.062714 0.024949
v -0.328426 0.062771 0.024926
v -0.328476 0.06349 0.024413
v -0.32848 0.06353 0.024366
v -0.328498 0.063714 0.024106
v -0.328513 0.063831 0.023878
v -0.328565 0.06399 0.022918
v -0.328581 0.063951 0.022657
v -0.328581 0.063951 0.022657
v -0.328584 0.063938 0.022603
v -0.328584 0.063938 0.022603
v -0.328599 0.063857 0.022349
v -0.328599 0.063857 0.022349
v -0.328603 0.063837 0.022299
v -0.328638 0.063504 0.021768
v -0.328651 0.063324 0.021587
v -0.328651 0.063324 0.021587
v -0.328653 0.063288 0.021556
v -0.328704 0.062497 0.021146
v -0.328723 0.06218 0.021091
v -0.328723 0.06218 0.021091
v -0.328773 0.061265 0.021221
v -0.328775 0.061227 0.021236
v -0.32879 0.060985 0.021357
v -0.328792 0.06095 0.021378
v -0.328829 0.060467 0.021793
v -0.328896 0.060006 0.022892
v -0.328897 0.060003 0.022926
v -0.328897 0.060003 0.022926
v -0.328913 0.06 0.023206
v -0.328932 0.060046 0.023523
v -0.329003 0.0607 0.024605
v -0.329018 0.060927 0.024772
v -0.32902 0.060949 0.024786
v -0.32902 0.060949 0.024786
v -0.328571 0.062881 0.024618
v -0.328571 0.062881 0.024618
v -0.328644 0.063623 0.023788
v -0.328782 0.063174 0.021757
v -0.328782 0.063174 0.021757
v -0.328782 0.063174 0.021757
v -0.328749 0.063521 0.022178
v -0.328731 0.063646 0.022432
v -0.328731 0.063646 0.022432
v -0.328712 0.063729 0.022705
v -0.328712 0.063729 0.022705
v -0.328712 0.063729 0.022705
v -0.328676 0.06376 0.023264
v -0.328626 0.063491 0.024035
v -0.328607 0.06332 0.024262
v -0.328607 0.06332 0.024262
v -0.328554 0.062633 0.024737
v -0.328554 0.062633 0.024737
v -0.328538 0.062375 0.024814
v -0.328484 0.06154 0.024795
v -0.324785 0.060434 0.022245
v -0.324785 0.060434 0.022245
v -0.324766 0.060587 0.022007
v -0.324766 0.060587 0.022007
v -0.324729 0.060999 0.021617
v -0.324852 0.060239 0.023312
v -0.324871 0.060298 0.02359
v -0.32494 0.060918 0.024489
v -0.32494 0.060918 0.024489
v -0.324957 0.061151 0.02464
v -0.324957 0.061151 0.02464
v -0.324975 0.061409 0.024755
v -0.324975 0.061409 0.024755
v -0.324994 0.061685 0.024827
v -0.324994 0.061685 0.024827
v -0.325013 0.061967 0.024855
v -0.325013 0.061967 0.024855
v -0.325046 0.062511 0.024779
v -0.325046 0.062511 0.024779
v -0.325046 0.062511 0.024779
v -0.325062 0.062764 0.02468
v -0.325117 0.063414 0.024147
v -0.325136 0.063565 0.023908
v -0.325168 0.063742 0.023393
v -0.325203 0.063752 0.022839
v -0.325203 0.063752 0.022839
v -0.325222 0.063691 0.022561
v -0.32524 0.063586 0.022297
v -0.325258 0.063442 0.022056
v -0.325258 0.063442 0.022056
v -0.325258 0.063442 0.022056
v -0.325258 0.063442 0.022056
v -0.325275 0.063266 0.021845
v -0.325291 0.063064 0.021667
v -0.325291 0.063064 0.021667
v -0.325291 0.063064 0.021667
v -0.325308 0.062831 0.021518
v -0.325326 0.062571 0.021405
v -0.325345 0.062295 0.021335
v -0.325468 0.060571 0.022029
v -0.325468 0.060571 0.022029
v -0.325486 0.060422 0.022268
v -0.325503 0.060314 0.022523
v -0.325519 0.060249 0.022784
v -0.325536 0.060224 0.023058
v -0.325554 0.060243 0.023339
v -0.325573 0.060306 0.023616
v -0.325609 0.060559 0.02412
v -0.325609 0.060559 0.02412
v -0.325626 0.060736 0.024328
v -0.325641 0.060939 0.024505
v -0.325641 0.060939 0.024505
v -0.325659 0.061174 0.024653
v -0.325677 0.061435 0.024764
v -0.325696 0.061712 0.024832
v -0.325696 0.061712 0.024832
v -0.325714 0.061994 0.024855
v -0.325732 0.062272 0.024833
v -0.325748 0.062535 0.024771
v -0.325764 0.062787 0.024669
v -0.325764 0.062787 0.024669
v -0.325764 0.062787 0.024669
v -0.3258 0.063245 0.024341
v -0.325819 0.06343 0.024125
v -0.325854 0.063683 0.023629
v -0.325854 0.063683 0.023629
v -0.32587 0.063746 0.023368
v -0.32587 0.063746 0.023368
v -0.325887 0.063769 0.023093
v -0.325905 0.063748 0.022812
v -0.325924 0.063683 0.022535
v -0.325924 0.063683 0.022535
v -0.325942 0.063573 0.022272
v -0.325942 0.063573 0.022272
v -0.325942 0.063573 0.022272
v -0.325976 0.063248 0.021827
v -0.32601 0.062807 0.021506
v -0.326028 0.062545 0.021397
v -0.326047 0.062268 0.02133
v -0.326047 0.062268 0.02133
v -0.326065 0.061985 0.02131
v -0.326133 0.060955 0.021648
v -0.326151 0.060739 0.021833
v -0.326205 0.060306 0.022548
v -0.326221 0.060245 0.02281
v -0.326238 0.060224 0.023084
v -0.326238 0.060224 0.023084
v -0.326238 0.060224 0.023084
v -0.326256 0.060247 0.023366
v -0.32636 0.061198 0.024665
v -0.326416 0.062021 0.024855
v -0.326416 0.062021 0.024855
v -0.326433 0.062298 0.024829
v -0.326449 0.06256 0.024763
v -0.326449 0.06256 0.024763
v -0.326466 0.062811 0.024657
v -0.326466 0.062811 0.024657
v -0.326502 0.063264 0.024322
v -0.326521 0.063446 0.024103
v -0.326521 0.063446 0.024103
v -0.326556 0.063691 0.023604
v -0.326571 0.06375 0.023342
v -0.326607 0.063744 0.022785
v -0.326644 0.063561 0.022248
v -0.326662 0.06341 0.022013
v -0.326662 0.06341 0.022013
v -0.326662 0.06341 0.022013
v -0.326662 0.06341 0.022013
v -0.326678 0.06323 0.021809
v -0.326678 0.06323 0.021809
v -0.326694 0.063022 0.021636
v -0.326694 0.063022 0.021636
v -0.326767 0.061958 0.02131
v -0.326767 0.061958 0.02131
v -0.326784 0.061682 0.021338
v -0.3268 0.061421 0.021406
v -0.3268 0.061421 0.021406
v -0.3268 0.061421 0.021406
v -0.326816 0.06117 0.021514
v -0.326816 0.06117 0.021514
v -0.326834 0.060933 0.021664
v -0.326872 0.060539 0.022073
v -0.326872 0.060539 0.022073
v -0.326939 0.060224 0.023111
v -0.326939 0.060224 0.023111
v -0.326957 0.060251 0.023392
v -0.327029 0.060772 0.024364
v -0.327029 0.060772 0.024364
v -0.327045 0.060982 0.024536
v -0.327062 0.061223 0.024677
v -0.327099 0.061766 0.02484
v -0.327118 0.062048 0.024854
v -0.327118 0.062048 0.024854
v -0.327135 0.062324 0.024824
v -0.327135 0.062324 0.024824
v -0.327151 0.062584 0.024755
v -0.327223 0.063462 0.02408
v -0.327241 0.063601 0.023836
v -0.327257 0.063698 0.023579
v -0.327257 0.063698 0.023579
v -0.327273 0.063754 0.023316
v -0.327273 0.063754 0.023316
v -0.32729 0.063769 0.02304
v -0.327308 0.063739 0.022759
v -0.327327 0.063665 0.022483
v -0.327346 0.063548 0.022225
v -0.327346 0.063548 0.022225
v -0.327363 0.063394 0.021992
v -0.327363 0.063394 0.021992
v -0.32745 0.062214 0.021323
v -0.327469 0.061931 0.021311
v -0.327486 0.061656 0.021343
v -0.327573 0.060524 0.022095
v -0.327591 0.060386 0.022341
v -0.327608 0.060291 0.022597
v -0.327608 0.060291 0.022597
v -0.327608 0.060291 0.022597
v -0.327624 0.060238 0.022861
v -0.327624 0.060238 0.022861
v -0.327641 0.060225 0.023138
v -0.327641 0.060225 0.023138
v -0.327659 0.060256 0.023419
v -0.327714 0.060607 0.024183
v -0.32773 0.060791 0.024382
v -0.327746 0.061004 0.024551
v -0.327782 0.061513 0.024788
v -0.327782 0.061513 0.024788
v -0.327801 0.061793 0.024843
v -0.327819 0.062075 0.024853
v -0.327869 0.062858 0.024631
v -0.327887 0.063092 0.024476
v -0.327906 0.063301 0.024282
v -0.327906 0.063301 0.024282
v -0.327924 0.063477 0.024058
v -0.327974 0.063757 0.02329
v -0.32801 0.063734 0.022732
v -0.328029 0.063655 0.022458
v -0.328081 0.063193 0.021774
v -0.328081 0.063193 0.021774
v -0.328097 0.062978 0.021606
v -0.328097 0.062978 0.021606
v -0.328097 0.062978 0.021606
v -0.328152 0.062187 0.02132
v -0.328152 0.062187 0.02132
v -0.328152 0.062187 0.02132
v -0.32817 0.061904 0.021312
v -0.328187 0.061631 0.021348
v -0.328203 0.061373 0.021423
v -0.328275 0.060509 0.022118
v -0.328293 0.060376 0.022365
v -0.328309 0.060285 0.022622
v -0.328325 0.060235 0.022887
v -0.328343 0.060226 0.023165
v -0.328343 0.060226 0.023165
v -0.328416 0.060624 0.024204
v -0.328466 0.061272 0.0247
v -0.32784 0.063593 0.020585
v -0.327331 0.063802 0.020732
v -0.328352 0.062895 0.020258
v -0.328352 0.062953 0.020277
v -0.328352 0.061936 0.020119
v -0.328352 0.061906 0.020151
v -0.32784 0.06216 0.020154
v -0.328352 0.061423 0.020175
v -0.32784 0.061676 0.020136
v -0.327331 0.06193 0.020119
v -0.328352 0.060463 0.020546
v -0.327331 0.05921 0.02217
v -0.32784 0.059118 0.022376
v -0.327331 0.05919 0.022131
v -0.322198 0.016821 0.074042
v -0.322198 0.017678 0.073818
v -0.322198 0.017678 0.073818
v -0.322198 0.017834 0.073805
v -0.322198 0.018231 0.07381
v -0.322198 0.018355 0.073823
v -0.322461 0.019342 0.07412
v -0.322795 0.019189 0.074048
v -0.322198 0.020361 0.074957
v -0.323248 0.020987 0.076623
v -0.322461 0.020972 0.077145
v -0.322795 0.020792 0.077873
v -0.322795 0.020792 0.077873
v -0.322198 0.020669 0.07815
v -0.323248 0.020866 0.077656
v -0.323248 0.020866 0.077656
v -0.322795 0.019446 0.079417
v -0.323248 0.019642 0.079299
v -0.322198 0.015128 0.077656
v -0.322198 0.015197 0.077858
v -0.322198 0.015019 0.077115
v -0.322198 0.015007 0.07696
v -0.322144 0.015227 0.077849
v -0.322795 0.019404 0.079404
v -0.322795 0.020751 0.07789
v -0.322795 0.020751 0.07789
v -0.322795 0.020751 0.07789
v -0.323511 0.020863 0.077549
v -0.322795 0.020959 0.076882
v -0.323511 0.020948 0.076524
v -0.322795 0.020957 0.076944
v -0.322144 0.020923 0.077269
v -0.322795 0.020929 0.076366
v -0.322144 0.020959 0.076691
v -0.322795 0.020903 0.076401
v -0.322795 0.020316 0.075001
v -0.322795 0.020322 0.074958
v -0.322144 0.02051 0.075224
v -0.32209 0.020214 0.074876
v -0.322144 0.02024 0.074859
v -0.322795 0.019148 0.074065
v -0.322795 0.019148 0.074065
v -0.322795 0.019108 0.074082
v -0.32209 0.019423 0.074234
v -0.32209 0.018957 0.074025
v -0.322795 0.018656 0.073907
v -0.322144 0.018971 0.073997
v -0.322795 0.017602 0.07389
v -0.322795 0.017629 0.073855
v -0.323511 0.017276 0.073921
v -0.322144 0.01738 0.073897
v -0.32209 0.017443 0.073916
v -0.32209 0.017443 0.073916
v -0.322144 0.016886 0.074049
v -0.32209 0.016491 0.07428
v -0.322144 0.016426 0.074283
v -0.325783 0.016257 0.074358
v -0.325783 0.018231 0.07381
v -0.325274 0.018487 0.073841
v -0.325274 0.019359 0.074129
v -0.325783 0.020096 0.074659
v -0.325274 0.020576 0.075273
v -0.324254 0.02097 0.077158
v -0.325783 0.02099 0.076907
v -0.325274 0.020969 0.077164
v -0.325783 0.020723 0.078037
v -0.325022 0.019942 0.079073
v -0.321977 0.016452 0.07677
v -0.322013 0.016522 0.077257
v -0.322032 0.016615 0.077487
v -0.32205 0.016741 0.077697
v -0.321978 0.016882 0.077866
v -0.322067 0.016895 0.077879
v -0.321981 0.016914 0.077898
v -0.322029 0.017485 0.078254
v -0.322036 0.017579 0.078284
v -0.32212 0.018711 0.078167
v -0.322148 0.019029 0.077946
v -0.322152 0.019068 0.07791
v -0.322152 0.019068 0.07791
v -0.322171 0.019233 0.077724
v -0.322232 0.019537 0.076928
v -0.322319 0.019537 0.076928
v -0.322239 0.019542 0.076829
v -0.322328 0.019542 0.076809
v -0.322257 0.019528 0.076584
v -0.32226 0.019521 0.076541
v -0.322294 0.019382 0.076111
v -0.322294 0.019382 0.076111
v -0.322312 0.019257 0.075901
v -0.322401 0.019245 0.075885
v -0.322405 0.01921 0.075838
v -0.32245 0.018706 0.075423
v -0.32238 0.018498 0.075334
v -0.322488 0.018237 0.075269
v -0.322517 0.017838 0.075259
v -0.322484 0.017108 0.075532
v -0.322484 0.017108 0.075532
v -0.322503 0.016918 0.07569
v -0.32254 0.016624 0.076087
v -0.322542 0.016614 0.076106
v -0.322542 0.016614 0.076106
v -0.322557 0.016531 0.076308
v -0.322683 0.016453 0.076858
v -0.322697 0.016471 0.07704
v -0.322697 0.016471 0.07704
v -0.322645 0.016617 0.077491
v -0.322654 0.016674 0.077594
v -0.322695 0.017075 0.078036
v -0.322708 0.017222 0.078133
v -0.322749 0.017749 0.078321
v -0.32289 0.018486 0.078262
v -0.322924 0.018913 0.07804
v -0.322848 0.019029 0.077946
v -0.322854 0.019085 0.077893
v -0.322854 0.019085 0.077893
v -0.322854 0.019085 0.077893
v -0.322873 0.019247 0.077705
v -0.322997 0.019473 0.077253
v -0.323012 0.019526 0.077024
v -0.323029 0.019542 0.076784
v -0.323047 0.019521 0.076541
v -0.32296 0.019521 0.076541
v -0.323048 0.019521 0.076539
v -0.322977 0.019467 0.076319
v -0.323066 0.01946 0.076298
v -0.323085 0.019361 0.07607
v -0.323103 0.01923 0.075865
v -0.323018 0.01921 0.075838
v -0.32303 0.019088 0.075702
v -0.323131 0.018934 0.075567
v -0.323135 0.018892 0.075536
v -0.32319 0.018211 0.075265
v -0.323208 0.017965 0.075251
v -0.323225 0.017724 0.075275
v -0.323186 0.017089 0.075546
v -0.323294 0.016884 0.075724
v -0.323294 0.016884 0.075724
v -0.3233 0.016829 0.075784
v -0.323399 0.016476 0.077066
v -0.323399 0.016476 0.077066
v -0.323412 0.016517 0.07724
v -0.323454 0.016772 0.077737
v -0.323397 0.017094 0.07805
v -0.323486 0.017113 0.078063
v -0.323486 0.017113 0.078063
v -0.323408 0.017222 0.078133
v -0.323495 0.017222 0.078133
v -0.323451 0.017772 0.078325
v -0.323465 0.017962 0.078341
v -0.32347 0.018019 0.078341
v -0.323503 0.018488 0.078261
v -0.323519 0.018707 0.078168
v -0.323519 0.018707 0.078168
v -0.32352 0.018711 0.078167
v -0.32352 0.018711 0.078167
v -0.323537 0.018915 0.078039
v -0.323537 0.018915 0.078039
v -0.323548 0.019029 0.077946
v -0.323645 0.019119 0.077859
v -0.323664 0.019275 0.077666
v -0.323632 0.019537 0.076928
v -0.323642 0.019542 0.076782
v -0.323642 0.019542 0.076782
v -0.32366 0.019521 0.076541
v -0.323679 0.019459 0.076296
v -0.323689 0.01941 0.07617
v -0.323787 0.019349 0.076048
v -0.323804 0.019215 0.075845
v -0.323831 0.018934 0.075567
v -0.323837 0.018871 0.075522
v -0.323854 0.01866 0.0754
v -0.323801 0.018226 0.075268
v -0.323889 0.018226 0.075268
v -0.323802 0.01821 0.075265
v -0.32391 0.017939 0.075252
v -0.323917 0.017838 0.075259
v -0.323917 0.017838 0.075259
v -0.323927 0.017699 0.07528
v -0.323856 0.017461 0.075347
v -0.32387 0.017277 0.075429
v -0.323884 0.017117 0.075525
v -0.323888 0.01707 0.07556
v -0.323996 0.016867 0.075743
v -0.323913 0.016829 0.075784
v -0.323925 0.016727 0.075916
v -0.324015 0.016712 0.075937
v -0.324029 0.016614 0.076106
v -0.324029 0.016614 0.076106
v -0.324011 0.016476 0.077066
v -0.32403 0.016539 0.077307
v -0.324054 0.016674 0.077594
v -0.324081 0.016914 0.077898
v -0.324168 0.016914 0.077898
v -0.324082 0.01693 0.077914
v -0.324171 0.016948 0.07793
v -0.324188 0.017133 0.078077
v -0.324224 0.017578 0.078283
v -0.324243 0.017822 0.078331
v -0.324307 0.018711 0.078167
v -0.32431 0.01875 0.078145
v -0.324239 0.018934 0.078025
v -0.324328 0.018955 0.078009
v -0.324365 0.019283 0.077653
v -0.324366 0.019289 0.077644
v -0.324311 0.01948 0.077229
v -0.324416 0.019532 0.076974
v -0.324332 0.019537 0.076928
v -0.324344 0.019542 0.076759
v -0.32436 0.019521 0.076541
v -0.324362 0.019516 0.076514
v -0.324362 0.019516 0.076514
v -0.324399 0.01935 0.076048
v -0.324417 0.019215 0.075845
v -0.324506 0.019199 0.075825
v -0.324522 0.019038 0.075653
v -0.324522 0.019038 0.075653
v -0.324472 0.018599 0.075372
v -0.324485 0.01843 0.075312
v -0.324575 0.018404 0.075305
v -0.324588 0.018226 0.075268
v -0.324556 0.017461 0.075347
v -0.324572 0.017256 0.07544
v -0.324584 0.017117 0.075525
v -0.324627 0.016713 0.075936
v -0.324717 0.016698 0.075959
v -0.324717 0.016698 0.075959
v -0.324729 0.016614 0.076106
v -0.324713 0.01648 0.07709
v -0.324725 0.016517 0.07724
v -0.32475 0.01665 0.077554
v -0.324754 0.016674 0.077594
v -0.324768 0.016786 0.077756
v -0.324857 0.016803 0.077777
v -0.324857 0.016803 0.077777
v -0.324781 0.016914 0.077898
v -0.324868 0.016914 0.077898
v -0.324807 0.017222 0.078133
v -0.324807 0.017222 0.078133
v -0.324818 0.017344 0.078196
v -0.32503 0.018975 0.077993
v -0.324948 0.019029 0.077946
v -0.324948 0.019029 0.077946
v -0.324959 0.019135 0.077842
v -0.324977 0.019283 0.077653
v -0.325065 0.019283 0.077653
v -0.324978 0.019287 0.077646
v -0.325068 0.019303 0.077622
v -0.325085 0.019417 0.077406
v -0.325093 0.019456 0.077307
v -0.325093 0.019456 0.077307
v -0.325102 0.019494 0.077181
v -0.325102 0.019494 0.077181
v -0.325032 0.019537 0.076928
v -0.325045 0.019541 0.076736
v -0.325134 0.01904 0.075655
v -0.325144 0.018934 0.075567
v -0.325151 0.018853 0.075509
v -0.325187 0.018407 0.075306
v -0.325295 0.018133 0.075257
v -0.325314 0.017888 0.075254
v -0.325317 0.017838 0.075259
v -0.32533 0.017651 0.07529
v -0.32533 0.017651 0.07529
v -0.325381 0.017009 0.075608
v -0.3254 0.016832 0.075781
v -0.3254 0.016829 0.075784
v -0.325419 0.016684 0.075981
v -0.325419 0.016684 0.075981
v -0.325429 0.016614 0.076106
v -0.325429 0.016614 0.076106
v -0.325429 0.016614 0.076106
v -0.325436 0.016572 0.076197
v -0.325486 0.016455 0.076898
v -0.325415 0.016485 0.077113
v -0.325504 0.016491 0.077143
v -0.325425 0.016517 0.07724
v -0.325454 0.016674 0.077594
v -0.325469 0.0168 0.077774
v -0.325469 0.0168 0.077774
v -0.325512 0.016784 0.077754
v -0.325512 0.016914 0.077898
v -0.325512 0.017277 0.078163
v -0.321862 0.016539 0.076285
v -0.321862 0.016614 0.076106
v -0.325945 0.01682 0.078386
v -0.325944 0.016785 0.078357
v -0.326037 0.016742 0.078443
v -0.325815 0.016853 0.075344
v -0.32565 0.019672 0.076969
v -0.32565 0.019672 0.076969
v -0.326037 0.02006 0.076973
v -0.325517 0.017366 0.078212
v -0.325742 0.017303 0.07843
v -0.325525 0.017528 0.078282
v -0.32576 0.017408 0.078489
v -0.32576 0.017408 0.078489
v -0.325528 0.017595 0.078305
v -0.325873 0.018148 0.078696
v -0.32583 0.017848 0.078653
v -0.325542 0.017883 0.078367
v -0.325844 0.017945 0.078673
v -0.325902 0.01837 0.078695
v -0.325926 0.018559 0.078673
v -0.325574 0.0186 0.078286
v -0.326037 0.019176 0.078498
v -0.32559 0.018931 0.078123
v -0.325583 0.018804 0.078197
v -0.325607 0.019221 0.077887
v -0.325606 0.019212 0.077896
v -0.325598 0.019077 0.078018
v -0.325595 0.019023 0.07806
v -0.326037 0.020021 0.07723
v -0.325639 0.019611 0.077234
v -0.325646 0.019656 0.077059
v -0.325646 0.019656 0.077059
v -0.326037 0.020039 0.076454
v -0.32567 0.019673 0.076487
v -0.32567 0.019673 0.076487
v -0.325662 0.019688 0.076671
v -0.325662 0.019688 0.076671
v -0.325673 0.019664 0.076433
v -0.326037 0.019622 0.075513
v -0.325705 0.019371 0.075731
v -0.325705 0.019371 0.075731
v -0.326037 0.019448 0.075319
v -0.325719 0.019126 0.075455
v -0.325717 0.019159 0.075487
v -0.325717 0.019159 0.075487
v -0.325712 0.019256 0.075587
v -0.325707 0.019337 0.075685
v -0.325707 0.019337 0.075685
v -0.326037 0.018303 0.074748
v -0.326037 0.018044 0.074726
v -0.325768 0.018029 0.074995
v -0.325817 0.01682 0.075368
v -0.325829 0.016597 0.075568
v -0.325896 0.016117 0.077229
v -0.325895 0.016116 0.077221
v -0.325895 0.016116 0.077221
v -0.326037 0.015955 0.077137
v -0.325888 0.01609 0.077033
v -0.326037 0.016014 0.077391
v -0.325906 0.016185 0.077485
v -0.326037 0.016104 0.077635
v -0.325924 0.016394 0.077918
v -0.32592 0.016348 0.077843
v -0.325919 0.016326 0.077805
v -0.325937 0.016639 0.078223
v -0.32593 0.016508 0.078077
v -0.326037 0.01821 0.078855
v -0.326037 0.018466 0.078812
v -0.325967 0.01845 0.078744
v -0.325627 0.016751 0.077893
v -0.325653 0.016856 0.078038
v -0.325623 0.016735 0.077868
v -0.325543 0.016547 0.077413
v -0.325572 0.016596 0.07758
v -0.321438 0.016593 0.075415
v -0.321458 0.016284 0.075867
v -0.321463 0.016236 0.07597
v -0.321463 0.016236 0.07597
v -0.321575 0.017286 0.078485
v -0.321703 0.01968 0.077062
v -0.321711 0.019692 0.07688
v -0.321337 0.02006 0.076973
v -0.321412 0.018774 0.074958
v -0.321429 0.018654 0.074929
v -0.321465 0.018395 0.074895
v -0.321471 0.018352 0.074892
v -0.321493 0.018199 0.074892
v -0.321826 0.018013 0.075214
v -0.321856 0.017333 0.075394
v -0.321652 0.017136 0.075266
v -0.321635 0.017231 0.075197
v -0.321635 0.017231 0.075197
v -0.321633 0.017241 0.07519
v -0.321841 0.017658 0.075267
v -0.321572 0.017646 0.074994
v -0.321837 0.01777 0.075242
v -0.321837 0.01777 0.075242
v -0.321557 0.01775 0.074962
v -0.321834 0.017836 0.07523
v -0.321833 0.01654 0.076199
v -0.321769 0.019183 0.075665
v -0.321761 0.019316 0.075811
v -0.321724 0.019666 0.076572
v -0.321728 0.019646 0.076476
v -0.321671 0.019407 0.077809
v -0.321672 0.019423 0.077784
v -0.321337 0.019719 0.077945
v -0.321337 0.019719 0.077945
v -0.32168 0.019515 0.07762
v -0.321337 0.01985 0.07772
v -0.321692 0.019619 0.077355
v -0.321695 0.019642 0.077271
v -0.321657 0.019205 0.078063
v -0.321663 0.019297 0.077959
v -0.321663 0.019297 0.077959
v -0.321669 0.019383 0.077845
v -0.321337 0.018953 0.078632
v -0.321645 0.018987 0.078254
v -0.321337 0.019176 0.078498
v -0.321648 0.01903 0.078221
v -0.321337 0.018715 0.078738
v -0.321635 0.018758 0.078397
v -0.321635 0.018763 0.078395
v -0.321614 0.018242 0.078572
v -0.321622 0.018452 0.078522
v -0.321337 0.018466 0.078812
v -0.321337 0.018466 0.078812
v -0.321624 0.018491 0.07851
v -0.321624 0.018491 0.07851
v -0.321598 0.017845 0.078599
v -0.321598 0.017845 0.078599
v -0.3216 0.017887 0.0786
v -0.3216 0.017887 0.0786
v -0.3216 0.017887 0.0786
v -0.321337 0.01795 0.078866
v -0.321337 0.01795 0.078866
v -0.321603 0.01796 0.0786
v -0.321603 0.01796 0.0786
v -0.321591 0.01767 0.078583
v -0.321591 0.01767 0.078583
v -0.321591 0.017656 0.07858
v -0.321337 0.017437 0.078789
v -0.321337 0.017437 0.078789
v -0.321583 0.017469 0.078543
v -0.321579 0.017384 0.078518
v -0.321565 0.017053 0.078378
v -0.321558 0.016891 0.078278
v -0.321337 0.016372 0.078079
v -0.321337 0.016224 0.077865
v -0.321535 0.01644 0.077835
v -0.321337 0.015955 0.077137
v -0.321501 0.016106 0.077034
v -0.321503 0.016113 0.077075
v -0.321337 0.016043 0.076112
v -0.321469 0.01617 0.076149
v -0.321469 0.01617 0.076149
v -0.321469 0.01617 0.076149
v -0.321455 0.016323 0.075791
v -0.321337 0.016615 0.075255
v -0.32143 0.016735 0.075274
v -0.32143 0.016735 0.075274
v -0.321429 0.016774 0.07524
v -0.321429 0.016774 0.07524
v -0.321429 0.016774 0.07524
v -0.321982 0.015143 0.077101
v -0.321982 0.016452 0.074378
v -0.321982 0.016681 0.074245
v -0.321982 0.01743 0.073983
v -0.321982 0.017692 0.073942
v -0.321982 0.017692 0.073942
v -0.321982 0.018221 0.073935
v -0.325783 0.020052 0.074661
v -0.325783 0.019141 0.074062
v -0.325783 0.016251 0.074401
v -0.325783 0.020806 0.075954
v -0.325783 0.015862 0.074741
v -0.325783 0.020706 0.077997
v -0.325783 0.020957 0.076936
v -0.321387 0.015524 0.078349
v -0.321337 0.015878 0.078732
v -0.321387 0.015841 0.078765
v -0.321337 0.020281 0.075058
v -0.321387 0.020321 0.075028
v -0.321337 0.019934 0.074678
v -0.321337 0.015288 0.075847
v -0.321387 0.015241 0.075831
v -0.321337 0.015163 0.076346
v -0.32383 0.018206 0.078785
v -0.323707 0.018325 0.078538
v -0.32369 0.018049 0.078568
v -0.323793 0.017574 0.078751
v -0.323672 0.017767 0.078554
v -0.323653 0.017488 0.078494
v -0.323757 0.016982 0.078519
v -0.323766 0.017124 0.078595
v -0.323635 0.017223 0.078391
v -0.323617 0.016983 0.07825
v -0.323617 0.016983 0.07825
v -0.323601 0.016773 0.078078
v -0.323585 0.016591 0.077876
v -0.323567 0.016439 0.077641
v -0.323652 0.016007 0.076991
v -0.32353 0.016252 0.077106
v -0.32353 0.016252 0.077106
v -0.323643 0.015997 0.076828
v -0.323512 0.016225 0.076825
v -0.323512 0.016225 0.076825
v -0.323618 0.016042 0.076373
v -0.323626 0.016017 0.076517
v -0.323495 0.016242 0.076549
v -0.323425 0.016721 0.075566
v -0.323425 0.016721 0.075566
v -0.32353 0.016919 0.075112
v -0.323407 0.016934 0.075377
v -0.323407 0.016934 0.075377
v -0.323389 0.017171 0.075227
v -0.323497 0.01748 0.074864
v -0.323372 0.017423 0.075119
v -0.323356 0.017684 0.075051
v -0.323356 0.017684 0.075051
v -0.323462 0.018097 0.074799
v -0.32347 0.017955 0.074796
v -0.323339 0.01796 0.075024
v -0.323339 0.01796 0.075024
v -0.323321 0.018242 0.07504
v -0.323266 0.019023 0.075351
v -0.323375 0.01948 0.075454
v -0.323365 0.019593 0.075591
v -0.323234 0.019412 0.075728
v -0.323216 0.019562 0.075963
v -0.323179 0.019745 0.076501
v -0.323161 0.01977 0.076782
v -0.323128 0.019691 0.07732
v -0.323235 0.019734 0.077787
v -0.323217 0.019555 0.078051
v -0.323224 0.019631 0.077949
v -0.323093 0.019445 0.077818
v -0.323206 0.019425 0.078196
v -0.323056 0.019048 0.078223
v -0.323038 0.01881 0.078371
v -0.323147 0.01852 0.078726
v -0.323021 0.018558 0.078477
v -0.323021 0.018558 0.078477
v -0.323006 0.018296 0.078543
v -0.323006 0.018296 0.078543
v -0.323094 0.017586 0.078753
v -0.323082 0.01739 0.078702
v -0.323025 0.016518 0.078142
v -0.322899 0.016753 0.078058
v -0.323008 0.016328 0.077898
v -0.322883 0.016574 0.077853
v -0.322997 0.016224 0.07772
v -0.322865 0.016425 0.077615
v -0.322828 0.016247 0.077076
v -0.32281 0.016224 0.076795
v -0.32281 0.016224 0.076795
v -0.322813 0.017183 0.074969
v -0.322813 0.017183 0.074969
v -0.322687 0.017197 0.075214
v -0.322797 0.017469 0.074867
v -0.322802 0.017379 0.074894
v -0.322671 0.017449 0.07511
v -0.322671 0.017449 0.07511
v -0.322786 0.017675 0.074822
v -0.322655 0.017712 0.075046
v -0.322655 0.017712 0.075046
v -0.322637 0.017989 0.075023
v -0.322619 0.018272 0.075045
v -0.3226 0.018549 0.075111
v -0.322582 0.018811 0.075221
v -0.322564 0.019047 0.075367
v -0.322659 0.019663 0.075689
v -0.322663 0.019613 0.075617
v -0.322532 0.019429 0.075751
v -0.322532 0.019429 0.075751
v -0.32264 0.019817 0.075966
v -0.322646 0.019778 0.075886
v -0.322514 0.019576 0.07599
v -0.322442 0.019746 0.077086
v -0.322395 0.017599 0.078756
v -0.322268 0.017708 0.078545
v -0.322249 0.017431 0.078476
v -0.322326 0.016526 0.078151
v -0.322198 0.016733 0.078039
v -0.322181 0.016557 0.077829
v -0.322181 0.016557 0.077829
v -0.322272 0.01607 0.077331
v -0.322145 0.016305 0.077325
v -0.322145 0.016305 0.077325
v -0.322126 0.016242 0.077047
v -0.322108 0.016225 0.076766
v -0.322219 0.016037 0.076397
v -0.322219 0.016037 0.076397
v -0.322091 0.016251 0.076492
v -0.322091 0.016251 0.076492
v -0.322207 0.016101 0.076159
v -0.322076 0.016317 0.076232
v -0.322076 0.016317 0.076232
v -0.322149 0.016646 0.075321
v -0.322153 0.016605 0.07536
v -0.322021 0.016763 0.075523
v -0.322131 0.016897 0.075125
v -0.322003 0.016982 0.075343
v -0.321985 0.017223 0.075201
v -0.321985 0.017223 0.075201
v -0.321969 0.017476 0.075102
v -0.321953 0.01774 0.075042
v -0.321953 0.01774 0.075042
v -0.321935 0.018019 0.075023
v -0.322045 0.018389 0.074835
v -0.321917 0.018301 0.07505
v -0.322029 0.018652 0.074906
v -0.321898 0.018578 0.075121
v -0.321992 0.019242 0.075231
v -0.321992 0.019242 0.075231
v -0.321994 0.019207 0.075204
v -0.321863 0.01907 0.075385
v -0.321976 0.019464 0.075436
v -0.321978 0.019434 0.075405
v -0.321978 0.019434 0.075405
v -0.321847 0.019271 0.075563
v -0.321847 0.019271 0.075563
v -0.32183 0.019446 0.075775
v -0.321941 0.019811 0.075955
v -0.321944 0.019793 0.075916
v -0.321812 0.019589 0.076016
v -0.321923 0.019923 0.076255
v -0.321925 0.019911 0.076215
v -0.321794 0.019693 0.076281
v -0.321775 0.019754 0.07656
v -0.321854 0.019876 0.077481
v -0.321725 0.019673 0.077374
v -0.321725 0.019673 0.077374
v -0.321707 0.019562 0.077628
v -0.321689 0.01941 0.077866
v -0.32167 0.01922 0.078079
v -0.324355 0.017516 0.078502
v -0.325636 0.01627 0.077194
v -0.325654 0.016356 0.077466
v -0.325654 0.016356 0.077466
v -0.32569 0.016646 0.077943
v -0.32569 0.016646 0.077943
v -0.325706 0.016835 0.078135
v -0.325872 0.017215 0.078637
v -0.32591 0.017853 0.078791
v -0.325944 0.018461 0.078741
v -0.325944 0.018461 0.078741
v -0.325928 0.018169 0.078789
v -0.325927 0.018155 0.07879
v -0.325944 0.018473 0.078738
v -0.32145 0.016637 0.07533
v -0.32145 0.016637 0.07533
v -0.321432 0.01688 0.075137
v -0.321469 0.01642 0.075566
v -0.321451 0.016629 0.075337
v -0.321487 0.016245 0.075832
v -0.321488 0.016239 0.075843
v -0.321488 0.016239 0.075843
v -0.321504 0.016116 0.076116
v -0.321643 0.016774 0.078378
v -0.321714 0.017929 0.078795
v -0.321697 0.017637 0.078763
v -0.321697 0.017637 0.078763
v -0.321696 0.017611 0.078758
v -0.321716 0.017956 0.078796
v -0.321732 0.018243 0.078781
v -0.323758 0.019072 0.078206
v -0.323776 0.019284 0.078015
v -0.323813 0.019602 0.077549
v -0.323881 0.01974 0.076471
v -0.3239 0.019665 0.076196
v -0.323918 0.019548 0.075937
v -0.323968 0.019 0.075334
v -0.323968 0.019 0.075334
v -0.323952 0.019211 0.075504
v -0.323986 0.018758 0.075195
v -0.324004 0.018492 0.075094
v -0.324023 0.018213 0.075036
v -0.324023 0.018213 0.075036
v -0.324041 0.01793 0.075025
v -0.324041 0.01793 0.075025
v -0.324041 0.01793 0.075025
v -0.324074 0.017396 0.075128
v -0.324058 0.017655 0.075057
v -0.324058 0.017655 0.075057
v -0.324109 0.01691 0.075395
v -0.324091 0.017146 0.075241
v -0.324127 0.0167 0.075587
v -0.324127 0.0167 0.075587
v -0.324146 0.016523 0.075811
v -0.324146 0.016523 0.075811
v -0.324146 0.016523 0.075811
v -0.324164 0.016386 0.076056
v -0.324196 0.016238 0.076577
v -0.324287 0.016609 0.077899
v -0.324287 0.016609 0.077899
v -0.324303 0.016793 0.078097
v -0.324303 0.016793 0.078097
v -0.324392 0.018079 0.078567
v -0.324409 0.018353 0.078533
v -0.324425 0.018611 0.078459
v -0.324425 0.018611 0.078459
v -0.324441 0.018861 0.078344
v -0.324441 0.018861 0.078344
v -0.32446 0.019095 0.078187
v -0.32446 0.019095 0.078187
v -0.324497 0.019479 0.077769
v -0.324497 0.019479 0.077769
v -0.324478 0.019304 0.077993
v -0.324531 0.019706 0.077265
v -0.324531 0.019706 0.077265
v -0.324547 0.019758 0.077001
v -0.324602 0.019655 0.076168
v -0.324637 0.019376 0.075682
v -0.324637 0.019376 0.075682
v -0.324637 0.019376 0.075682
v -0.32462 0.019533 0.075912
v -0.32467 0.018976 0.075318
v -0.32467 0.018976 0.075318
v -0.32467 0.018976 0.075318
v -0.324653 0.019191 0.075485
v -0.324653 0.019191 0.075485
v -0.324687 0.018731 0.075182
v -0.324687 0.018731 0.075182
v -0.324706 0.018463 0.075086
v -0.324706 0.018463 0.075086
v -0.324725 0.018183 0.075033
v -0.324811 0.016887 0.075414
v -0.324829 0.01668 0.07561
v -0.324829 0.01668 0.07561
v -0.324848 0.016507 0.075836
v -0.324848 0.016507 0.075836
v -0.324915 0.016227 0.076883
v -0.324934 0.016263 0.077164
v -0.324971 0.016468 0.077693
v -0.324988 0.016627 0.077921
v -0.324988 0.016627 0.077921
v -0.325057 0.017545 0.07851
v -0.325057 0.017545 0.07851
v -0.325076 0.017826 0.07856
v -0.325143 0.018887 0.078329
v -0.325161 0.019119 0.078169
v -0.325199 0.019495 0.077744
v -0.325217 0.019626 0.077496
v -0.325217 0.019626 0.077496
v -0.325217 0.019626 0.077496
v -0.325233 0.019714 0.077238
v -0.325285 0.019728 0.076413
v -0.325339 0.019358 0.07566
v -0.325355 0.01917 0.075467
v -0.325427 0.018153 0.07503
v -0.325445 0.017872 0.075028
v -0.325445 0.017872 0.075028
v -0.325477 0.017343 0.075148
v -0.325462 0.0176 0.075068
v -0.325494 0.017095 0.07527
v -0.325512 0.016864 0.075433
v -0.325512 0.016864 0.075433
v -0.325512 0.016864 0.075433
v -0.325531 0.01666 0.075632
v -0.325531 0.01666 0.075632
v -0.32555 0.016491 0.075861
v -0.32555 0.016491 0.075861
v -0.32555 0.016491 0.075861
v -0.325567 0.016363 0.076109
v -0.325567 0.016363 0.076109
v -0.325617 0.016228 0.076913
v -0.325617 0.016228 0.076913
v -0.323889 0.01921 0.078386
v -0.323898 0.019325 0.078292
v -0.323935 0.019728 0.077798
v -0.323944 0.019808 0.077646
v -0.32402 0.019933 0.076292
v -0.324124 0.018733 0.074936
v -0.324117 0.018855 0.074989
v -0.324162 0.01811 0.074799
v -0.324196 0.017492 0.074861
v -0.324196 0.017492 0.074861
v -0.324189 0.017612 0.074833
v -0.324212 0.017205 0.074959
v -0.324222 0.017037 0.075042
v -0.324266 0.016452 0.075526
v -0.324318 0.016045 0.076361
v -0.324327 0.016012 0.076549
v -0.324418 0.016431 0.07804
v -0.324407 0.016314 0.077877
v -0.324523 0.018089 0.078794
v -0.324511 0.017878 0.078792
v -0.324556 0.01869 0.078672
v -0.324546 0.018497 0.078733
v -0.324546 0.018497 0.078733
v -0.32454 0.018398 0.078755
v -0.324591 0.019236 0.078366
v -0.324578 0.01906 0.07849
v -0.324597 0.019315 0.0783
v -0.324628 0.019669 0.077893
v -0.324634 0.019721 0.077809
v -0.324663 0.019926 0.077326
v -0.324651 0.019859 0.077527
v -0.324738 0.019832 0.076001
v -0.324773 0.019496 0.075472
v -0.324801 0.019101 0.075128
v -0.324801 0.019101 0.075128
v -0.324789 0.01928 0.075261
v -0.324806 0.019028 0.075082
v -0.324806 0.019028 0.075082
v -0.324946 0.016684 0.075287
v -0.325051 0.016004 0.076966
v -0.325188 0.017487 0.07873
v -0.325192 0.017549 0.078745
v -0.325192 0.017549 0.078745
v -0.3254 0.01999 0.076632
v -0.325416 0.01995 0.076364
v -0.325473 0.019505 0.075482
v -0.325609 0.017259 0.074937
v -0.32561 0.017228 0.07495
v -0.325644 0.016719 0.075258
v -0.325644 0.016719 0.075258
v -0.325627 0.016951 0.075092
v -0.325646 0.016694 0.075279
v -0.325748 0.016001 0.076928
v -0.325732 0.016003 0.076639
v -0.325768 0.016054 0.077269
v -0.325822 0.016486 0.078106
v -0.321415 0.018685 0.074918
v -0.321434 0.018364 0.07483
v -0.321452 0.018059 0.074797
v -0.323119 0.017279 0.078663
v -0.323242 0.019334 0.078283
v -0.321453 0.018045 0.074797
v -0.321486 0.017445 0.074874
v -0.321503 0.017145 0.074987
v -0.32166 0.016073 0.077343
v -0.321643 0.016014 0.077055
v -0.321729 0.016757 0.078365
v -0.321731 0.016781 0.078383
v -0.321764 0.017303 0.078672
v -0.321748 0.017043 0.078554
v -0.321837 0.018577 0.07871
v -0.321869 0.019102 0.078463
v -0.321869 0.019102 0.078463
v -0.321853 0.018863 0.078599
v -0.321851 0.018828 0.078615
v -0.321851 0.018828 0.078615
v -0.321871 0.019135 0.078441
v -0.321906 0.019571 0.078031
v -0.321906 0.019571 0.078031
v -0.321908 0.019596 0.077997
v -0.321908 0.019596 0.077997
v -0.321924 0.019747 0.077765
v -0.321944 0.01989 0.077441
v -0.321957 0.019958 0.077189
v -0.32201 0.019923 0.076255
v -0.32201 0.019923 0.076255
v -0.321994 0.019978 0.076522
v -0.322013 0.019909 0.076208
v -0.322099 0.018938 0.075031
v -0.322096 0.018985 0.075057
v -0.322169 0.017757 0.07481
v -0.322219 0.016897 0.075125
v -0.322204 0.017118 0.074999
v -0.322201 0.017172 0.074974
v -0.32236 0.01607 0.077331
v -0.322364 0.01609 0.077399
v -0.322396 0.016335 0.077908
v -0.322396 0.016335 0.077908
v -0.322382 0.016211 0.077696
v -0.322378 0.01618 0.077631
v -0.322433 0.016804 0.078401
v -0.322446 0.017004 0.078532
v -0.322501 0.017916 0.078794
v -0.322487 0.017676 0.07877
v -0.322535 0.018531 0.078723
v -0.322523 0.018308 0.078772
v -0.322519 0.018231 0.078782
v -0.322568 0.019092 0.07847
v -0.322573 0.01916 0.078423
v -0.322587 0.019344 0.078275
v -0.32261 0.019615 0.077972
v -0.322641 0.019872 0.077493
v -0.322628 0.019781 0.077701
v -0.322624 0.01974 0.077776
v -0.322624 0.01974 0.077776
v -0.322673 0.019995 0.076897
v -0.322673 0.019995 0.076897
v -0.322678 0.019997 0.076809
v -0.322709 0.019926 0.076267
v -0.322728 0.019817 0.075966
v -0.322991 0.016125 0.076093
v -0.322996 0.01609 0.076193
v -0.323066 0.0161 0.077428
v -0.323096 0.016328 0.077898
v -0.323084 0.016225 0.077723
v -0.323084 0.016225 0.077723
v -0.323078 0.016175 0.07762
v -0.323078 0.016175 0.07762
v -0.323078 0.016175 0.07762
v -0.323128 0.016738 0.07835
v -0.323134 0.016828 0.078419
v -0.323145 0.016993 0.078526
v -0.3232 0.017903 0.078794
v -0.323189 0.017706 0.078775
v -0.323234 0.01852 0.078726
v -0.323225 0.018337 0.078767
v -0.323218 0.018218 0.078784
v -0.32325 0.018806 0.078625
v -0.323304 0.019555 0.078051
v -0.32333 0.019794 0.077674
v -0.323323 0.019734 0.077787
v -0.323323 0.019734 0.077787
v -0.323363 0.019975 0.077089
v -0.323356 0.019953 0.077213
v -0.323356 0.019953 0.077213
v -0.32338 0.019997 0.076778
v -0.323409 0.019929 0.07628
v -0.32339 0.019987 0.076594
v -0.323416 0.01989 0.076149
v -0.323445 0.01967 0.0757
v -0.323427 0.019822 0.075978
v -0.323478 0.019261 0.075246
v -0.323469 0.019389 0.075359
v -0.323469 0.019389 0.075359
v -0.323462 0.01948 0.075454
v -0.323513 0.018721 0.074932
v -0.323513 0.018721 0.074932
v -0.323521 0.018587 0.074885
v -0.32355 0.018097 0.074799
v -0.32354 0.018273 0.074815
v -0.323531 0.018414 0.07484
v -0.323558 0.017954 0.074796
v -0.323626 0.016797 0.075196
v -0.323654 0.016444 0.075536
v -0.323644 0.016557 0.075409
v -0.323635 0.016665 0.075304
v -0.323635 0.016665 0.075304
v -0.323713 0.016017 0.076517
v -0.323706 0.016042 0.076373
v -0.323804 0.016411 0.078015
v -0.323836 0.016852 0.078436
v -0.323812 0.01651 0.078133
v -0.323812 0.01651 0.078133
v -0.323827 0.016728 0.078342
v -0.323827 0.016728 0.078342
v -0.323942 0.01866 0.078683
v -0.323942 0.01866 0.078683
v -0.323917 0.018206 0.078785
v -0.323926 0.018366 0.078762
v -0.323934 0.018508 0.07873
v -0.323976 0.019209 0.078387
v -0.323949 0.018795 0.07863
v -0.323949 0.018795 0.07863
v -0.323985 0.019325 0.078292
v -0.324055 0.019951 0.077225
v -0.324118 0.019879 0.07612
v -0.324126 0.019827 0.075989
v -0.324177 0.01927 0.075254
v -0.324187 0.019129 0.075147
v -0.324212 0.018733 0.074936
v -0.324231 0.018427 0.074843
v -0.324299 0.017205 0.074959
v -0.324309 0.017038 0.075041
v -0.324316 0.016929 0.075105
v -0.324346 0.016535 0.075431
v -0.324353 0.016452 0.075526
v -0.324389 0.016133 0.07607
v -0.324488 0.016254 0.077777
v -0.324494 0.016314 0.077877
v -0.324494 0.016314 0.077877
v -0.324505 0.01643 0.078038
v -0.324527 0.016719 0.078334
v -0.324628 0.018395 0.078756
v -0.324633 0.018497 0.078733
v -0.324633 0.018497 0.078733
v -0.324643 0.018687 0.078673
v -0.324649 0.018783 0.078635
v -0.324684 0.019315 0.0783
v -0.324739 0.019859 0.077527
v -0.32475 0.019925 0.077329
v -0.324755 0.019948 0.077236
v -0.324783 0.019996 0.076718
v -0.324789 0.019989 0.07662
v -0.324789 0.019989 0.07662
v -0.324789 0.019989 0.07662
v -0.324801 0.019958 0.076401
v -0.324948 0.018122 0.0748
v -0.325048 0.016514 0.075454
v -0.325053 0.01646 0.075517
v -0.325071 0.016276 0.075777
v -0.325084 0.016168 0.075987
v -0.325104 0.016048 0.07635
v -0.325116 0.016009 0.076576
v -0.325175 0.016159 0.077585
v -0.325189 0.016269 0.077803
v -0.325189 0.016269 0.077803
v -0.325193 0.016307 0.077866
v -0.325316 0.018181 0.078787
v -0.325345 0.018715 0.078663
v -0.325348 0.018772 0.07864
v -0.325435 0.019832 0.077592
v -0.325438 0.019854 0.077539
v -0.325438 0.019854 0.077539
v -0.32547 0.019991 0.076946
v -0.325485 0.019994 0.076687
v -0.325503 0.019951 0.07637
v -0.325506 0.019939 0.076317
v -0.32554 0.019717 0.075776
v -0.325543 0.01969 0.075731
v -0.325592 0.019039 0.075089
v -0.325731 0.016725 0.075253
v -0.325749 0.016494 0.075477
v -0.325752 0.016468 0.075507
v -0.325854 0.016046 0.077237
v -0.325891 0.016285 0.077829
v -0.325893 0.016301 0.077855
v -0.325893 0.016301 0.077855
v -0.32591 0.016486 0.078106
v -0.325444 0.018103 0.078565
v -0.325493 0.018882 0.078332
v -0.325493 0.018882 0.078332
v -0.325566 0.019623 0.077501
v -0.325566 0.019623 0.077501
v -0.325721 0.018957 0.075305
v -0.325739 0.01871 0.075173
v -0.325705 0.019174 0.07547
v -0.325671 0.019522 0.075892
v -0.325689 0.019362 0.075664
v -0.325616 0.019767 0.0767
v -0.325616 0.019767 0.0767
v -0.325634 0.019729 0.076419
v -0.325634 0.019729 0.076419
v -0.325634 0.019729 0.076419
v -0.325599 0.01976 0.076978
v -0.325599 0.01976 0.076978
v -0.325583 0.019712 0.077243
v -0.325511 0.019114 0.078172
v -0.325511 0.019114 0.078172
v -0.32553 0.01932 0.077975
v -0.32553 0.01932 0.077975
v -0.325476 0.018633 0.078451
v -0.325476 0.018633 0.078451
v -0.32546 0.018376 0.078528
v -0.321652 0.017 0.075331
v -0.321775 0.016239 0.077025
v -0.321847 0.016718 0.078024
v -0.321862 0.016919 0.078203
v -0.321879 0.017151 0.078354
v -0.321898 0.01741 0.078468
v -0.321969 0.018511 0.078492
v -0.321969 0.018511 0.078492
v -0.321985 0.018764 0.078394
v -0.321985 0.018764 0.078394
v -0.321985 0.018764 0.078394
v -0.322002 0.019006 0.078254
v -0.322002 0.019006 0.078254
v -0.322021 0.019226 0.078074
v -0.322021 0.019226 0.078074
v -0.32204 0.019415 0.07786
v -0.32204 0.019415 0.07786
v -0.32204 0.019415 0.07786
v -0.32204 0.019415 0.07786
v -0.322075 0.019675 0.077368
v -0.322107 0.019769 0.076834
v -0.322125 0.019753 0.076553
v -0.322125 0.019753 0.076553
v -0.322144 0.019691 0.076275
v -0.322163 0.019586 0.07601
v -0.322181 0.019442 0.075769
v -0.322181 0.019442 0.075769
v -0.32223 0.018831 0.075232
v -0.322249 0.018572 0.075119
v -0.322267 0.018295 0.075049
v -0.322286 0.018013 0.075023
v -0.322303 0.017735 0.075043
v -0.322336 0.017218 0.075204
v -0.322336 0.017218 0.075204
v -0.322353 0.016977 0.075346
v -0.322353 0.016977 0.075346
v -0.322372 0.016759 0.075528
v -0.322372 0.016759 0.075528
v -0.322409 0.016422 0.075982
v -0.322426 0.016315 0.076237
v -0.322476 0.016243 0.077052
v -0.322495 0.016307 0.07733
v -0.322495 0.016307 0.07733
v -0.322514 0.016414 0.077594
v -0.322514 0.016414 0.077594
v -0.322532 0.01656 0.077833
v -0.322532 0.01656 0.077833
v -0.322564 0.01694 0.078219
v -0.322581 0.017175 0.078366
v -0.322618 0.017712 0.078546
v -0.322618 0.017712 0.078546
v -0.322637 0.017995 0.078569
v -0.322654 0.018273 0.078547
v -0.322654 0.018273 0.078547
v -0.32267 0.018536 0.078485
v -0.322704 0.019028 0.078238
v -0.322704 0.019028 0.078238
v -0.322723 0.019245 0.078055
v -0.322723 0.019245 0.078055
v -0.322723 0.019245 0.078055
v -0.322741 0.019431 0.077839
v -0.322741 0.019431 0.077839
v -0.322741 0.019431 0.077839
v -0.32276 0.019578 0.077598
v -0.32276 0.019578 0.077598
v -0.322777 0.019683 0.077343
v -0.322792 0.019747 0.077081
v -0.322809 0.01977 0.076807
v -0.322809 0.01977 0.076807
v -0.322827 0.019749 0.076526
v -0.322846 0.019683 0.076249
v -0.322846 0.019683 0.076249
v -0.322846 0.019683 0.076249
v -0.322865 0.019574 0.075986
v -0.322899 0.019249 0.075541
v -0.323055 0.016955 0.075362
v -0.323074 0.016739 0.075547
v -0.323127 0.016307 0.076261
v -0.323197 0.016315 0.077356
v -0.323197 0.016315 0.077356
v -0.323215 0.016426 0.077618
v -0.323215 0.016426 0.077618
v -0.323215 0.016426 0.077618
v -0.323265 0.016961 0.078234
v -0.323265 0.016961 0.078234
v -0.323283 0.017199 0.078379
v -0.323283 0.017199 0.078379
v -0.32332 0.017739 0.07855
v -0.323338 0.018022 0.078568
v -0.323338 0.018022 0.078568
v -0.323338 0.018022 0.078568
v -0.323356 0.018299 0.078543
v -0.323356 0.018299 0.078543
v -0.323356 0.018299 0.078543
v -0.323372 0.01856 0.078477
v -0.323388 0.018812 0.07837
v -0.323388 0.018812 0.07837
v -0.323388 0.018812 0.07837
v -0.323388 0.018812 0.07837
v -0.323406 0.01905 0.078222
v -0.323406 0.01905 0.078222
v -0.323424 0.019264 0.078035
v -0.323424 0.019264 0.078035
v -0.323424 0.019264 0.078035
v -0.323443 0.019447 0.077816
v -0.323443 0.019447 0.077816
v -0.323461 0.01959 0.077574
v -0.323461 0.01959 0.077574
v -0.323478 0.019691 0.077318
v -0.323494 0.019751 0.077056
v -0.323494 0.019751 0.077056
v -0.323511 0.01977 0.07678
v -0.323511 0.01977 0.07678
v -0.323529 0.019745 0.076499
v -0.323548 0.019675 0.076223
v -0.323548 0.019675 0.076223
v -0.323566 0.019561 0.075962
v -0.323566 0.019561 0.075962
v -0.323566 0.019561 0.075962
v -0.323584 0.019411 0.075726
v -0.3236 0.01923 0.075523
v -0.3236 0.01923 0.075523
v -0.323634 0.018783 0.075207
v -0.323652 0.01852 0.075102
v -0.323652 0.01852 0.075102
v -0.323671 0.018241 0.07504
v -0.323671 0.018241 0.07504
v -0.323689 0.017959 0.075024
v -0.323739 0.017171 0.075228
v -0.323757 0.016934 0.075378
v -0.323757 0.016934 0.075378
v -0.323757 0.016934 0.075378
v -0.323775 0.01672 0.075566
v -0.323775 0.01672 0.075566
v -0.323794 0.01654 0.075787
v -0.323845 0.016242 0.076549
v -0.32388 0.016252 0.077106
v -0.323899 0.016324 0.077382
v -0.323899 0.016324 0.077382
v -0.323917 0.016439 0.077642
v -0.323917 0.016439 0.077642
v -0.323935 0.016591 0.077876
v -0.323935 0.016591 0.077876
v -0.323935 0.016591 0.077876
v -0.323951 0.016773 0.078078
v -0.323951 0.016773 0.078078
v -0.323951 0.016773 0.078078
v -0.323967 0.016983 0.07825
v -0.323967 0.016983 0.07825
v -0.324057 0.018324 0.078538
v -0.324073 0.018584 0.078468
v -0.324073 0.018584 0.078468
v -0.324073 0.018584 0.078468
v -0.32409 0.018835 0.078358
v -0.324108 0.019072 0.078206
v -0.324108 0.019072 0.078206
v -0.324126 0.019283 0.078016
v -0.32418 0.019699 0.077293
v -0.32418 0.019699 0.077293
v -0.324195 0.019754 0.07703
v -0.324195 0.019754 0.07703
v -0.324212 0.019769 0.076754
v -0.324231 0.01974 0.076472
v -0.324231 0.01974 0.076472
v -0.32425 0.019666 0.076197
v -0.32425 0.019666 0.076197
v -0.324286 0.019395 0.075705
v -0.324318 0.019001 0.075335
v -0.324335 0.018759 0.075195
v -0.324354 0.018493 0.075094
v -0.324354 0.018493 0.075094
v -0.324354 0.018493 0.075094
v -0.324373 0.018214 0.075037
v -0.324424 0.017398 0.075128
v -0.324441 0.017147 0.07524
v -0.324441 0.017147 0.07524
v -0.324441 0.017147 0.07524
v -0.324459 0.016912 0.075394
v -0.324459 0.016912 0.075394
v -0.324477 0.016701 0.075586
v -0.324496 0.016524 0.075809
v -0.324514 0.016387 0.076054
v -0.324514 0.016387 0.076054
v -0.32453 0.016292 0.076311
v -0.3246 0.016333 0.077408
v -0.324619 0.016452 0.077665
v -0.324619 0.016452 0.077665
v -0.324636 0.016608 0.077897
v -0.324652 0.016792 0.078096
v -0.324652 0.016792 0.078096
v -0.324669 0.017004 0.078265
v -0.324669 0.017004 0.078265
v -0.324686 0.017248 0.078402
v -0.324686 0.017248 0.078402
v -0.324759 0.01835 0.078533
v -0.324759 0.01835 0.078533
v -0.324775 0.018609 0.07846
v -0.324775 0.018609 0.07846
v -0.324809 0.019093 0.078189
v -0.324809 0.019093 0.078189
v -0.324828 0.019302 0.077996
v -0.324828 0.019302 0.077996
v -0.324828 0.019302 0.077996
v -0.324847 0.019477 0.077771
v -0.324865 0.019613 0.077526
v -0.324881 0.019706 0.077268
v -0.324881 0.019706 0.077268
v -0.324914 0.019768 0.076727
v -0.324914 0.019768 0.076727
v -0.324914 0.019768 0.076727
v -0.324933 0.019735 0.076446
v -0.324933 0.019735 0.076446
v -0.325003 0.019193 0.075488
v -0.325019 0.018979 0.07532
v -0.325019 0.018979 0.07532
v -0.325056 0.018467 0.075087
v -0.325074 0.018187 0.075034
v -0.325074 0.018187 0.075034
v -0.325093 0.017905 0.075026
v -0.325179 0.016683 0.075606
v -0.325215 0.016376 0.076079
v -0.325248 0.016235 0.076601
v -0.325302 0.016343 0.077433
v -0.325321 0.016466 0.077689
v -0.325321 0.016466 0.077689
v -0.325338 0.016624 0.077917
v -0.325338 0.016624 0.077917
v -0.325354 0.016811 0.078113
v -0.325388 0.017272 0.078414
v -0.325274 0.018595 0.079667
v -0.324763 0.018379 0.079735
v -0.324763 0.018345 0.079708
v -0.325274 0.019994 0.078986
v -0.325274 0.01995 0.078983
v -0.324763 0.019798 0.07915
v -0.324763 0.019798 0.07915
v -0.324763 0.019754 0.079144
v -0.325274 0.020593 0.078225
v -0.324763 0.020958 0.07693
v -0.324254 0.020935 0.077184
v -0.325274 0.020892 0.076162
v -0.325274 0.020868 0.076198
v -0.325274 0.020533 0.075262
v -0.324763 0.020656 0.075487
v -0.325274 0.020228 0.074845
v -0.325274 0.019372 0.074171
v -0.325274 0.018452 0.073868
v -0.325274 0.016464 0.07426
v -0.325274 0.016044 0.074609
v -0.325274 0.016047 0.074565
v -0.322029 0.061487 0.021701
v -0.322554 0.061303 0.021209
v -0.322554 0.061812 0.021091
v -0.330817 0.064091 0.02594
v -0.330817 0.065057 0.024872
v -0.330359 0.065497 0.024576
v -0.330359 0.065497 0.024576
v -0.330359 0.065513 0.02454
v -0.330817 0.065272 0.02444
v -0.330817 0.065272 0.02444
v -0.330817 0.065272 0.02444
v -0.330359 0.065645 0.021998
v -0.330817 0.065396 0.022072
v -0.330359 0.065563 0.021752
v -0.330817 0.060764 0.019767
v -0.331951 0.059573 0.022788
v -0.331951 0.06435 0.022384
v -0.332229 0.061628 0.025047
v -0.331951 0.06221 0.025522
v -0.332229 0.062172 0.025075
v -0.332229 0.062172 0.025075
v -0.332229 0.062442 0.025034
v -0.331951 0.06254 0.025471
v -0.331951 0.06254 0.025471
v -0.331951 0.06286 0.025375
v -0.331951 0.06286 0.025375
v -0.33162 0.063004 0.02576
v -0.331951 0.061221 0.025402
v -0.33162 0.06109 0.025791
v -0.33162 0.059264 0.023898
v -0.332229 0.062952 0.024843
v -0.331951 0.063165 0.025237
v -0.33162 0.063359 0.025598
v -0.33162 0.063359 0.025598
v -0.33124 0.063533 0.02592
v -0.331951 0.059636 0.02246
v -0.331951 0.059636 0.02246
v -0.331951 0.059636 0.02246
v -0.33162 0.059239 0.022356
v -0.33124 0.061398 0.026249
v -0.33162 0.061467 0.02589
v -0.33162 0.061467 0.02589
v -0.331951 0.061544 0.025487
v -0.331951 0.061544 0.025487
v -0.33124 0.059276 0.024802
v -0.33162 0.059585 0.024607
v -0.33124 0.059067 0.024414
v -0.33162 0.0594 0.024263
v -0.33162 0.0594 0.024263
v -0.33162 0.059364 0.021986
v -0.331951 0.059742 0.022143
v -0.331951 0.059742 0.022143
v -0.33162 0.059537 0.021637
v -0.331951 0.059891 0.021844
v -0.33124 0.059765 0.020762
v -0.33162 0.060019 0.021025
v -0.33162 0.060317 0.020774
v -0.33162 0.060317 0.020774
v -0.331951 0.060559 0.021105
v -0.330817 0.060324 0.019966
v -0.331951 0.060842 0.020927
v -0.331951 0.061146 0.020789
v -0.33124 0.060875 0.020062
v -0.331951 0.061466 0.020694
v -0.33162 0.062152 0.020228
v -0.33124 0.062171 0.019863
v -0.33124 0.062608 0.019916
v -0.33162 0.062539 0.020275
v -0.33124 0.063034 0.020027
v -0.33162 0.062917 0.020374
v -0.33162 0.062917 0.020374
v -0.33162 0.062917 0.020374
v -0.331951 0.062786 0.020763
v -0.33124 0.06344 0.020196
v -0.33162 0.063277 0.020524
v -0.33162 0.063277 0.020524
v -0.331951 0.063094 0.020891
v -0.331951 0.063094 0.020891
v -0.331951 0.063094 0.020891
v -0.331951 0.063383 0.02106
v -0.331951 0.063383 0.02106
v -0.33162 0.063614 0.020721
v -0.33162 0.064191 0.021243
v -0.331951 0.063877 0.021507
v -0.331951 0.064074 0.021777
v -0.332229 0.063345 0.021599
v -0.332229 0.06313 0.02143
v -0.332229 0.06313 0.02143
v -0.332229 0.061565 0.021131
v -0.332229 0.060156 0.022315
v -0.332229 0.060069 0.022574
v -0.332229 0.061364 0.024977
v -0.330817 0.065501 0.022544
v -0.33124 0.06519 0.022592
v -0.33162 0.064828 0.022647
v -0.331951 0.064423 0.02271
v -0.331951 0.064423 0.02271
v -0.332229 0.06398 0.022778
v -0.331951 0.064451 0.023043
v -0.33124 0.065227 0.02303
v -0.330359 0.065678 0.024048
v -0.330817 0.065426 0.023982
v -0.33124 0.065121 0.023902
v -0.33162 0.064768 0.023809
v -0.331951 0.064371 0.023705
v -0.332229 0.063938 0.023591
v -0.332229 0.06385 0.023849
v -0.33162 0.064643 0.024178
v -0.33162 0.064469 0.024528
v -0.33124 0.064537 0.025076
v -0.33162 0.064249 0.02485
v -0.331951 0.063927 0.024596
v -0.33124 0.064242 0.025402
v -0.33124 0.064242 0.025402
v -0.33124 0.064242 0.025402
v -0.33162 0.063988 0.025139
v -0.33162 0.063988 0.025139
v -0.331951 0.063703 0.024844
v -0.332229 0.063392 0.024522
v -0.332229 0.063183 0.024697
v -0.332229 0.063183 0.024697
v -0.331951 0.063447 0.025059
v -0.33162 0.063689 0.02539
v -0.33162 0.063689 0.02539
v -0.33124 0.063905 0.025686
v -0.33124 0.063905 0.025686
v -0.332229 0.062509 0.024434
v -0.332229 0.062146 0.024519
v -0.332229 0.060688 0.022488
v -0.332229 0.061861 0.021646
v -0.332229 0.062242 0.021659
v -0.332229 0.062606 0.021771
v -0.332229 0.06058 0.022844
v -0.332229 0.061498 0.02173
v -0.332047 0.06238 0.021878
v -0.332047 0.06238 0.021878
v -0.332081 0.062544 0.021905
v -0.332036 0.06221 0.021849
v -0.332145 0.061683 0.021761
v -0.332145 0.060699 0.022699
v -0.332145 0.062324 0.024403
v -0.318318 0.019082 0.075797
v -0.318318 0.019348 0.076203
v -0.318318 0.017997 0.075321
v -0.318318 0.016912 0.075797
v -0.318318 0.017295 0.075499
v -0.318318 0.017295 0.075499
v -0.318318 0.016527 0.076674
v -0.318843 0.016004 0.076631
v -0.318843 0.016166 0.075993
v -0.318843 0.017045 0.075037
v -0.318843 0.017045 0.075037
v -0.318843 0.017668 0.074823
v -0.318843 0.017997 0.074796
v -0.318843 0.018326 0.074823
v -0.318843 0.019829 0.075993
v -0.339215 0.01973 0.079797
v -0.338648 0.020156 0.079923
v -0.339215 0.020225 0.079451
v -0.340518 0.019876 0.076112
v -0.340518 0.016118 0.07748
v -0.340518 0.019729 0.075796
v -0.340518 0.019729 0.075796
v -0.340162 0.020209 0.075519
v -0.340518 0.016265 0.077796
v -0.340518 0.016265 0.077796
v -0.340162 0.015785 0.078073
v -0.339724 0.020998 0.077325
v -0.339215 0.02141 0.077398
v -0.339215 0.02141 0.077398
v -0.339215 0.014532 0.076796
v -0.339724 0.019521 0.074157
v -0.340162 0.019274 0.074584
v -0.340162 0.019274 0.074584
v -0.340518 0.018997 0.075064
v -0.339724 0.019956 0.074462
v -0.339724 0.019956 0.074462
v -0.340162 0.019639 0.074839
v -0.340162 0.019639 0.074839
v -0.340162 0.019639 0.074839
v -0.340518 0.019283 0.075264
v -0.340518 0.019283 0.075264
v -0.339724 0.020331 0.074837
v -0.340162 0.019954 0.075154
v -0.340162 0.019954 0.075154
v -0.340162 0.019954 0.075154
v -0.340518 0.019529 0.07551
v -0.340518 0.019529 0.07551
v -0.338648 0.021739 0.077456
v -0.338648 0.021797 0.076796
v -0.339724 0.02086 0.077838
v -0.340518 0.019529 0.078081
v -0.340162 0.019954 0.078438
v -0.340162 0.019639 0.078753
v -0.340518 0.019283 0.078328
v -0.340162 0.019274 0.079008
v -0.340518 0.018997 0.078528
v -0.339724 0.016474 0.079435
v -0.340162 0.01672 0.079008
v -0.340162 0.01672 0.079008
v -0.340518 0.016997 0.078528
v -0.340162 0.016355 0.078753
v -0.340518 0.016712 0.078328
v -0.340162 0.01604 0.078438
v -0.340518 0.016465 0.078081
v -0.338648 0.014197 0.076796
v -0.338648 0.014255 0.077456
v -0.340518 0.016747 0.077518
v -0.340518 0.018488 0.075439
v -0.340518 0.018488 0.075439
v -0.340518 0.018927 0.075692
v -0.340518 0.016576 0.07705
v -0.340518 0.017506 0.075439
v -0.340518 0.017506 0.078153
v -0.340518 0.019418 0.07705
v -0.340413 0.016747 0.077275
v -0.340413 0.017786 0.078118
v -0.340344 0.017565 0.07799
v -0.340413 0.019247 0.077275
v -0.340344 0.019247 0.077019
v -0.340324 0.018621 0.075713
v -0.340413 0.018208 0.075474
v -0.340344 0.018429 0.075602
v -0.340413 0.017786 0.075474
v -0.340344 0.017565 0.075602
v -0.239171 0.0744944 -3e-06
v -0.235989 0.0547365 -3e-06
v -0.242327 0.028767 -3e-06
v -0.272439 0.0595584 -3e-06
v -0.21433 0.0212855 -3e-06
v -0.230463 0.058971 -3e-06
v -0.266952 0.0749357 -3e-06
v -0.252562 0.045408 -3e-06
v -0.237174 0.0154079 -3e-06
v -0.282812 0.016101 -3e-06
v -0.230463 0.017941 -3e-06
v -0.210399 0.0749897 -3e-06
v -0.264406 0.073485 -3e-06
v -0.285119 0.045448 -3e-06
v -0.230769 0.0614797 -3e-06
v -0.213316 0.0696884 -3e-06
v -0.220468 0.0580191 -3e-06
v -0.210581 0.073485 -3e-06
v -0.292118 0.0393768 -3e-06
v -0.293982 0.0394364 -3e-06
v -0.209101 0.067925 -3e-06
v -0.290942 0.0188803 -3e-06
v -0.257113 0.012997 -3e-06
v -0.301218 -0.0145994 -3e-06
v -0.286783 -0.0216106 -3e-06
v -0.217218 -0.0709596 -3e-06
v -0.230344 -0.0608435 -3e-06
v -0.272372 -0.0530701 -3e-06
v -0.236035 -0.028177 -3e-06
v -0.210581 -0.07349 -3e-06
v -0.28477 -0.017947 -3e-06
v -0.244961 -0.0508974 -3e-06
v -0.290281 -0.0164745 -3e-06
v -0.242469 -0.0161064 -3e-06
v -0.257396 -0.017065 -3e-06
v -0.268666 -0.07349 -3e-06
v -0.292118 -0.0393823 -3e-06
v -0.294118 -0.0409421 -3e-06
v -0.27091 -0.0742474 -3e-06
v -0.152106 -0.07265 -3e-06
v -0.155338 -0.0793705 -3e-06
v -0.210841 -0.077206 -3e-06
v -0.154066 -0.07349 -3e-06
v -0.15348 -0.071487 -3e-06
v -0.153008 -0.069309 -3e-06
v -0.156251 -0.0732265 -3e-06
v -0.234899 -0.0143346 -3e-06
v -0.290255 -0.0562626 -3e-06
v -0.209369 -0.0687958 -3e-06
v -0.236954 -0.0746177 -3e-06
v -0.280392 -0.013002 -3e-06
v -0.152363 -0.071127 0.009997
v -0.326529 0.00472 0.017282
v -0.326529 -0.001326 0.013896
v -0.326529 -0.001326 0.013896
v -0.326529 0.00437 0.016388
v -0.326529 0.001518 0.013952
v -0.326529 0.002229 0.022978
v -0.326529 -0.003722 0.01543
v -0.326529 -0.003029 0.014764
v -0.326529 -0.003029 0.014764
v -0.326529 -0.00222 0.014246
v -0.326822 0.004407 0.015141
v -0.3266 0.001633 0.013599
v -0.3266 0.004012 0.022036
v -0.3266 0.003267 0.022752
v -0.3266 0.002397 0.023309
v -0.3266 0.004701 0.016219
v -0.3266 0.004701 0.016219
v -0.326822 0.005 0.016067
v -0.327132 0.005188 0.015971
v -0.326822 0.004268 0.022254
v -0.3266 0.004603 0.021188
v -0.326822 0.005337 0.020345
v -0.327132 0.005537 0.02041
v -0.326822 0.005572 0.019271
v -0.326822 0.005401 0.01709
v -0.327132 0.004573 0.015011
v -0.326822 -0.001729 0.023945
v -0.3266 -0.001427 0.013539
v -0.3266 -0.002571 0.023211
v -0.3266 -0.004004 0.015189
v -0.3266 -0.004004 0.015189
v -0.3266 -0.004004 0.015189
v -0.3266 -0.003259 0.014473
v -0.3266 -0.002389 0.013916
v -0.3266 -0.002389 0.013916
v -0.3266 0.000624 0.013378
v -0.326822 -0.00426 0.014971
v -0.327132 -0.005072 0.01577
v -0.3266 -0.004595 0.016037
v -0.326822 -0.005329 0.01688
v -0.327132 -0.005529 0.016815
v -0.326822 -0.002736 0.023504
f 6 5 9
f 22 1 2
f 24 4 3
f 8 7 25
f 27 17 15
f 29 16 14
f 28 13 30
f 32 26 33
f 23 34 31
f 36 18 37
f 10 12 39
f 40 11 35
f 41 38 21
f 19 42 20
f 45 43 44
f 47 48 49
f 54 50 51
f 57 58 56
f 60 59 61
f 62 52 53
f 63 64 55
f 65 66 67
f 70 68 69
f 71 46 72
f 74 75 76
f 73 77 78
f 81 80 79
f 86 87 88
f 94 91 92
f 100 98 101
f 90 99 93
f 106 89 107
f 108 105 109
f 116 113 112
f 117 114 115
f 118 119 120
f 123 122 121
f 124 85 84
f 127 125 129
f 130 128 126
f 131 111 110
f 132 103 133
f 134 104 102
f 135 137 83
f 138 136 139
f 141 140 142
f 97 82 96
f 95 144 143
f 145 147 146
f 158 161 154
f 154 161 155
f 163 164 165
f 156 171 168
f 166 172 167
f 154 155 158
f 157 160 169
f 174 173 159
f 180 181 179
f 184 183 182
f 185 186 187
f 175 176 188
f 177 190 178
f 189 192 193
f 170 194 195
f 191 197 198
f 150 151 199
f 199 151 200
f 202 203 204
f 207 208 205
f 210 209 206
f 152 211 153
f 215 216 217
f 219 221 222
f 225 196 223
f 228 227 229
f 149 148 224
f 232 234 230
f 231 233 235
f 236 226 237
f 239 240 238
f 212 162 214
f 243 213 241
f 245 242 244
f 201 218 220
f 248 246 247
f 253 252 251
f 259 255 257
f 260 256 261
f 262 258 263
f 264 254 265
f 273 270 272
f 276 274 277
f 281 280 282
f 285 284 283
f 286 279 278
f 287 275 268
f 288 267 289
f 290 271 266
f 291 249 292
f 293 269 250
f 295 296 294
f 298 297 299
f 301 303 302
f 300 305 304
f 324 315 314
f 326 325 327
f 332 331 333
f 335 336 330
f 312 334 329
f 339 313 337
f 347 348 346
f 345 311 344
f 350 349 351
f 352 343 353
f 354 342 341
f 355 317 316
f 358 357 361
f 363 356 364
f 365 359 360
f 367 362 369
f 368 370 366
f 372 371 373
f 307 310 309
f 374 306 308
f 328 376 375
f 318 340 338
f 320 319 321
f 322 377 323
f 381 385 382
f 380 386 384
f 379 387 383
f 378 389 388
f 390 391 392
f 393 394 395
f 396 397 398
f 406 400 401
f 407 402 408
f 409 403 410
f 415 413 416
f 422 404 420
f 421 405 419
f 414 424 425
f 426 418 417
f 435 431 433
f 436 437 434
f 439 441 438
f 443 442 440
f 444 432 430
f 445 429 446
f 447 428 427
f 449 423 411
f 448 412 450
f 451 399 452
f 454 455 453
f 458 457 456
f 460 461 459
f 465 464 463
f 462 466 467
f 472 473 471
f 469 470 468
f 474 476 475
f 478 477 479
f 483 481 482
f 482 480 483
f 483 480 481
f 493 494 495
f 493 496 494
f 488 484 485
f 488 485 492
f 493 495 496
f 485 484 492
f 486 487 498
f 498 487 489
f 498 489 497
f 497 489 490
f 490 491 497
f 499 501 503
f 503 501 500
f 503 500 499
f 502 505 510
f 507 506 504
f 506 508 504
f 505 504 510
f 510 504 509
f 506 507 508
f 508 507 509
f 509 502 510
f 514 520 519
f 702 701 703
f 708 706 710
f 713 715 716
f 722 723 721
f 697 724 725
f 734 736 738
f 741 742 743
f 687 745 688
f 686 746 744
f 685 749 750
f 770 771 774
f 777 694 779
f 778 693 780
f 689 781 691
f 752 755 788
f 795 797 791
f 804 805 806
f 809 808 810
f 813 815 814
f 518 820 517
f 515 516 819
f 521 817 513
f 522 523 818
f 512 816 511
f 823 822 824
f 825 826 827
f 828 829 830
f 832 831 833
f 835 834 836
f 838 837 839
f 850 852 854
f 894 895 896
f 912 913 914
f 918 920 923
f 929 930 931
f 975 976 980
f 983 984 985
f 990 747 991
f 994 699 995
f 712 711 996
f 997 709 705
f 993 707 704
f 811 998 812
f 999 807 1001
f 1000 802 803
f 1004 800 1005
f 1006 801 1002
f 1003 799 798
f 1007 1008 796
f 1009 794 793
f 969 786 785
f 524 690 945
f 580 579 847
f 587 586 845
f 603 602 1017
f 1018 601 1020
f 1025 607 606
f 612 1026 613
f 616 1029 617
f 619 1032 621
f 1033 622 1034
f 631 1039 1040
f 1041 634 632
f 638 1045 640
f 639 1046 641
f 642 1047 643
f 651 1057 652
f 658 1070 659
f 661 660 1073
f 662 1076 664
f 667 1077 1080
f 675 674 1087
f 1085 673 672
f 677 1090 678
f 1093 684 682
f 988 986 792
f 982 981 790
f 977 972 979
f 978 974 789
f 973 971 753
f 754 970 787
f 968 966 967
f 965 964 783
f 784 963 782
f 756 962 757
f 760 960 761
f 961 957 766
f 765 958 775
f 959 953 956
f 954 952 955
f 950 949 951
f 948 943 944
f 947 946 692
f 940 936 941
f 942 937 938
f 525 939 526
f 527 935 528
f 933 932 934
f 530 928 531
f 926 925 927
f 924 919 921
f 922 916 917
f 537 915 539
f 910 908 911
f 541 909 542
f 907 906 544
f 904 903 905
f 900 897 901
f 902 899 550
f 551 898 553
f 893 890 892
f 891 888 889
f 556 887 557
f 885 883 886
f 884 882 559
f 563 881 565
f 880 878 879
f 876 875 877
f 873 871 874
f 872 870 569
f 570 869 571
f 572 867 573
f 868 865 866
f 864 861 863
f 862 858 859
f 574 860 576
f 575 857 577
f 856 849 853
f 851 848 855
f 846 844 584
f 842 840 843
f 589 841 591
f 1095 1011 1096
f 1097 1010 1012
f 594 1013 595
f 1098 1014 1099
f 1100 1016 1015
f 599 1019 600
f 1101 1023 1021
f 1022 1102 1024
f 1103 1104 1027
f 1106 1028 1105
f 1107 1031 1030
f 987 1108 1035
f 1036 1109 1037
f 628 1038 629
f 636 1043 637
f 1111 1044 1112
f 1113 1042 1110
f 1115 1048 1114
f 644 1049 645
f 1050 1051 647
f 1116 1053 1052
f 1117 1054 1118
f 1120 1055 1119
f 1122 1056 1121
f 1058 1059 653
f 1124 1060 1125
f 1123 1126 1061
f 1127 1128 1062
f 1130 1063 1129
f 1064 1132 1065
f 1133 1066 1131
f 1067 1134 1068
f 1069 1071 657
f 1135 1136 1072
f 1137 1074 1138
f 1139 1140 1075
f 663 1078 666
f 1079 1081 668
f 669 1082 671
f 1142 1084 1143
f 1141 1144 1083
f 1086 1088 676
f 1089 1145 1091
f 1092 1146 1094
f 1148 989 1147
f 751 992 748
f 1278 740 739
f 1277 735 737
f 1276 732 733
f 730 731 1275
f 1274 695 729
f 1273 728 727
f 1270 726 1272
f 1269 696 1271
f 1281 720 719
f 1279 718 1282
f 1283 717 714
f 1285 698 700
f 1152 772 1155
f 1154 773 769
f 1153 768 767
f 1149 758 759
f 1151 762 763
f 1150 764 776
f 1156 1289 1159
f 1158 1288 1157
f 1160 1287 1286
f 1163 1295 1167
f 1299 1165 1296
f 1297 1164 1166
f 1301 1168 1300
f 1169 1170 1305
f 1304 1171 1172
f 1307 1173 1174
f 1319 1177 1317
f 1318 1178 1179
f 1185 1182 1323
f 1322 1181 1180
f 1184 1324 1183
f 1328 1187 1186
f 1330 1189 1188
f 1331 1191 1190
f 1192 1333 1334
f 1193 1194 1335
f 1195 1336 1196
f 1347 1202 1203
f 1206 1349 1204
f 1205 1348 1351
f 1209 1210 1356
f 1361 1212 1360
f 1359 1213 1211
f 1214 1215 1363
f 1364 1216 1362
f 1367 1217 1218
f 1219 1369 1220
f 1372 1226 1222
f 1371 1221 1223
f 1225 1375 1228
f 1233 1385 1235
f 1389 1238 1387
f 1388 1237 1236
f 1394 1240 1393
f 1397 1244 1243
f 1399 1246 1245
f 1404 1248 1402
f 1408 1249 1407
f 1409 1251 1250
f 1259 1257 1416
f 1415 1258 1256
f 1418 1261 1260
f 1264 1263 1423
f 1284 1266 1265
f 1280 1268 1267
f 1162 1290 1161
f 1291 529 1292
f 532 533 1293
f 1294 534 1298
f 1302 535 536
f 1303 538 540
f 543 545 1306
f 1308 546 1309
f 547 548 1310
f 1311 549 1312
f 1175 1313 1176
f 1314 552 554
f 1315 555 1316
f 1320 558 1321
f 1325 560 561
f 1326 562 1327
f 1329 564 566
f 1332 567 568
f 1198 1337 1197
f 1338 578 1340
f 1199 1339 1200
f 581 582 1341
f 1342 583 585
f 1343 588 590
f 1344 592 593
f 1345 1346 1201
f 1208 1350 1207
f 1352 596 598
f 1353 597 1354
f 1355 604 605
f 1357 608 609
f 610 611 1358
f 1365 614 1366
f 1368 615 1370
f 1373 618 620
f 1227 1374 1224
f 623 624 1376
f 1377 625 626
f 1230 1378 1229
f 1379 627 1381
f 1231 1380 1232
f 1382 630 1383
f 1384 1386 1234
f 1390 633 635
f 1391 1392 1239
f 646 648 1395
f 1241 1396 1242
f 649 650 1398
f 1400 1401 1247
f 1403 654 1405
f 1406 655 656
f 1252 1410 1253
f 1254 1411 1255
f 1412 665 1413
f 1414 670 1417
f 1419 679 680
f 1420 1421 1262
f 1422 681 683
f 1424 821 1425
f 1428 1427 1426
f 1447 1448 1449
f 1450 1436 1438
f 1451 1437 1452
f 1432 1455 1433
f 1635 1636 1637
f 1639 1641 1643
f 1638 1642 1644
f 1653 1652 1654
f 1658 1657 1660
f 1676 1674 1677
f 1671 1678 1680
f 1681 1675 1682
f 1684 1686 1685
f 1688 1690 1691
f 1689 1693 1694
f 1700 1699 1701
f 1702 1703 1704
f 1708 1709 1705
f 1633 1634 1710
f 1631 1630 1711
f 1629 1632 1715
f 1621 1716 1623
f 1622 1717 1624
f 1619 1719 1620
f 1721 1618 1722
f 1625 1733 1734
f 1739 1741 1742
f 1736 1744 1737
f 1749 1751 1752
f 1760 1763 1758
f 1770 1774 1769
f 1723 1783 1782
f 1786 1788 1787
f 1790 1440 1441
f 1443 1789 1442
f 1445 1797 1444
f 1796 1446 1439
f 1430 1453 1431
f 1793 1454 1794
f 1429 1792 1791
f 1435 1795 1434
f 1801 1800 1802
f 1804 1803 1805
f 1807 1806 1808
f 1810 1809 1811
f 1815 1816 1817
f 1823 1824 1825
f 1827 1828 1831
f 1844 1845 1846
f 1847 1848 1849
f 1850 1852 1853
f 1856 1857 1858
f 1864 1865 1866
f 1867 1868 1869
f 1870 1871 1872
f 1876 1877 1878
f 1890 1892 1893
f 1899 1901 1903
f 1905 1906 1907
f 1908 1909 1910
f 1915 1916 1917
f 1919 1920 1921
f 1932 1933 1934
f 1753 1750 1956
f 1776 1775 1957
f 1962 1720 1718
f 1963 1646 1645
f 1964 1651 1650
f 1965 1785 1966
f 1968 1784 1967
f 1969 1778 1779
f 1970 1780 1781
f 1971 1773 1772
f 1958 1771 1777
f 1972 1767 1768
f 1974 1764 1975
f 1973 1765 1766
f 1757 1976 1759
f 1979 1754 1762
f 1980 1761 1977
f 1978 1756 1755
f 1740 1738 1950
f 1458 1457 1912
f 1475 1473 1889
f 1483 1481 1885
f 1503 1501 1837
f 1509 1507 1832
f 1516 1515 1822
f 1526 1983 1529
f 1985 1532 1530
f 1989 1536 1990
f 1997 1543 1541
f 2002 1549 1548
f 2001 1546 2004
f 1550 2005 1551
f 1555 1553 2007
f 2014 1581 1580
f 1582 2015 1583
f 2017 1585 2019
f 1587 2024 2025
f 1588 2026 1589
f 2030 1596 1594
f 1597 2032 1598
f 1603 2036 2037
f 1609 2040 1610
f 1612 2045 1613
f 2048 1616 1615
f 1747 1954 1748
f 1953 1951 1952
f 1746 1949 1745
f 1948 1947 1743
f 1946 1945 1735
f 1942 1937 1944
f 1943 1941 1728
f 1938 1935 1940
f 1939 1936 1725
f 1929 1927 1931
f 1930 1928 1628
f 1627 1926 1626
f 1925 1924 1456
f 1922 1918 1923
f 1913 1911 1914
f 1900 1896 1904
f 1902 1898 1469
f 1470 1897 1472
f 1894 1891 1895
f 1474 1888 1476
f 1479 1887 1480
f 1886 1882 1482
f 1881 1879 1884
f 1883 1880 1484
f 1874 1873 1875
f 1863 1861 1862
f 1489 1860 1490
f 1495 1859 1496
f 1854 1851 1855
f 1843 1840 1842
f 1841 1836 1838
f 1839 1835 1502
f 1834 1833 1505
f 1510 1830 1511
f 1829 1826 1513
f 1821 1819 1820
f 1518 1818 1519
f 1814 1812 1813
f 1522 1981 1523
f 1524 1982 1527
f 2051 2052 1984
f 1534 1986 1535
f 2053 1988 1987
f 1991 2054 1992
f 1993 1994 1537
f 1995 2000 1539
f 2056 1996 1999
f 2055 1998 2057
f 1545 2003 1547
f 2058 1955 2059
f 2060 2008 2009
f 2006 2061 2010
f 1561 2011 1563
f 2063 2012 2062
f 1573 2013 1574
f 2065 2016 2064
f 2018 2021 1586
f 2067 2022 2020
f 2066 2068 2023
f 2070 2027 2069
f 2071 2028 2072
f 2073 2029 2074
f 2031 2075 2033
f 2076 2034 2077
f 2078 2035 2079
f 1604 2038 1605
f 2080 2081 2039
f 2083 2041 2082
f 2042 2084 2043
f 2085 2086 2044
f 2087 2046 2088
f 2047 2050 1614
f 2089 2049 2090
f 2091 1959 2092
f 2093 1960 1961
f 1655 1656 2243
f 1714 2094 1713
f 1712 2095 2240
f 2239 1707 1706
f 2237 1696 1698
f 2236 1697 2238
f 2235 1692 1695
f 2233 1687 2234
f 2231 1683 2232
f 2229 1673 2230
f 2226 1679 2228
f 2225 1672 2227
f 2251 1669 1670
f 2252 1668 1667
f 1666 1665 2254
f 1664 1663 2244
f 2261 1659 1661
f 2265 1649 1648
f 1640 2241 1647
f 2268 1731 1732
f 1724 1730 2269
f 2096 1729 2098
f 2097 1727 1726
f 2271 2102 2101
f 2104 2105 2274
f 2278 2108 2109
f 2110 2281 2283
f 2113 2285 2114
f 2115 2291 2116
f 2296 2120 2118
f 2300 2121 2299
f 2128 2306 2308
f 2307 2126 2127
f 2133 2131 2311
f 2310 2129 2130
f 2313 2135 2136
f 2312 2134 2132
f 2314 2138 2139
f 2315 2140 2137
f 2143 2141 2320
f 2327 2145 2326
f 2146 2328 2329
f 2333 2150 2149
f 2334 2151 2152
f 2154 2336 2153
f 2340 2160 2159
f 2342 2162 2161
f 2163 2343 2164
f 2344 2165 2166
f 2167 2346 2348
f 2350 2168 2349
f 2353 2169 2351
f 2360 2171 2357
f 2361 2173 2172
f 2177 2175 2363
f 2178 2368 2179
f 2376 2182 2374
f 2375 2181 2180
f 2185 2184 2383
f 2186 2386 2187
f 2388 2191 2189
f 2387 2190 2188
f 2397 2192 2396
f 2198 2197 2403
f 2404 2196 2195
f 2406 2200 2199
f 2408 2202 2201
f 2411 2203 2410
f 2204 2414 2205
f 2266 2206 2267
f 2242 2208 2207
f 2210 2209 2264
f 2260 2211 2263
f 1662 2245 2262
f 2258 2212 2259
f 2257 2253 2213
f 2217 2215 2255
f 2256 2216 2214
f 2249 2219 2218
f 2222 2221 2248
f 2247 2220 2250
f 2246 2224 2223
f 2099 2270 2100
f 2272 2273 2103
f 2275 1459 2276
f 2106 2277 2107
f 2279 1460 1461
f 2112 2282 2111
f 2280 1462 1463
f 2284 1464 2286
f 2287 1465 1466
f 2288 1468 2289
f 1467 1471 2290
f 1477 1478 2292
f 2293 2295 2117
f 2294 1485 1486
f 2297 2298 2119
f 2301 1487 1488
f 2122 2302 2123
f 2303 1491 1492
f 1493 1494 2304
f 2125 2305 2124
f 1497 1498 2309
f 2316 1499 1500
f 2317 1504 2318
f 2319 1506 1508
f 2321 2322 2142
f 2323 1512 1514
f 2324 2325 2144
f 2330 1517 2331
f 2147 2332 2148
f 1520 1521 2335
f 2156 2337 2155
f 2338 1525 1528
f 2157 2339 2158
f 1531 1533 2341
f 1538 1540 2345
f 2347 1542 1544
f 2352 2355 2170
f 1552 1554 2354
f 2356 1556 1557
f 1558 1559 2359
f 2358 1560 1562
f 1564 1565 2362
f 2176 2364 2174
f 2365 1566 1567
f 2366 1568 2367
f 2369 1569 1570
f 2370 1571 2372
f 2371 1572 2373
f 2377 1575 2378
f 2380 1576 1577
f 2379 2381 2183
f 2382 1578 1579
f 2384 1584 2385
f 2389 1590 2390
f 2391 1591 2392
f 1592 1593 2393
f 2394 1595 2395
f 2193 2398 2194
f 2399 1599 1600
f 1601 1602 2400
f 2402 1606 1607
f 2401 1608 2405
f 2407 1611 2409
f 2412 1617 2413
f 1798 1799 2415
f 2418 2416 2417
f 2420 2423 2422
f 2424 2425 2421
f 2447 2432 2450
f 2436 2433 2451
f 2434 2438 2435
f 2439 2444 2419
f 2443 2440 2441
f 2441 2440 2442
f 2442 2443 2441
f 2439 2440 2444
f 2440 2439 2419
f 2429 2445 2430
f 2431 2446 2448
f 2449 2445 2429
f 2449 2429 2430
f 2447 2446 2431
f 2447 2431 2448
f 2447 2435 2432
f 2450 2432 2435
f 2435 2426 2434
f 2434 2426 2438
f 2436 2437 2433
f 2433 2437 2451
f 2454 2453 2455
f 2458 2465 2456
f 2472 2474 2460
f 2477 2478 2459
f 2457 2479 2480
f 2466 2481 2483
f 2486 2484 2485
f 2452 2427 2428
f 2491 2490 2493
f 2494 2495 2492
f 2515 2517 2502
f 2502 2517 2500
f 9676 2515 2516
f 2502 2500 2512
f 2510 2511 2499
f 2511 2513 2500
f 2499 2514 2502
f 2502 2514 2515
f 2515 2514 2508
f 2515 2508 2516
f 2510 2499 2502
f 2510 2502 2511
f 2511 2502 2512
f 2515 9676 2517
f 2497 2496 2503
f 2497 2503 2504
f 2506 2498 2505
f 2498 2507 2509
f 2498 2509 2501
f 2498 2497 2504
f 2498 2504 2505
f 2535 2488 2487
f 2534 2536 2533
f 2489 2537 2538
f 2467 2482 2539
f 2541 2470 2468
f 2469 2544 2543
f 2551 2547 2552
f 2554 2553 2555
f 2548 2556 2549
f 2471 2540 2473
f 2475 2542 2476
f 2557 2545 2546
f 2461 2558 2462
f 2550 2464 2463
f 2564 2563 2565
f 2560 2567 2568
f 2559 2562 2561
f 2570 2571 2569
f 2566 2573 2572
f 2574 2531 2532
f 2532 2530 2574
f 2574 2530 2531
f 2575 2528 2529
f 2529 2527 2575
f 2575 2527 2528
f 2576 2525 2526
f 2526 2524 2576
f 2576 2524 2525
f 2577 2522 2523
f 2523 2521 2577
f 2577 2521 2522
f 2578 2519 2520
f 2520 2518 2578
f 2578 2518 2519
f 2586 2584 2585
f 2587 2589 2588
f 2582 2593 2592
f 2801 2802 2803
f 2819 2820 2821
f 2824 2825 2822
f 2827 2828 2829
f 2800 2830 2831
f 2832 2833 2834
f 2836 2838 2837
f 2842 2843 2844
f 2839 2845 2846
f 2866 2865 2867
f 2876 2882 2877
f 2885 2799 2797
f 2798 2887 2886
f 2795 2888 2889
f 2892 2893 2894
f 2896 2900 2901
f 2898 2904 2899
f 2902 2905 2903
f 2911 2913 2908
f 2918 2917 2919
f 2921 2922 2923
f 2590 2930 2929
f 2583 2928 2591
f 2927 2594 2581
f 2580 2926 2579
f 2935 2934 2936
f 2937 2938 2939
f 2941 2940 2942
f 2943 2944 2945
f 2970 2971 2972
f 2975 2976 2978
f 3015 3016 3018
f 3029 3030 3031
f 3039 3040 3041
f 3062 3063 3064
f 3066 3068 3071
f 3072 3073 3074
f 3077 3078 3079
f 3085 3087 3090
f 3097 2868 2869
f 3101 2805 3099
f 3102 2811 2810
f 3100 2809 2808
f 3103 2924 2925
f 3094 2916 2920
f 3105 2914 2915
f 3104 2912 2910
f 3107 3108 2909
f 2906 3106 2907
f 2870 3083 2871
f 2878 3070 2875
f 2612 2611 3053
f 2618 2616 3044
f 2639 2638 3000
f 2646 2644 2998
f 2648 2647 2994
f 2651 2650 2984
f 2673 2671 2965
f 2687 3109 3110
f 3113 2692 2690
f 2696 3116 2697
f 2698 3117 2699
f 3126 2708 3128
f 2716 2714 3132
f 2724 3137 2726
f 3142 2735 2733
f 3143 2732 3145
f 2741 3151 3153
f 2740 3154 2742
f 3155 2743 3156
f 3157 2747 3162
f 2752 3173 2753
f 2759 3190 3193
f 2760 3195 2761
f 2774 3205 3208
f 2779 3217 2780
f 3093 3091 2897
f 3092 3086 3088
f 3089 3084 2895
f 3082 3080 3081
f 3076 3075 2891
f 3067 3065 3069
f 3061 3060 2796
f 3059 3058 2604
f 2607 3057 2608
f 3056 3054 3055
f 3051 3050 3052
f 3047 3045 3048
f 3049 3046 2615
f 3042 3038 3043
f 3035 3032 3036
f 3037 3033 3034
f 2621 3028 2622
f 3026 3025 3027
f 3024 3019 3021
f 3023 3020 2625
f 3022 3017 2626
f 3014 3013 2629
f 3012 3010 3011
f 3009 3007 3008
f 3004 3001 3006
f 3005 3002 3003
f 2642 2999 2645
f 2995 2991 2997
f 2996 2992 2993
f 2990 2986 2987
f 2988 2982 2983
f 2989 2985 2649
f 2981 2979 2980
f 2662 2977 2663
f 2974 2969 2973
f 2968 2967 2669
f 2668 2966 2670
f 2672 2964 2674
f 2963 2961 2675
f 2962 2956 2959
f 2957 2953 2958
f 2960 2954 2955
f 2952 2951 2677
f 2950 2946 2948
f 2949 2947 2682
f 3219 3221 3111
f 3112 3220 3114
f 2694 3115 2695
f 3223 3118 3225
f 3224 3119 3121
f 3226 3120 3222
f 3122 3123 2701
f 3228 3124 3227
f 3125 3129 2706
f 2705 3130 2707
f 3229 3127 3230
f 3231 3232 3131
f 2712 3133 2713
f 3234 3134 3233
f 3135 3136 2722
f 2728 3141 2729
f 3235 3139 3140
f 3138 3236 3146
f 3238 3147 3239
f 3240 3144 3237
f 2736 3149 2737
f 3241 3148 3242
f 3150 3243 3152
f 2745 3161 2746
f 3245 3159 3246
f 3247 3158 3160
f 3248 3163 3244
f 3164 3166 2748
f 3249 3165 3250
f 3252 3167 3253
f 3254 3168 3251
f 3255 3171 3169
f 3170 3256 3172
f 3258 3175 3259
f 3257 3260 3174
f 3261 3176 3262
f 3263 3177 3178
f 3179 3265 3180
f 3266 3183 3182
f 3267 3181 3264
f 3268 3269 3184
f 3270 3185 3187
f 3186 3189 2756
f 3272 3188 3271
f 2757 3192 2758
f 3274 3191 3273
f 3275 3196 3194
f 3276 3197 3277
f 2763 3199 2765
f 3278 3198 3279
f 3200 3280 3202
f 3282 3201 3283
f 3281 3284 3203
f 2772 3204 2773
f 3285 3206 3286
f 3207 3287 3212
f 3288 3210 3211
f 3209 3213 2775
f 3214 3289 3215
f 2776 3216 2778
f 2781 3218 2782
f 3290 3095 3291
f 3096 3292 3098
f 2864 3293 3483
f 3481 2863 3482
f 3474 2858 3475
f 3476 2862 3478
f 3477 2861 3480
f 3479 2860 2859
f 3472 2857 3473
f 3469 2854 3470
f 3471 2855 2856
f 2853 3468 3467
f 3463 2851 3464
f 3465 2852 3466
f 3462 2848 2850
f 3461 2847 2849
f 3460 2841 2840
f 3488 2835 3489
f 3487 2826 2823
f 3496 2818 2817
f 2816 3498 2813
f 3499 2815 2814
f 2807 3484 2812
f 3500 2804 2806
f 3505 2883 2884
f 3296 2881 3298
f 3297 2879 3299
f 3294 2872 2873
f 3295 2874 2880
f 3300 3504 3502
f 2890 3501 3503
f 3301 3506 3302
f 3510 3305 3304
f 3509 3303 3507
f 3513 3309 3306
f 3515 3310 3311
f 3518 3313 3312
f 3315 3519 3314
f 3521 3318 3316
f 3529 3319 3527
f 3532 3320 3531
f 3530 3321 3322
f 3323 3533 3534
f 3328 3327 3539
f 3538 3324 3537
f 3536 3325 3326
f 3543 3330 3331
f 3332 3545 3336
f 3548 3334 3335
f 3549 3337 3333
f 3343 3340 3555
f 3553 3338 3339
f 3342 3557 3341
f 3344 3345 3560
f 3571 3352 3569
f 3570 3351 3350
f 3353 3573 3354
f 3356 3355 3575
f 3577 3360 3576
f 3579 3357 3359
f 3578 3358 3361
f 3583 3364 3581
f 3366 3587 3589
f 3591 3368 3367
f 3594 3370 3369
f 3597 3371 3596
f 3595 3372 3373
f 3374 3375 3598
f 3601 3377 3376
f 3378 3602 3381
f 3605 3379 3603
f 3604 3380 3382
f 3610 3383 3609
f 3611 3384 3385
f 3612 3387 3386
f 3619 3389 3388
f 3621 3391 3390
f 3624 3392 3623
f 3395 3394 3625
f 3631 3398 3397
f 3399 3633 3634
f 3636 3400 3635
f 3637 3402 3401
f 3403 3640 3404
f 3642 3406 3405
f 3408 3644 3409
f 3413 3412 3647
f 3646 3411 3410
f 3414 3648 3649
f 3650 3416 3415
f 3418 3417 3651
f 3662 3421 3656
f 3659 3425 3423
f 3660 3424 3422
f 3663 3427 3426
f 3428 3664 3665
f 3668 3431 3430
f 3435 3434 3671
f 3670 3433 3432
f 3679 3436 3676
f 3437 3681 3682
f 3685 3438 3684
f 3690 3442 3441
f 3686 3440 3439
f 3444 3697 3445
f 3446 3699 3447
f 3450 3448 3485
f 3486 3451 3449
f 3495 3453 3452
f 3494 3454 3497
f 3493 3491 3455
f 3492 3457 3456
f 3459 3458 3490
f 3508 2605 2606
f 3308 3512 3307
f 3511 2609 3514
f 3516 2610 3517
f 3520 2613 2614
f 3522 3523 3317
f 3524 2617 2619
f 3525 2620 3526
f 2623 2624 3528
f 2627 2628 3535
f 2630 2631 3540
f 2632 2633 3541
f 3542 2634 2635
f 3544 3546 3329
f 3547 2636 2637
f 3550 2640 2641
f 3551 2643 3552
f 3554 2652 3556
f 3558 2653 2654
f 3559 2655 3561
f 2656 2658 3562
f 3563 2657 2659
f 3564 2660 2661
f 3347 3565 3346
f 2664 2665 3566
f 3349 3567 3348
f 2666 2667 3568
f 3572 2676 3574
f 3580 2678 2679
f 2680 2681 3582
f 3584 3586 3363
f 3362 3585 3365
f 3588 2683 2684
f 2685 2686 3590
f 3592 2688 2689
f 2691 2693 3593
f 3599 2700 2702
f 2703 2704 3600
f 3607 2709 2710
f 3606 2711 3608
f 3613 2715 3615
f 2717 2718 3614
f 3616 2719 3617
f 3618 2720 3620
f 3622 2721 2723
f 3626 2725 2727
f 3396 3627 3393
f 3628 2730 3630
f 2731 2734 3629
f 2738 2739 3632
f 3638 2744 3639
f 3641 2749 2750
f 3643 3645 3407
f 3652 2751 3653
f 3419 3654 3420
f 3655 2754 3657
f 3658 2755 3661
f 3666 3667 3429
f 3669 2762 2764
f 3672 2766 3675
f 3673 2767 2770
f 3674 2768 3677
f 3678 2769 2771
f 3680 2777 3683
f 3688 2783 2784
f 3687 2785 3694
f 3689 3692 3443
f 3691 2786 2787
f 3693 2788 3695
f 2789 2790 3696
f 3698 2791 2792
f 3700 2793 2794
f 3702 3701 3703
f 3704 3705 3706
f 2603 3707 2602
f 2601 2931 3708
f 3710 2933 3709
f 3711 2600 3712
f 2932 2599 3713
f 3714 2597 2598
f 3716 2596 3718
f 3715 3717 3719
f 2595 3720 3721
f 3736 3734 3735
f 3738 3739 3740
f 3737 3732 3733
f 3741 3730 3731
f 3743 3744 3742
f 3746 3747 3748
f 3749 3751 3750
f 4015 4016 4018
f 4019 4020 4021
f 4042 4045 4043
f 4044 4046 4047
f 4049 4053 4024
f 4023 4055 4056
f 4050 4059 4060
f 4051 4061 4052
f 4062 4058 4064
f 4066 4067 4069
f 4070 4072 4068
f 4075 4077 4078
f 4080 4076 4082
f 4079 4081 4084
f 4085 4086 4087
f 4089 4091 4092
f 4090 4094 4095
f 4098 4097 4099
f 4100 4104 4101
f 4014 4110 4109
f 4106 4114 4107
f 4038 4035 4117
f 4008 4119 4010
f 4120 4007 4121
f 4132 4131 4134
f 4138 4137 4139
f 4146 4148 4143
f 4144 4149 4151
f 4157 4013 4158
f 4012 4161 4162
f 4178 4181 4177
f 4179 4183 4180
f 4184 4185 4186
f 4193 4194 4195
f 4197 4202 4198
f 4205 4212 4206
f 4207 4216 4201
f 4210 4217 4209
f 4218 4211 4219
f 4222 4221 4225
f 4224 4226 4228
f 4227 4231 4229
f 4123 4122 4233
f 4234 4235 4236
f 3752 4244 3753
f 3728 3754 3755
f 3758 4241 3757
f 4240 3759 3725
f 4242 3726 3724
f 3729 4245 3745
f 3723 4239 3722
f 3727 4243 3756
f 4250 4249 4251
f 4252 4253 4255
f 4254 4256 4257
f 4258 4259 4260
f 4261 4262 4263
f 4265 4264 4248
f 4274 4275 4277
f 4281 4282 4283
f 4292 4294 4295
f 4299 4300 4301
f 4305 4306 4307
f 4309 4310 4312
f 4320 4321 4323
f 4324 4325 4326
f 4338 4339 4341
f 4342 4343 4345
f 4353 4354 4357
f 4359 4360 4361
f 4387 4388 4389
f 4392 4394 4395
f 4396 4398 4400
f 4401 4402 4403
f 4409 4410 4411
f 4412 4413 4414
f 4423 4425 4427
f 4461 4462 4463
f 4466 4467 4468
f 4141 4136 4442
f 4128 4164 4456
f 4176 4175 4469
f 4215 4214 4474
f 4203 4208 4476
f 4477 4238 4237
f 4480 4026 4025
f 4481 4028 4482
f 4486 4033 4483
f 4484 4034 4032
f 4487 4125 4124
f 4230 4488 4232
f 4489 4220 4491
f 4490 4223 4492
f 4204 4475 4213
f 4199 4493 4200
f 4494 4192 4196
f 4496 4188 4189
f 4495 4190 4191
f 4182 4187 4497
f 4472 4171 4170
f 4140 4441 4142
f 3767 3765 4416
f 3778 3776 4405
f 3790 3788 4384
f 3809 3808 4346
f 3853 3852 4284
f 3855 3854 4280
f 3879 4501 3881
f 3882 4502 3885
f 4503 3886 4504
f 3892 3890 4506
f 3895 4510 3897
f 3904 4514 3907
f 4518 3914 3912
f 4517 3911 4521
f 3924 4527 3926
f 3938 4534 3940
f 3939 4533 4536
f 4537 3943 4538
f 3947 4539 3949
f 3952 4540 4542
f 3956 3955 4544
f 4545 3954 3953
f 3959 4550 4551
f 3973 4561 3974
f 3985 4567 4569
f 3986 4571 3988
f 3987 4570 4573
f 3989 4572 3990
f 3991 4575 3992
f 3993 4574 4576
f 3999 4579 4001
f 4473 4471 4172
f 4173 4470 4174
f 4166 4465 4167
f 4464 4458 4459
f 4168 4460 4169
f 4457 4455 4165
f 4452 4449 4453
f 4454 4448 4450
f 4451 4445 4130
f 4129 4446 4133
f 4447 4443 4135
f 4440 4437 4444
f 4438 4436 4439
f 4434 4432 4435
f 4433 4430 4431
f 4428 4424 4429
f 4426 4420 4421
f 4422 4419 3764
f 4417 4415 4418
f 3774 4407 3775
f 4406 4404 4408
f 4397 4393 4399
f 4391 4390 3783
f 4386 4383 4385
f 4382 4378 4381
f 4379 4375 4380
f 4376 4374 4377
f 4373 4370 4371
f 4372 4366 4368
f 4367 4362 4369
f 3797 4365 3800
f 4363 4358 4364
f 4356 4348 4349
f 4355 4351 3802
f 3803 4350 3805
f 4352 4347 3806
f 4344 4340 3811
f 3814 4337 3815
f 3816 4336 3817
f 4334 4333 4335
f 4332 4331 3821
f 3827 4330 3828
f 4328 4327 4329
f 4322 4317 4318
f 3831 4319 3833
f 4316 4313 4314
f 4315 4308 4311
f 4304 4303 3843
f 3844 4302 3845
f 4297 4293 4298
f 4296 4290 3849
f 3848 4291 3851
f 4289 4285 4286
f 4288 4287 3850
f 4279 4278 3858
f 4276 4273 3862
f 3867 4272 3868
f 4271 4270 3869
f 4268 4266 4269
f 4267 4498 3875
f 4499 4580 4500
f 3884 4505 3887
f 4581 4507 4508
f 3893 4509 3896
f 4582 4511 4512
f 4513 4515 3906
f 4516 4583 4520
f 4584 4519 4585
f 4586 4522 4587
f 3918 4524 3920
f 4523 4588 4525
f 4526 4529 3925
f 4589 4530 4528
f 3934 4531 3935
f 4532 4590 4535
f 3948 4541 3951
f 4591 4543 4592
f 4593 4548 4595
f 4594 4597 4547
f 4546 4596 4549
f 4598 4553 4552
f 4600 4555 4599
f 4554 4556 3963
f 4557 4558 3964
f 4559 4601 4560
f 4602 4562 4603
f 4563 4604 4564
f 3980 4565 3981
f 4605 4566 4606
f 4607 4568 4608
f 4609 4577 4610
f 3996 4578 3997
f 4611 4612 4479
f 4478 4613 4614
f 4036 4485 4118
f 4116 4615 4115
f 4782 4113 4784
f 4783 4112 4111
f 4780 4108 4781
f 4777 4105 4103
f 4778 4102 4779
f 4776 4093 4096
f 4775 4088 4017
f 4773 4083 4774
f 4792 4071 4073
f 4793 4063 4065
f 4057 4054 4795
f 4798 4048 4022
f 4803 4040 4041
f 4039 4037 4805
f 4807 4031 4030
f 4027 4811 4813
f 4163 4818 4126
f 4127 4816 4820
f 4821 4159 4160
f 4145 4155 4823
f 4824 4156 4822
f 4617 4152 4619
f 4618 4150 4147
f 4616 4154 4153
f 4620 4819 4817
f 4814 4621 4815
f 4825 4622 4623
f 4624 4625 4831
f 4833 4627 4629
f 4834 4628 4630
f 4836 4631 4626
f 4839 4632 4633
f 4844 4636 4637
f 4842 4638 4635
f 4639 4845 4848
f 4641 4640 4850
f 4643 4855 4644
f 4860 4645 4646
f 4648 4865 4647
f 4649 4869 4870
f 4652 4653 4874
f 4654 4877 4878
f 4881 4655 4879
f 4883 4657 4658
f 4662 4889 4892
f 4890 4660 4661
f 4895 4667 4664
f 4896 4663 4659
f 4897 4665 4666
f 4901 4669 4899
f 4900 4670 4668
f 4904 4671 4903
f 4672 4673 4906
f 4908 4674 4675
f 4681 4676 4920
f 4678 4922 4677
f 4927 4685 4682
f 4928 4683 4684
f 4946 4686 4687
f 4949 4689 4688
f 4954 4693 4951
f 4953 4694 4691
f 4952 4690 4692
f 4957 4697 4695
f 4956 4696 4955
f 4699 4959 4961
f 4705 4698 4963
f 4962 4701 4700
f 4970 4709 4702
f 4969 4703 4707
f 4973 4710 4971
f 4714 4713 4975
f 4972 4708 4711
f 4712 4977 4715
f 4978 4717 4716
f 4718 4983 4719
f 4986 4720 4985
f 4724 4723 4989
f 4988 4722 4721
f 4725 4995 4996
f 4726 5003 5004
f 4729 4728 5009
f 5008 4727 5007
f 5013 4733 4732
f 5012 4731 4730
f 4737 5015 4738
f 5022 4739 5021
f 4740 5024 4741
f 4742 5026 5027
f 5030 4744 4743
f 4745 5035 4746
f 5042 4751 4750
f 4754 4753 5045
f 5046 4752 5044
f 4812 4757 4756
f 4786 4810 4029
f 4785 4808 4758
f 4809 4760 4759
f 4804 4762 4761
f 4802 4763 4806
f 4770 4769 4800
f 4801 4768 4787
f 4789 4767 4766
f 4788 4765 4764
f 4799 4796 4771
f 4797 4772 4794
f 4074 4790 4791
f 4826 3766 3769
f 4827 3768 4828
f 3770 3771 4829
f 4830 3772 3773
f 4832 3777 3779
f 4835 3780 4837
f 3781 3782 4838
f 4840 4841 4634
f 3784 3785 4843
f 4846 3786 3787
f 4847 3789 4849
f 4851 4853 4642
f 4852 3791 3792
f 3793 3794 4854
f 4856 3795 4858
f 3796 3799 4859
f 4857 3798 3801
f 4861 3804 3807
f 3810 3812 4862
f 4863 3813 4864
f 4866 3818 3819
f 3820 3823 4867
f 3822 3824 4868
f 4871 4872 4650
f 3825 3826 4873
f 4875 4876 4651
f 4880 3829 3830
f 4882 3832 3834
f 3835 3836 4884
f 4885 4888 4656
f 3837 3838 4887
f 4886 3839 4893
f 4891 3840 4894
f 4898 3841 3842
f 4902 3846 3847
f 4905 3856 3857
f 3859 3860 4909
f 4907 3861 4910
f 4911 3863 4912
f 4913 3864 4915
f 4914 3865 4917
f 4916 3866 4918
f 3870 3872 4921
f 4919 3871 4924
f 4680 4923 4679
f 4925 3873 4926
f 4929 3874 3876
f 4930 3877 4931
f 4932 3878 4934
f 3880 3883 4933
f 4935 3888 4936
f 3889 3891 4937
f 4938 3894 4939
f 4940 3898 3899
f 3900 3901 4942
f 4941 3902 4943
f 3903 3905 4944
f 4945 3908 4948
f 4947 3909 3910
f 3913 3915 4950
f 4958 3916 4960
f 4965 3917 3919
f 4964 3921 4966
f 4704 4967 4706
f 3922 3923 4968
f 4974 3927 3928
f 4976 3929 3930
f 4979 3931 3932
f 4980 3933 4981
f 3936 3937 4982
f 4984 3941 3942
f 4987 3944 3945
f 4990 3946 4991
f 4992 3950 4993
f 3957 3958 4994
f 4997 3960 4998
f 4999 3961 5000
f 5001 3962 5002
f 3965 3966 5005
f 5006 3967 3968
f 5010 3969 3971
f 5011 3970 3972
f 5014 5016 4734
f 4735 5018 4736
f 5017 3975 5019
f 5020 3976 3977
f 3978 3979 5023
f 5025 3982 3983
f 5028 3984 5029
f 5031 3994 5032
f 5033 3995 5034
f 5036 3998 5040
f 5037 5038 4747
f 4748 5039 4749
f 5041 4000 5043
f 5047 4002 4003
f 5048 5049 4755
f 4004 4005 5051
f 5050 4006 5052
f 5053 4009 4011
f 3763 4246 5054
f 5056 5055 5057
f 5059 4247 5058
f 5061 5060 5062
f 5063 3761 3762
f 5067 3760 5068
f 5064 5066 5065
f 5084 5080 5081
f 5087 5079 5088
f 5089 5090 5091
f 5093 5094 5075
f 5072 5100 5073
f 5361 5360 5363
f 5374 5376 5377
f 5383 5385 5387
f 5392 5393 5395
f 5397 5399 5401
f 5400 5398 5402
f 5405 5406 5403
f 5407 5379 5408
f 5380 5413 5414
f 5416 5419 5421
f 5417 5415 5423
f 5425 5424 5427
f 5430 5431 5434
f 5429 5435 5436
f 5426 5437 5428
f 5432 5438 5433
f 5443 5442 5444
f 5447 5448 5446
f 5451 5449 5453
f 5450 5452 5454
f 5459 5461 5462
f 5359 5471 5362
f 5476 5358 5477
f 5357 5479 5480
f 5482 5483 5484
f 5489 5370 5366
f 5492 5493 5494
f 5499 5498 5500
f 5503 5372 5504
f 5369 5488 5371
f 5365 5508 5509
f 5515 5514 5516
f 5530 5529 5532
f 5538 5539 5536
f 5533 5542 5534
f 5537 5547 5548
f 5549 5550 5545
f 5546 5551 5544
f 5555 5557 5553
f 5552 5558 5554
f 5511 5491 5510
f 5561 5563 5562
f 5076 5092 5077
f 5573 5097 5099
f 5574 5098 5575
f 5101 5572 5571
f 5570 5102 5071
f 5070 5569 5568
f 5105 5106 5567
f 5107 5566 5565
f 5074 5096 5095
f 5078 5086 5085
f 5082 5564 5083
f 5069 5103 5104
f 5583 5584 5585
f 5587 5586 5588
f 5590 5589 5591
f 5593 5592 5594
f 5596 5595 5597
f 5598 5600 5601
f 5602 5599 5603
f 5604 5605 5606
f 5609 5607 5611
f 5608 5610 5613
f 5612 5614 5615
f 5616 5617 5618
f 5622 5623 5624
f 5637 5638 5640
f 5642 5643 5644
f 5675 5677 5678
f 5691 5692 5693
f 5694 5696 5697
f 5699 5700 5702
f 5707 5708 5709
f 5716 5717 5720
f 5726 5727 5729
f 5744 5745 5746
f 5747 5749 5751
f 5769 5770 5772
f 5811 5812 5813
f 5518 5517 5801
f 5473 5472 5827
f 5829 5475 5474
f 5832 5389 5830
f 5831 5390 5388
f 5824 5559 5560
f 5556 5485 5833
f 5823 5543 5834
f 5535 5835 5837
f 5838 5541 5540
f 5840 5531 5836
f 5841 5526 5843
f 5842 5527 5487
f 5839 5486 5528
f 5524 5525 5844
f 5845 5521 5523
f 5818 5520 5522
f 5805 5513 5512
f 5367 5368 5781
f 5124 5123 5768
f 5143 5141 5719
f 5175 5174 5670
f 5181 5180 5658
f 5196 5194 5641
f 5202 5201 5630
f 5214 5846 5215
f 5218 5853 5219
f 5221 5856 5224
f 5251 5872 5253
f 5873 5257 5875
f 5261 5876 5878
f 5262 5879 5263
f 5270 5882 5271
f 5281 5891 5283
f 5294 5899 5295
f 5306 5907 5307
f 5308 5908 5309
f 5320 5317 5909
f 5910 5318 5315
f 5911 5314 5912
f 5325 5915 5327
f 5330 5918 5921
f 5351 5930 5931
f 5933 5355 5935
f 5822 5817 5819
f 5816 5815 5519
f 5814 5807 5809
f 5808 5806 5810
f 5804 5799 5803
f 5800 5798 5802
f 5797 5795 5796
f 5794 5791 5793
f 5495 5792 5496
f 5790 5787 5789
f 5788 5785 5786
f 5783 5782 5784
f 5780 5778 5779
f 5777 5774 5775
f 5776 5773 5118
f 5121 5771 5122
f 5766 5763 5767
f 5764 5762 5765
f 5759 5756 5761
f 5760 5755 5757
f 5758 5752 5753
f 5754 5748 5750
f 5743 5741 5742
f 5740 5739 5133
f 5737 5735 5738
f 5135 5736 5136
f 5138 5734 5139
f 5733 5731 5732
f 5728 5723 5730
f 5724 5715 5721
f 5725 5718 5140
f 5722 5713 5714
f 5712 5710 5711
f 5705 5704 5706
f 5152 5701 5154
f 5703 5695 5698
f 5690 5688 5689
f 5160 5687 5163
f 5684 5682 5685
f 5686 5683 5168
f 5171 5681 5172
f 5679 5676 5680
f 5674 5672 5673
f 5671 5668 5669
f 5177 5666 5179
f 5665 5664 5667
f 5661 5657 5662
f 5663 5656 5659
f 5660 5654 5183
f 5182 5655 5184
f 5653 5652 5185
f 5650 5649 5651
f 5647 5646 5648
f 5190 5645 5192
f 5639 5635 5197
f 5636 5632 5634
f 5199 5633 5200
f 5631 5629 5203
f 5628 5626 5627
f 5207 5625 5208
f 5620 5619 5621
f 5847 5936 5852
f 5848 5850 5216
f 5938 5851 5939
f 5937 5940 5849
f 5941 5854 5942
f 5855 5858 5223
f 5943 5944 5857
f 5859 5945 5861
f 5946 5860 5947
f 5949 5862 5948
f 5950 5863 5864
f 5865 5867 5240
f 5866 5951 5868
f 5243 5870 5245
f 5952 5871 5869
f 5953 5954 5821
f 5820 5955 5874
f 5259 5877 5260
f 5880 5881 5269
f 5272 5885 5273
f 5956 5884 5957
f 5883 5886 5274
f 5959 5887 5958
f 5888 5890 5280
f 5279 5889 5282
f 5960 5892 5893
f 5961 5894 5962
f 5895 5897 5290
f 5963 5896 5964
f 5898 5900 5297
f 5965 5902 5901
f 5903 5966 5904
f 5905 5906 5301
f 5968 5913 5967
f 5969 5914 5970
f 5916 5917 5328
f 5326 5920 5329
f 5972 5919 5971
f 5973 5922 5923
f 5974 5975 5924
f 5925 5927 5342
f 5976 5926 5928
f 5977 5978 5929
f 5979 5934 5980
f 5932 5981 5825
f 5481 5828 5478
f 5982 5826 5983
f 5470 5984 5469
f 6172 5373 5467
f 6171 5466 6174
f 6173 5465 5468
f 6167 5460 6168
f 6169 5458 6170
f 6165 5457 5463
f 6164 5464 6166
f 6163 5455 5456
f 6162 5375 5445
f 6160 5441 6161
f 5378 5440 6159
f 6185 5422 5420
f 6186 5412 5410
f 6188 5411 5409
f 6179 5404 6190
f 5396 5394 6191
f 6195 5386 5384
f 6198 5381 5382
f 6200 5507 5364
f 5490 6201 6202
f 6203 5505 5506
f 5990 5497 5989
f 5985 5502 5988
f 5987 5501 5986
f 5991 6205 6204
f 6199 5992 5993
f 6206 5994 5995
f 6207 5996 5997
f 6213 6001 5999
f 6212 6000 5998
f 6214 6002 6003
f 6005 6218 6220
f 6219 6006 6004
f 6007 6229 6010
f 6232 6008 6009
f 6235 6011 6233
f 6013 6012 6236
f 6242 6016 6239
f 6244 6017 6015
f 6245 6014 6243
f 6018 6246 6248
f 6019 6020 6250
f 6255 6021 6254
f 6256 6023 6022
f 6258 6025 6024
f 6026 6260 6261
f 6264 6028 6030
f 6263 6029 6262
f 6269 6032 6033
f 6268 6034 6035
f 6271 6037 6036
f 6041 6038 6277
f 6286 6047 6046
f 6288 6049 6050
f 6296 6057 6293
f 6294 6058 6054
f 6295 6055 6056
f 6298 6060 6059
f 6303 6061 6300
f 6311 6063 6309
f 6310 6064 6062
f 6313 6065 6312
f 6317 6066 6316
f 6319 6068 6069
f 6322 6071 6321
f 6324 6075 6072
f 6076 6331 6333
f 6340 6077 6339
f 6079 6081 6345
f 6344 6080 6082
f 6351 6085 6083
f 6354 6086 6084
f 6359 6087 6356
f 6088 6361 6362
f 6365 6090 6089
f 6370 6093 6092
f 6374 6099 6098
f 6375 6097 6096
f 6377 6100 6376
f 6379 6102 6101
f 6385 6105 6382
f 6390 6109 6108
f 6395 6110 6393
f 6398 6113 6397
f 6394 6112 6111
f 6399 6115 6114
f 6405 6117 6403
f 6409 6118 6408
f 6414 6120 6119
f 6417 6122 6121
f 6421 6123 6418
f 6420 6125 6124
f 6130 6128 6428
f 6427 6127 6126
f 6438 6132 6436
f 6443 6137 6134
f 6441 6135 6437
f 6439 6136 6133
f 6451 6138 6449
f 6453 6142 6141
f 6450 6140 6139
f 6144 6143 6456
f 6146 6145 6197
f 6175 6194 6147
f 6196 6149 6148
f 6151 6150 6176
f 6177 6193 5391
f 6178 6153 6152
f 6192 6155 6154
f 6189 6156 6187
f 5418 6182 6184
f 6183 6158 6157
f 5439 6180 6181
f 6208 5119 6210
f 6209 5120 6211
f 6215 5125 6216
f 6217 5126 5127
f 6221 5128 6223
f 6222 5129 6224
f 6225 5130 6226
f 5131 5132 6227
f 6228 5134 6230
f 6231 5137 6234
f 6237 5142 5144
f 6238 5145 6240
f 6241 5146 5147
f 6247 5148 6251
f 5149 5151 6249
f 6252 5150 6253
f 6257 5153 5155
f 6259 5156 5157
f 6027 6265 6031
f 6266 5158 6267
f 6270 5159 5161
f 6272 5162 6273
f 6274 5164 5165
f 5166 5167 6275
f 6276 6280 6042
f 6040 6279 6039
f 6278 5169 5170
f 6281 6282 6043
f 6045 6283 6044
f 6284 5173 6285
f 6287 5176 5178
f 6048 6289 6051
f 6290 5186 5187
f 6053 6292 6052
f 6291 5188 5189
f 6297 5191 5193
f 6299 5195 5198
f 6301 5204 6302
f 6304 5205 5206
f 6305 5209 6306
f 5210 5211 6307
f 6308 5212 5213
f 6314 5217 6315
f 5220 5222 6318
f 6067 6320 6070
f 6074 6323 6073
f 6325 5226 6328
f 6326 5225 5228
f 6327 5227 6330
f 5229 5230 6329
f 6332 5231 5233
f 6334 5232 6335
f 6336 5234 6337
f 6338 5235 5236
f 6341 5237 5238
f 6343 5239 6347
f 6342 6346 6078
f 5241 5242 6349
f 6348 5244 6352
f 6350 5247 6355
f 5246 5248 6353
f 6357 5249 5250
f 5252 5254 6358
f 6360 5255 5256
f 6363 5258 6364
f 6366 6367 6091
f 5264 5265 6368
f 6371 5266 5268
f 6369 5267 6372
f 6095 6373 6094
f 5275 5276 6378
f 6380 5277 5278
f 6103 6381 6104
f 6384 5284 5285
f 6383 5287 6387
f 6106 6388 6107
f 5286 5288 6386
f 5289 5292 6389
f 5291 5293 6391
f 6392 5296 6396
f 6400 6401 6116
f 6402 5298 5300
f 5299 5302 6406
f 6404 5303 6407
f 6410 5304 5305
f 6411 5310 5312
f 5311 5313 6412
f 6413 5316 5319
f 5321 5322 6415
f 6416 5323 5324
f 6419 5331 5332
f 6422 5333 6424
f 6423 5334 5335
f 6425 5336 6426
f 6129 6429 6131
f 6430 5338 6433
f 6431 5337 5341
f 6432 5340 6434
f 5339 5343 6435
f 6442 5344 5345
f 5346 5347 6440
f 6444 5348 5350
f 6445 5349 6446
f 6447 5352 6448
f 5353 5354 6452
f 6454 5356 6455
f 5117 6457 6458
f 5577 5576 6459
f 6460 5113 5114
f 5116 6461 5115
f 6464 6463 6465
f 5112 6462 5111
f 6467 6466 6468
f 5580 5581 6469
f 5110 5578 6470
f 6471 5108 5109
f 6474 5579 6472
f 6475 6473 6476
f 6478 6477 6479
f 6480 6482 6481
f 6483 6484 6485
f 6487 5582 6486
f 6488 6490 6491
f 6489 6492 6493
f 6495 6496 6498
f 6497 6494 6499
f 6505 6511 6507
f 6525 6508 6527
f 6556 6543 6558
f 6534 6582 6583
f 6585 6584 6586
f 6542 6550 6541
f 6555 6500 6553
f 6554 6501 6502
f 6537 6535 6591
f 6566 6536 6590
f 6560 6588 6562
f 6561 6589 6587
f 6595 6528 6532
f 6598 6526 6531
f 6599 6529 6600
f 6601 6530 6596
f 6551 6545 6548
f 6606 6607 6608
f 6611 6612 6609
f 6613 6614 6615
f 6617 6622 6620
f 6624 6626 6623
f 6627 6628 6629
f 6632 6631 6633
f 6593 6634 6594
f 6635 6636 6637
f 6519 6644 6642
f 6524 6646 6523
f 6652 6653 6655
f 6533 6661 6662
f 6539 6663 6538
f 6546 6664 6549
f 6630 6665 6666
f 6618 6616 6668
f 6619 6669 6621
f 6625 6670 6667
f 6680 6503 6681
f 6552 6687 6688
f 6690 6689 6692
f 6603 6691 6602
f 6693 6694 6697
f 6699 6696 6695
f 6710 6701 6702
f 6712 6703 6713
f 6714 6704 6706
f 6716 6705 6707
f 6700 6698 6708
f 6718 6709 6711
f 6721 6715 6722
f 6723 6717 6724
f 6650 6719 6720
f 6729 6654 6651
f 6726 6728 6730
f 6677 6727 6731
f 6675 6732 6673
f 6674 6733 6672
f 6741 6739 6735
f 6744 6740 6746
f 6742 6743 6745
f 6750 6747 6753
f 6685 6684 6751
f 6749 6679 6748
f 6756 6752 6759
f 6763 6686 6755
f 6762 6754 6765
f 6766 6758 6767
f 6769 6757 6760
f 6725 6761 6764
f 6656 6768 6657
f 6770 6734 6737
f 6773 6736 6738
f 6776 6774 6777
f 6658 6771 6660
f 6659 6772 6775
f 6647 6778 6648
f 6780 6781 6779
f 6784 6782 6783
f 6682 6786 6785
f 6683 6787 6788
f 6676 6789 6678
f 6790 6791 6792
f 6795 6793 6794
f 6796 6797 6610
f 6799 6544 6557
f 6798 6800 6547
f 6592 6801 6802
f 6579 6577 6576
f 6580 6575 6578
f 6649 6581 6540
f 6567 6805 6568
f 6803 6559 6563
f 6569 6804 6570
f 6806 6807 6808
f 6565 6564 6809
f 6571 6572 6810
f 6811 6573 6574
f 6814 6597 6815
f 6816 6671 6605
f 6817 6520 6521
f 6825 6522 6517
f 6824 6518 6826
f 6827 6516 6515
f 6828 6514 6830
f 6833 6513 6512
f 6836 6506 6504
f 6820 6829 6819
f 6818 6831 6832
f 6821 6834 6823
f 6823 6834 6835
f 6822 6813 6812
f 6510 6509 6837
f 6639 6840 6640
f 6638 6839 6604
f 6842 6641 6645
f 6843 6643 6844
f 6838 6841 6845
f 6849 6847 6848
f 6848 6846 6849
f 6849 6846 6847
f 6853 6851 6852
f 6852 6850 6853
f 6853 6850 6851
f 6876 6877 6878
f 6881 6883 6880
f 6879 6882 6884
f 6887 6885 6886
f 6888 6889 6890
f 6860 6893 6861
f 7159 7160 7161
f 7166 7170 7171
f 7175 7174 7176
f 7195 7197 7198
f 7164 7204 7163
f 7205 7206 7208
f 7210 7209 7211
f 7213 7214 7215
f 7217 7218 7219
f 7220 7221 7223
f 7226 7225 7227
f 7229 7228 7230
f 7237 7236 7238
f 7243 7244 7246
f 7242 7245 7241
f 7250 7252 7253
f 7254 7255 7251
f 7149 7256 7260
f 7150 7259 7153
f 7151 7258 7262
f 7167 7263 7168
f 7266 7147 7146
f 7143 7268 7145
f 7290 7156 7155
f 7300 7299 7301
f 7297 7298 7302
f 7305 7304 7307
f 7309 7312 7314
f 7310 7313 7311
f 7315 7320 7316
f 7322 7323 7324
f 7337 7338 7336
f 7335 7339 7340
f 7343 7342 7344
f 7341 7345 7346
f 6875 6863 6862
f 6874 6865 6864
f 7350 6867 6868
f 6870 7349 6869
f 6872 7348 6871
f 7347 6873 6866
f 6859 7358 6858
f 6891 7357 7355
f 6892 7356 6857
f 7354 6894 6856
f 6854 6895 7353
f 6855 7352 7351
f 7362 7363 7364
f 7365 7366 7367
f 7369 7368 7370
f 7371 7372 7373
f 7375 7374 7376
f 7384 7385 7386
f 7387 7388 7389
f 7393 7394 7395
f 7398 7399 7400
f 7406 7407 7410
f 7424 7425 7427
f 7437 7439 7440
f 7454 7456 7457
f 7463 7464 7467
f 7468 7471 7472
f 7482 7483 7484
f 7490 7492 7494
f 7507 7508 7509
f 7512 7514 7515
f 7524 7525 7526
f 7284 7286 7530
f 7308 7306 7545
f 7551 7269 7144
f 7552 7264 7553
f 7554 7265 7267
f 7555 7261 7257
f 7557 7177 7173
f 7556 7172 7169
f 7558 7182 7180
f 7560 7271 7270
f 7559 7333 7334
f 7562 7564 7331
f 7329 7565 7563
f 7330 7561 7332
f 7566 7328 7567
f 7325 7568 7569
f 7550 7326 7327
f 7319 7321 7570
f 7549 7572 7571
f 7573 7318 7317
f 7296 7542 7295
f 6922 6921 7501
f 6935 6933 7487
f 6940 6938 7485
f 6942 6941 7481
f 6946 6944 7479
f 6950 6949 7466
f 6966 6964 7449
f 6999 6998 7417
f 7004 7002 7396
f 7016 7574 7017
f 7030 7029 7578
f 7035 7033 7580
f 7045 7591 7046
f 7049 7595 7050
f 7597 7051 7598
f 7054 7053 7599
f 7055 7603 7056
f 7057 7602 7604
f 7064 7612 7066
f 7065 7613 7614
f 7072 7071 7619
f 7618 7069 7622
f 7623 7074 7073
f 7081 7631 7082
f 7084 7632 7086
f 7636 7090 7639
f 7093 7643 7094
f 7102 7101 7646
f 7106 7649 7107
f 7108 7650 7110
f 7117 7116 7653
f 7119 7654 7121
f 7123 7655 7657
f 7127 7660 7663
f 7128 7662 7130
f 7133 7667 7135
f 7134 7668 7136
f 7137 7671 7138
f 7672 7142 7141
f 7547 7546 7303
f 7544 7543 7272
f 7294 7541 7293
f 7540 7537 7539
f 7538 7532 7534
f 7276 7536 7278
f 7533 7531 7535
f 7529 7528 7154
f 7527 7522 7523
f 6906 7520 6907
f 7519 7516 7521
f 7517 7513 7518
f 6908 7511 6909
f 6910 7510 6911
f 7505 7503 7506
f 6918 7504 6919
f 7502 7498 7499
f 7500 7496 7497
f 7495 7491 7493
f 7489 7486 7488
f 6943 7480 6945
f 7476 7470 7478
f 7477 7469 7473
f 6947 7474 6948
f 7475 7462 7465
f 6951 7460 6952
f 7461 7459 6953
f 7455 7453 7458
f 7452 7451 6959
f 7450 7448 6961
f 7445 7443 7447
f 7446 7444 6968
f 7441 7438 7442
f 7436 7434 6973
f 6972 7435 6975
f 7433 7431 7432
f 6978 7430 6981
f 7429 7423 7426
f 7428 7422 6985
f 6989 7421 6990
f 7420 7418 7419
f 7415 7414 7416
f 7412 7411 7413
f 7408 7401 7405
f 7409 7403 7000
f 7402 7397 7404
f 7006 7392 7009
f 7391 7390 7010
f 7381 7379 7382
f 7383 7378 7380
f 7011 7377 7012
f 7675 7676 7575
f 7678 7576 7677
f 7020 7577 7021
f 7579 7582 7036
f 7034 7581 7037
f 7680 7583 7679
f 7585 7681 7589
f 7584 7588 7042
f 7682 7586 7683
f 7587 7684 7590
f 7685 7686 7592
f 7047 7593 7048
f 7687 7688 7594
f 7596 7601 7052
f 7689 7600 7690
f 7691 7692 7548
f 7694 7606 7695
f 7696 7607 7693
f 7605 7608 7060
f 7698 7609 7697
f 7699 7610 7611
f 7701 7617 7615
f 7702 7616 7700
f 7068 7620 7070
f 7703 7621 7704
f 7706 7624 7705
f 7075 7625 7076
f 7626 7707 7628
f 7708 7627 7709
f 7079 7629 7080
f 7710 7630 7711
f 7712 7633 7713
f 7088 7637 7091
f 7714 7635 7717
f 7716 7634 7640
f 7715 7638 7718
f 7719 7642 7641
f 7720 7721 7644
f 7099 7647 7100
f 7645 7648 7103
f 7651 7722 7652
f 7656 7723 7658
f 7659 7724 7661
f 7664 7725 7665
f 7726 7666 7727
f 7728 7669 7729
f 7730 7670 7731
f 7139 7673 7140
f 7733 7674 7732
f 7183 7185 7924
f 7920 7247 7921
f 7922 7248 7249
f 7919 7158 7157
f 7918 7239 7235
f 7914 7231 7916
f 7915 7232 7233
f 7917 7234 7240
f 7913 7224 7222
f 7911 7216 7912
f 7909 7212 7910
f 7162 7203 7906
f 7907 7202 7201
f 7908 7200 7207
f 7928 7196 7199
f 7929 7193 7194
f 7165 7190 7935
f 7936 7188 7189
f 7184 7923 7181
f 7941 7179 7178
f 7273 7944 7946
f 7945 7291 7292
f 7947 7747 7745
f 7746 7285 7283
f 7738 7289 7743
f 7742 7288 7741
f 7740 7287 7744
f 7734 7274 7275
f 7736 7277 7737
f 7735 7279 7280
f 7739 7281 7282
f 7749 7943 7748
f 7949 7750 7948
f 7950 7753 7751
f 7958 7754 7957
f 7956 7755 7756
f 7959 7759 7757
f 7960 7760 7758
f 7966 7761 7762
f 7768 7974 7975
f 7977 7769 7767
f 7982 7771 7770
f 7986 7773 7774
f 7775 7992 7993
f 7778 7996 7997
f 7998 7776 7777
f 8000 7779 7999
f 7781 8004 7780
f 8010 7784 8008
f 8017 7787 8013
f 8018 7788 7789
f 7792 7793 8032
f 8033 7795 7794
f 7797 8035 7796
f 8036 7801 7798
f 8039 7799 7800
f 7803 8041 7805
f 8043 7806 7804
f 8045 7807 7808
f 7810 8050 8051
f 8053 7811 7809
f 8056 7813 7812
f 7816 8060 8061
f 8064 7818 7817
f 7821 8066 8068
f 8070 7827 7824
f 8069 7825 7823
f 7829 7828 8072
f 8071 7822 7826
f 7835 7830 8074
f 8075 7831 7834
f 8073 7833 7832
f 8081 7839 7838
f 8080 7837 7836
f 7842 8084 7844
f 8086 7847 7846
f 8085 7840 7843
f 8091 7849 8089
f 7851 7850 8092
f 8094 7853 7852
f 8096 7854 8095
f 7855 8099 7856
f 8100 7858 7857
f 8104 7859 8102
f 8105 7861 7860
f 8109 7866 7863
f 8108 7864 7862
f 8110 7867 7865
f 7868 8113 8114
f 8124 7872 7870
f 8120 7871 7869
f 7874 7873 8126
f 8131 7877 7876
f 8136 7880 8134
f 8135 7881 7879
f 7882 8137 7883
f 7942 7885 7884
f 7889 7888 7939
f 7940 7887 7886
f 7891 7890 7937
f 7186 7938 7187
f 7925 7893 7892
f 7897 7895 7933
f 7934 7896 7894
f 7900 7898 7930
f 7191 7932 7192
f 7931 7901 7899
f 7903 7902 7927
f 7926 7905 7904
f 7951 6912 7953
f 7952 7954 7752
f 6913 6914 7955
f 6915 6916 7962
f 7961 6917 7963
f 7964 6920 7965
f 7764 7968 7763
f 6923 6924 7967
f 7969 6925 6926
f 6927 6929 7970
f 7765 7972 7766
f 6928 6931 7971
f 7973 6930 6932
f 6934 6936 7976
f 7978 6937 7979
f 7980 6939 7981
f 7983 7984 7772
f 7985 6954 6955
f 7987 6956 7988
f 6957 6958 7989
f 7991 6960 6963
f 6962 6965 7990
f 7994 6967 7995
f 8001 6969 8002
f 6970 6971 8003
f 6974 6976 8005
f 7782 8006 7783
f 8007 6977 6980
f 8009 6979 6982
f 6983 6984 8011
f 7786 8012 7785
f 8014 6987 8015
f 8016 6986 6988
f 8019 6991 6993
f 8020 6992 6994
f 8022 6995 6997
f 8021 6996 8023
f 8024 7001 8025
f 8026 7003 8027
f 7790 8028 7791
f 8030 7005 7008
f 8029 7007 8031
f 7013 7014 8034
f 8037 7015 8038
f 8040 8042 7802
f 8044 7018 7019
f 7022 7024 8046
f 7023 7026 8047
f 8048 7025 7028
f 8049 7027 8052
f 7031 7032 8054
f 8055 7038 8057
f 7814 8059 7815
f 7039 7040 8058
f 8062 7041 8063
f 8065 7043 7044
f 7819 8067 7820
f 7058 7059 8077
f 8076 7061 8078
f 7062 7063 8079
f 8082 8083 7841
f 7848 8087 7845
f 8088 7067 8090
f 8093 7077 7078
f 7083 7085 8098
f 8097 7087 8101
f 8103 7089 7092
f 7095 7096 8106
f 7097 7098 8107
f 7104 7105 8111
f 8112 7109 7111
f 8115 7112 7113
f 8116 7114 7115
f 7118 7120 8117
f 8118 7122 8119
f 8121 7124 8122
f 8123 7125 7126
f 7129 7131 8127
f 8125 8128 7875
f 8129 7132 8130
f 8132 8133 7878
f 8138 7148 7152
f 6904 7360 6905
f 6903 8139 8140
f 6900 7359 8141
f 8142 6901 6902
f 8144 8143 8145
f 8146 6897 8147
f 8148 6898 6899
f 7361 6896 8149
f 8150 8151 8152
f 8176 8169 8170
f 8166 8164 8177
f 8179 8165 8167
f 8178 8168 8180
f 8181 8162 8182
f 8163 8184 8183
f 8185 8187 8186
f 8189 8188 8190
f 8159 8194 8160
f 8195 8193 8196
f 8197 8198 8199
f 8200 8202 8201
f 8438 8439 8440
f 8447 8448 8450
f 8453 8452 8454
f 8458 8464 8459
f 8444 8442 8465
f 8469 8474 8470
f 8479 8480 8478
f 8475 8483 8476
f 8486 8487 8485
f 8493 8491 8494
f 8496 8495 8497
f 8504 8505 8503
f 8508 8434 8433
f 8516 8517 8518
f 8436 8536 8437
f 8541 8542 8543
f 8544 8545 8546
f 8555 8554 8556
f 8558 8559 8553
f 8562 8561 8565
f 8563 8564 8557
f 8567 8570 8572
f 8571 8569 8573
f 8577 8578 8580
f 8579 8515 8581
f 8584 8585 8586
f 8587 8588 8589
f 8513 8593 8590
f 8595 8600 8597
f 8175 8172 8171
f 8174 8601 8173
f 8161 8191 8192
f 8156 8606 8155
f 8607 8157 8158
f 8154 8605 8204
f 8205 8604 8203
f 8603 8153 8206
f 8207 8602 8208
f 8615 8616 8617
f 8619 8618 8620
f 8622 8621 8623
f 8630 8631 8632
f 8644 8645 8646
f 8657 8658 8660
f 8708 8709 8711
f 8712 8713 8714
f 8735 8736 8737
f 8750 8752 8753
f 8754 8756 8758
f 8760 8761 8762
f 8763 8764 8765
f 8530 8532 8744
f 8548 8547 8768
f 8510 8509 8775
f 8507 8506 8778
f 8780 8449 8446
f 8782 8455 8784
f 8785 8451 8781
f 8786 8456 8783
f 8787 8598 8789
f 8790 8511 8791
f 8788 8596 8599
f 8592 8514 8794
f 8792 8512 8594
f 8793 8795 8591
f 8796 8582 8583
f 8799 8566 8575
f 8798 8576 8800
f 8797 8574 8568
f 8801 8802 8560
f 8551 8549 8772
f 8766 8540 8539
f 8538 8759 8537
f 8222 8221 8725
f 8237 8235 8715
f 8258 8256 8692
f 8272 8271 8669
f 8278 8276 8667
f 8280 8279 8666
f 8286 8285 8661
f 8324 8323 8809
f 8810 8322 8811
f 8328 8817 8329
f 8330 8818 8331
f 8339 8828 8341
f 8348 8834 8349
f 8350 8773 8351
f 8353 8839 8355
f 8843 8357 8356
f 8368 8367 8852
f 8372 8860 8862
f 8379 8865 8868
f 8378 8867 8380
f 8386 8871 8873
f 8387 8872 8389
f 8393 8877 8878
f 8879 8400 8398
f 8403 8882 8404
f 8405 8881 8883
f 8412 8887 8413
f 8414 8888 8416
f 8417 8892 8894
f 8420 8897 8898
f 8421 8899 8422
f 8428 8426 8903
f 8550 8771 8552
f 8770 8767 8769
f 8755 8751 8757
f 8748 8746 8749
f 8747 8745 8524
f 8535 8743 8533
f 8742 8741 8525
f 8740 8738 8739
f 8732 8729 8734
f 8733 8728 8731
f 8730 8727 8220
f 8726 8723 8724
f 8223 8722 8225
f 8721 8719 8720
f 8718 8716 8717
f 8243 8710 8244
f 8707 8706 8245
f 8705 8704 8247
f 8703 8701 8248
f 8700 8696 8702
f 8697 8694 8699
f 8698 8693 8695
f 8691 8690 8257
f 8688 8686 8689
f 8687 8684 8685
f 8681 8677 8678
f 8680 8679 8264
f 8676 8675 8265
f 8672 8670 8673
f 8273 8668 8274
f 8664 8663 8665
f 8283 8662 8284
f 8659 8656 8287
f 8655 8653 8654
f 8652 8649 8651
f 8650 8648 8289
f 8290 8647 8291
f 8641 8638 8643
f 8642 8640 8293
f 8292 8639 8294
f 8637 8636 8295
f 8635 8634 8297
f 8298 8633 8300
f 8629 8627 8628
f 8626 8624 8625
f 8905 8906 8803
f 8312 8804 8313
f 8908 8805 8907
f 8909 8807 8806
f 8320 8808 8321
f 8910 8812 8911
f 8813 8814 8326
f 8912 8816 8815
f 8914 8819 8820
f 8913 8821 8915
f 8917 8823 8916
f 8822 8825 8336
f 8918 8827 8824
f 8826 8829 8340
f 8920 8830 8919
f 8921 8832 8922
f 8831 8833 8346
f 8923 8835 8924
f 8925 8838 8927
f 8926 8836 8928
f 8837 8840 8352
f 8929 8841 8930
f 8842 8931 8845
f 8932 8933 8844
f 8934 8846 8935
f 8847 8848 8359
f 8849 8936 8853
f 8851 8937 8857
f 8850 8858 8369
f 8938 8855 8940
f 8939 8941 8854
f 8856 8942 8859
f 8861 8863 8373
f 8864 8943 8866
f 8869 8944 8870
f 8945 8946 8874
f 8875 8947 8876
f 8401 8880 8402
f 8949 8884 8948
f 8885 8950 8886
f 8889 8891 8415
f 8951 8952 8890
f 8954 8893 8955
f 8953 8956 8895
f 8418 8896 8419
f 8900 8902 8424
f 8423 8901 8425
f 8957 8904 8958
f 8959 8776 8774
f 8777 8960 8779
f 8683 8964 8682
f 8674 8965 8671
f 9152 8502 8501
f 9149 8500 9150
f 9151 8499 8498
f 9148 8492 8490
f 9146 8489 9147
f 9145 8441 8488
f 8482 8481 9160
f 9162 8477 8484
f 9164 8472 9166
f 9165 8473 8471
f 8466 8468 9168
f 9169 8467 8443
f 9172 8463 9174
f 9173 8462 8461
f 8526 9178 8527
f 8968 8529 8528
f 8967 8534 8531
f 8961 8519 8520
f 8962 8521 8522
f 8963 8523 8966
f 9179 8969 8970
f 8973 8974 9182
f 9181 8972 8971
f 8979 8975 9185
f 8978 9188 8976
f 9190 8981 8977
f 8984 9195 8986
f 9197 8988 8987
f 8991 9199 8990
f 9201 8992 8989
f 9205 8993 8994
f 9209 8995 9208
f 9213 8996 9211
f 9210 8997 8998
f 9219 8999 9218
f 9220 9004 9000
f 9224 9001 9221
f 9222 9002 9003
f 9225 9006 9005
f 9228 9007 9008
f 9232 9009 9231
f 9230 9010 9011
f 9235 9014 9234
f 9233 9013 9012
f 9015 9240 9018
f 9243 9016 9241
f 9242 9017 9019
f 9245 9022 9020
f 9246 9021 9244
f 9023 9247 9249
f 9251 9024 9250
f 9255 9026 9025
f 9033 9027 9256
f 9029 9259 9028
f 9264 9036 9262
f 9261 9035 9034
f 9265 9037 9038
f 9040 9270 9039
f 9273 9042 9272
f 9045 9283 9284
f 9285 9044 9046
f 9290 9052 9050
f 9296 9055 9292
f 9293 9053 9051
f 9298 9056 9058
f 9299 9057 9059
f 9060 9300 9301
f 9302 9062 9061
f 9304 9064 9065
f 9305 9066 9063
f 9070 9067 9309
f 9069 9311 9068
f 9313 9072 9073
f 9323 9076 9319
f 9320 9077 9074
f 9326 9078 9324
f 9325 9075 9079
f 9331 9086 9329
f 9328 9087 9081
f 9330 9080 9084
f 9332 9088 9085
f 9090 9342 9091
f 9345 9093 9092
f 9094 9346 9347
f 9350 9095 9348
f 9355 9098 9354
f 9353 9097 9096
f 9099 9357 9100
f 9102 9363 9104
f 9365 9105 9103
f 9107 9372 9108
f 9109 9373 9374
f 9375 9111 9110
f 9112 9377 9380
f 9115 9114 9383
f 9384 9113 9382
f 9388 9120 9118
f 9389 9117 9387
f 9386 9119 9116
f 9122 9397 9123
f 9398 9125 9124
f 9399 9127 9126
f 9130 9402 9131
f 9153 9177 9132
f 9134 9133 9175
f 9154 9176 8457
f 8460 9171 9155
f 9170 9136 9156
f 9157 9137 9135
f 9141 9140 9167
f 9163 9139 9138
f 9161 9143 9142
f 9159 9144 9158
f 9180 8224 8226
f 9183 8227 8228
f 9184 9186 8980
f 9187 8229 9189
f 8230 8232 9191
f 9192 9194 8982
f 8983 9196 8985
f 8231 8233 9193
f 8234 8236 9198
f 9200 8238 8239
f 9202 8240 9203
f 8241 8242 9204
f 9206 8246 9207
f 9212 8249 9215
f 9214 8250 8251
f 9216 8252 8253
f 9217 8254 8255
f 9223 8259 8260
f 9226 8261 8262
f 9227 8263 9229
f 8266 8268 9237
f 9236 8267 9239
f 8269 8270 9238
f 9248 8275 8277
f 9252 8281 8282
f 9253 8288 9254
f 9257 9260 9031
f 9032 9258 9030
f 9263 8296 8299
f 9268 8301 8302
f 9266 8303 9271
f 9267 9269 9041
f 8304 8305 9274
f 9275 8306 8308
f 9276 8307 9277
f 9278 8309 9280
f 9279 8310 8311
f 9281 9282 9043
f 9286 9288 9049
f 9048 9287 9047
f 9289 8314 8316
f 8315 8317 9291
f 9295 8318 8319
f 9294 9297 9054
f 9303 8325 8327
f 9306 8332 8333
f 8334 8335 9307
f 9308 9310 9071
f 9312 8337 8338
f 9314 8342 9315
f 9316 8343 9317
f 9318 8344 9321
f 9322 8345 8347
f 9082 9327 9083
f 9333 8354 9334
f 9335 8358 9337
f 9336 9338 9089
f 9339 8360 8361
f 8362 8364 9340
f 9341 8363 9343
f 8365 8366 9344
f 9349 8370 8371
f 9351 8374 9352
f 9356 8375 8376
f 9358 8377 9360
f 9359 9361 9101
f 9362 8381 8382
f 9364 8383 8384
f 9366 8385 8388
f 9367 9368 9106
f 9369 8390 9371
f 9370 8391 8392
f 9376 8395 9379
f 9378 8394 8396
f 9381 8397 8399
f 9385 8406 8407
f 9390 8408 9392
f 8409 8410 9391
f 9393 8411 9395
f 9394 9396 9121
f 9400 8427 8429
f 9128 9401 9129
f 9403 8430 8432
f 9404 8431 9405
f 9406 8435 8445
f 9408 9407 9409
f 9413 9411 9414
f 8219 9410 9412
f 8613 8218 9415
f 8216 8614 8217
f 8215 9416 9417
f 9418 8611 9419
f 9420 8214 9421
f 8608 8213 9422
f 8212 8609 9423
f 9424 8210 8211
f 8610 8209 9425
f 9426 8612 9427
f 9430 9428 9429
f 9433 9435 9437
f 9449 9448 9450
f 9451 9447 9446
f 9459 9453 9461
f 9460 9452 9454
f 9471 9455 9469
f 9468 9456 9467
f 9476 9472 9473
f 9475 9457 9474
f 9479 9466 9464
f 9480 9477 9481
f 9485 9482 9483
f 9488 9484 9486
f 9487 9490 9442
f 9495 9493 9492
f 9496 9494 9497
f 9502 9498 9504
f 9505 9499 9500
f 9503 9509 9501
f 9511 9512 9510
f 9439 9441 9440
f 9513 9507 9514
f 9515 9508 9506
f 9516 9491 9489
f 9517 9478 9465
f 9518 9463 9443
f 9519 9470 9445
f 9524 9444 9525
f 9523 9526 9522
f 9521 9527 9520
f 9533 9534 9532
f 9531 9535 9530
f 9529 9436 9528
f 9432 9434 9438
f 9538 9536 9539
f 9541 9537 9543
f 9546 9547 9545
f 9544 9551 9542
f 9540 9550 9553
f 9462 9431 9552
f 9458 9549 9548
f 9559 9563 9564
f 9558 9565 9562
f 9561 9566 9557
f 9560 9567 9556
f 9554 9568 9555
f 9580 9573 9578
f 9579 9574 9572
f 9577 9575 9576
f 9583 9570 9569
f 9582 9571 9581
f 9590 9587 9591
f 9593 9588 9594
f 9604 9599 9607
f 9605 9600 9609
f 9608 9601 9602
f 9610 9603 9611
f 9613 9606 9614
f 9615 9589 9612
f 9596 9616 9617
f 9618 9597 9595
f 9622 9620 9619
f 9584 9585 9586
f 9623 9621 9624
f 9629 9625 9626
f 9630 9627 9628
f 9632 9592 9631
f 9598 9633 9634
f 9635 9643 9639
f 9641 9644 9645
f 9646 9642 9647
f 9637 9648 9638
f 9636 9649 9650
f 9640 9652 9651
f 9661 9662 9666
f 9657 9663 9655
f 9655 9663 9661
f 9661 9663 9657
f 9653 9665 9659
f 9658 9667 9669
f 9655 9656 9660
f 9655 9660 9654
f 9654 9660 9656
f 9654 9656 9653
f 9653 9656 9665
f 9665 9656 9659
f 9666 9662 9674
f 9666 9674 9671
f 9671 9674 9672
f 9668 9653 9664
f 9668 9664 9670
f 9668 9670 9673
f 9673 9670 9664
f 9654 9667 9658
f 9654 9658 9669
f 9671 9672 9666
f 9662 9661 9675
f 9662 9675 9676
f 9662 9676 9674
f 9687 9685 9686
f 9681 9684 9680
f 9681 9680 9677
f 9693 9695 9696
f 9693 9698 9695
f 9695 9698 9696
f 9691 9680 9688
f 9681 9687 9686
f 9700 9689 9677
f 9699 9681 9686
f 9694 9682 9701
f 9694 9678 9682
f 9682 9678 9701
f 9681 9679 9684
f 9684 9679 9680
f 9680 9679 9702
f 9680 9702 9688
f 9688 9702 9691
f 9677 9685 9683
f 9683 9685 9687
f 9683 9687 9677
f 9677 9689 9690
f 9690 9689 9700
f 9677 9676 9685
f 9685 9676 9703
f 9685 9703 9686
f 9686 9703 9699
f 9697 9704 9692
f 9705 9708 9721
f 9710 9718 9719
f 9717 9725 9724
f 9726 9728 9727
f 9722 9729 9720
f 9715 9730 9723
f 9713 9711 9735
f 9706 9714 9739
f 9742 9744 9745
f 9709 9740 9716
f 9707 9738 9732
f 9712 9736 9737
f 9734 9743 9741
f 9733 9731 9746
